source_dir,policy,backbone,label,num_tasks,split,env_id,level,task,SR,SubSR,episodes,timestamp,task_base
gr00t,gr00t,unknown,gr00t,15,seen,L3_TwoRobotStirSpoon-v1,L3,TwoRobotStirSpoon,0.3,0.7370076984167099,10,2026-05-24T14:55:23,TwoRobotStirSpoon
gr00t,gr00t,unknown,gr00t,15,seen,L0_TwoRobotPlacePlateRack-v1,L0,TwoRobotPlacePlateRack,0.6,0.8901702374219894,10,2026-05-24T15:09:43,TwoRobotPlacePlateRack
gr00t,gr00t,unknown,gr00t,15,seen,L1_TwoRobotStirSpoon-v1,L1,TwoRobotStirSpoon,0.0,0.6753143593668938,10,2026-05-24T13:59:27,TwoRobotStirSpoon
gr00t,gr00t,unknown,gr00t,15,seen,L2_TwoRobotStirSpoon-v1,L2,TwoRobotStirSpoon,0.4,0.802543294429779,10,2026-05-24T13:59:28,TwoRobotStirSpoon
gr00t,gr00t,unknown,gr00t,15,seen,L0_TwoRobotStirSpoon-v1,L0,TwoRobotStirSpoon,0.6,0.7275654911994934,10,2026-05-24T13:59:29,TwoRobotStirSpoon
gr00t,gr00t,unknown,gr00t,15,seen,L2_TwoRobotPlacePlateRack-v1,L2,TwoRobotPlacePlateRack,0.3,0.6685172379016876,10,2026-05-24T14:05:03,TwoRobotPlacePlateRack
gr00t,gr00t,unknown,gr00t,15,seen,L1_TwoRobotPlacePlateRack-v1,L1,TwoRobotPlacePlateRack,0.7,0.9302170515060424,10,2026-05-24T14:05:51,TwoRobotPlacePlateRack
gr00t,gr00t,unknown,gr00t,15,seen,L1_TwoRobotPlaceFileFolder-v1,L1,TwoRobotPlaceFileFolder,0.0,0.518336397409439,10,2026-05-24T14:10:24,TwoRobotPlaceFileFolder
gr00t,gr00t,unknown,gr00t,15,seen,L0_TwoRobotPlaceFileFolder-v1,L0,TwoRobotPlaceFileFolder,0.0,0.5406217992305755,10,2026-05-24T14:10:25,TwoRobotPlaceFileFolder
gr00t,gr00t,unknown,gr00t,15,seen,L3_TwoRobotPlacePlateRack-v1,L3,TwoRobotPlacePlateRack,0.8,0.9680381834506988,10,2026-05-24T14:11:11,TwoRobotPlacePlateRack
gr00t,gr00t,unknown,gr00t,15,seen,L3_TwoRobotPlaceFileFolder-v1,L3,TwoRobotPlaceFileFolder,0.4,0.6490851163864135,10,2026-05-24T14:16:39,TwoRobotPlaceFileFolder
gr00t,gr00t,unknown,gr00t,15,seen,L2_TwoRobotPlaceFileFolder-v1,L2,TwoRobotPlaceFileFolder,0.6,0.920921555161476,10,2026-05-24T14:17:01,TwoRobotPlaceFileFolder
gr00t,gr00t,unknown,gr00t,15,seen,L0_TwoRobotPlaceMugRack-v1,L0,TwoRobotPlaceMugRack,0.0,0.9072109699249268,10,2026-05-24T14:31:58,TwoRobotPlaceMugRack
gr00t,gr00t,unknown,gr00t,15,seen,L1_TwoRobotFoldTowel-v1,L1,TwoRobotFoldTowel,0.0,0.5012538358569145,10,2026-05-24T14:36:31,TwoRobotFoldTowel
gr00t,gr00t,unknown,gr00t,15,seen,L0_TwoRobotFoldTowel-v1,L0,TwoRobotFoldTowel,0.0,0.6537958323955536,10,2026-05-24T14:36:31,TwoRobotFoldTowel
gr00t,gr00t,unknown,gr00t,15,seen,L2_TwoRobotFoldTowel-v1,L2,TwoRobotFoldTowel,0.0,0.500052934885025,10,2026-05-24T14:38:04,TwoRobotFoldTowel
gr00t,gr00t,unknown,gr00t,15,seen,L3_TwoRobotFoldTowel-v1,L3,TwoRobotFoldTowel,0.0,0.6369909256696701,10,2026-05-24T14:44:45,TwoRobotFoldTowel
gr00t,gr00t,unknown,gr00t,15,seen,L1_TwoRobotPlaceMugRack-v1,L1,TwoRobotPlaceMugRack,0.0,0.9534936964511872,10,2026-05-24T14:46:43,TwoRobotPlaceMugRack
gr00t,gr00t,unknown,gr00t,15,seen,L3_TwoRobotPlaceMugRack-v1,L3,TwoRobotPlaceMugRack,1.0,1.0,10,2026-05-24T14:49:46,TwoRobotPlaceMugRack
gr00t,gr00t,unknown,gr00t,15,seen,L2_TwoRobotPlaceMugRack-v1,L2,TwoRobotPlaceMugRack,0.2,0.8077791929244995,10,2026-05-24T14:50:55,TwoRobotPlaceMugRack
gr00t,gr00t,unknown,gr00t,15,unseen,L0_TwoRobotScanMilkBox-v1,L0,TwoRobotScanMilkBox,0.0,0.2476862758398056,10,2026-05-24T15:29:22,TwoRobotScanMilkBox
gr00t,gr00t,unknown,gr00t,15,unseen,L2_TwoRobotPickRemoteControl-v1,L2,TwoRobotPickRemoteControl,0.0,0.0188668967224657,10,2026-05-24T15:32:14,TwoRobotPickRemoteControl
gr00t,gr00t,unknown,gr00t,15,unseen,L1_TwoRobotPickRemoteControl-v1,L1,TwoRobotPickRemoteControl,0.0,0.1516736611723899,10,2026-05-24T15:32:38,TwoRobotPickRemoteControl
gr00t,gr00t,unknown,gr00t,15,unseen,L0_TwoRobotPickRemoteControl-v1,L0,TwoRobotPickRemoteControl,0.0,0.0814234599471092,10,2026-05-24T15:32:50,TwoRobotPickRemoteControl
gr00t,gr00t,unknown,gr00t,15,unseen,L3_TwoRobotPickRemoteControl-v1,L3,TwoRobotPickRemoteControl,0.0,0.2003289371728897,10,2026-05-24T15:32:50,TwoRobotPickRemoteControl
gr00t,gr00t,unknown,gr00t,15,unseen,L1_TwoRobotPourKettle-v1,L1,TwoRobotPourKettle,0.0,0.1440629608929157,10,2026-05-24T15:43:21,TwoRobotPourKettle
gr00t,gr00t,unknown,gr00t,15,unseen,L0_TwoRobotPourKettle-v1,L0,TwoRobotPourKettle,0.1,0.3315732419490814,10,2026-05-24T15:43:23,TwoRobotPourKettle
gr00t,gr00t,unknown,gr00t,15,unseen,L3_TwoRobotScanMilkBox-v1,L3,TwoRobotScanMilkBox,0.0,0.0869060397148132,10,2026-05-24T15:44:41,TwoRobotScanMilkBox
gr00t,gr00t,unknown,gr00t,15,unseen,L1_TwoRobotScanMilkBox-v1,L1,TwoRobotScanMilkBox,0.0,0.3646951407194138,10,2026-05-24T15:44:58,TwoRobotScanMilkBox
gr00t,gr00t,unknown,gr00t,15,unseen,L2_TwoRobotScanMilkBox-v1,L2,TwoRobotScanMilkBox,0.0,0.0149886330589652,10,2026-05-24T15:46:33,TwoRobotScanMilkBox
gr00t,gr00t,unknown,gr00t,15,unseen,L3_TwoRobotPourKettle-v1,L3,TwoRobotPourKettle,0.0,0.0907679166644811,10,2026-05-24T15:54:13,TwoRobotPourKettle
gr00t,gr00t,unknown,gr00t,15,unseen,L2_TwoRobotPourKettle-v1,L2,TwoRobotPourKettle,0.0,0.0162007809616625,10,2026-05-24T15:54:21,TwoRobotPourKettle
gr00t,gr00t,unknown,gr00t,15,unseen,L1_TwoRobotPickFood-v1,L1,TwoRobotPickFood,0.0,0.2458973184227943,10,2026-05-24T15:57:20,TwoRobotPickFood
gr00t,gr00t,unknown,gr00t,15,unseen,L0_TwoRobotPickFood-v1,L0,TwoRobotPickFood,0.0,0.1592015996575355,10,2026-05-24T15:57:27,TwoRobotPickFood
gr00t,gr00t,unknown,gr00t,15,unseen,L2_TwoRobotPickFood-v1,L2,TwoRobotPickFood,0.0,0.0257671564817428,10,2026-05-24T15:58:58,TwoRobotPickFood
gr00t,gr00t,unknown,gr00t,15,unseen,L1_TwoRobotFoldBox-v1,L1,TwoRobotFoldBox,0.0,0.0050914997467771,10,2026-05-24T16:07:59,TwoRobotFoldBox
gr00t,gr00t,unknown,gr00t,15,unseen,L2_TwoRobotFoldBox-v1,L2,TwoRobotFoldBox,0.0,0.0074523515067994,10,2026-05-24T16:08:16,TwoRobotFoldBox
gr00t,gr00t,unknown,gr00t,15,unseen,L3_TwoRobotPickFood-v1,L3,TwoRobotPickFood,0.0,0.162902919948101,10,2026-05-24T16:09:59,TwoRobotPickFood
gr00t,gr00t,unknown,gr00t,15,unseen,L3_TwoRobotFoldBox-v1,L3,TwoRobotFoldBox,0.0,0.0106511942576617,10,2026-05-24T16:10:36,TwoRobotFoldBox
gr00t,gr00t,unknown,gr00t,15,unseen,L0_TwoRobotFoldBox-v1,L0,TwoRobotFoldBox,0.2,0.169821130298078,10,2026-05-24T17:09:54,TwoRobotFoldBox
gr00t,gr00t,unknown,gr00t,15,unseen_finetune,L0_TwoRobotScanMilkBox-v1,L0,TwoRobotScanMilkBox,0.4,0.8137426435947418,10,2026-05-24T15:27:25,TwoRobotScanMilkBox
gr00t,gr00t,unknown,gr00t,15,unseen_finetune,L2_TwoRobotPickRemoteControl-v1,L2,TwoRobotPickRemoteControl,0.7,0.702687850035727,10,2026-05-24T15:33:01,TwoRobotPickRemoteControl
gr00t,gr00t,unknown,gr00t,15,unseen_finetune,L0_TwoRobotPickRemoteControl-v1,L0,TwoRobotPickRemoteControl,1.0,1.0,10,2026-05-24T15:33:10,TwoRobotPickRemoteControl
gr00t,gr00t,unknown,gr00t,15,unseen_finetune,L3_TwoRobotPickRemoteControl-v1,L3,TwoRobotPickRemoteControl,0.8,0.8599743187427521,10,2026-05-24T15:33:13,TwoRobotPickRemoteControl
gr00t,gr00t,unknown,gr00t,15,unseen_finetune,L1_TwoRobotPickRemoteControl-v1,L1,TwoRobotPickRemoteControl,0.5,0.7650075197219849,10,2026-05-24T15:33:18,TwoRobotPickRemoteControl
gr00t,gr00t,unknown,gr00t,15,unseen_finetune,L0_TwoRobotPourKettle-v1,L0,TwoRobotPourKettle,0.6,0.8784724116325379,10,2026-05-24T15:47:26,TwoRobotPourKettle
gr00t,gr00t,unknown,gr00t,15,unseen_finetune,L1_TwoRobotPourKettle-v1,L1,TwoRobotPourKettle,0.6,0.88381986618042,10,2026-05-24T15:47:28,TwoRobotPourKettle
gr00t,gr00t,unknown,gr00t,15,unseen_finetune,L3_TwoRobotScanMilkBox-v1,L3,TwoRobotScanMilkBox,0.0,0.4412197947502136,10,2026-05-24T15:49:11,TwoRobotScanMilkBox
gr00t,gr00t,unknown,gr00t,15,unseen_finetune,L1_TwoRobotScanMilkBox-v1,L1,TwoRobotScanMilkBox,0.4,0.8050717949867249,10,2026-05-24T15:49:22,TwoRobotScanMilkBox
gr00t,gr00t,unknown,gr00t,15,unseen_finetune,L2_TwoRobotScanMilkBox-v1,L2,TwoRobotScanMilkBox,0.3,0.4136446256190538,10,2026-05-24T15:50:56,TwoRobotScanMilkBox
gr00t,gr00t,unknown,gr00t,15,unseen_finetune,L2_TwoRobotPourKettle-v1,L2,TwoRobotPourKettle,0.0,0.0089665174949914,10,2026-05-24T16:02:20,TwoRobotPourKettle
gr00t,gr00t,unknown,gr00t,15,unseen_finetune,L3_TwoRobotPourKettle-v1,L3,TwoRobotPourKettle,0.8,0.9116320729255676,10,2026-05-24T16:02:27,TwoRobotPourKettle
gr00t,gr00t,unknown,gr00t,15,unseen_finetune,L1_TwoRobotPickFood-v1,L1,TwoRobotPickFood,0.5,0.7760522872209549,10,2026-05-24T16:05:26,TwoRobotPickFood
gr00t,gr00t,unknown,gr00t,15,unseen_finetune,L0_TwoRobotPickFood-v1,L0,TwoRobotPickFood,0.9,0.9275283962488174,10,2026-05-24T16:05:27,TwoRobotPickFood
gr00t,gr00t,unknown,gr00t,15,unseen_finetune,L2_TwoRobotPickFood-v1,L2,TwoRobotPickFood,0.0,0.4177293911576271,10,2026-05-24T16:06:21,TwoRobotPickFood
gr00t,gr00t,unknown,gr00t,15,unseen_finetune,L0_TwoRobotFoldBox-v1,L0,TwoRobotFoldBox,0.5,0.5049004600383341,10,2026-05-24T16:16:30,TwoRobotFoldBox
gr00t,gr00t,unknown,gr00t,15,unseen_finetune,L1_TwoRobotFoldBox-v1,L1,TwoRobotFoldBox,1.0,1.0,10,2026-05-24T16:17:54,TwoRobotFoldBox
gr00t,gr00t,unknown,gr00t,15,unseen_finetune,L2_TwoRobotFoldBox-v1,L2,TwoRobotFoldBox,0.9,1.0,10,2026-05-24T16:18:09,TwoRobotFoldBox
gr00t,gr00t,unknown,gr00t,15,unseen_finetune,L3_TwoRobotFoldBox-v1,L3,TwoRobotFoldBox,0.9,0.9159631833434104,10,2026-05-24T16:19:34,TwoRobotFoldBox
gr00t,gr00t,unknown,gr00t,15,unseen_finetune,L3_TwoRobotPickFood-v1,L3,TwoRobotPickFood,0.7,0.9250559628009796,10,2026-05-24T16:19:54,TwoRobotPickFood
gr00t,gr00t,unknown,gr00t,30,seen,L0_TwoRobotPlacePlateRack-v1,L0,TwoRobotPlacePlateRack,0.9,1.0,10,2026-05-24T15:35:47,TwoRobotPlacePlateRack
gr00t,gr00t,unknown,gr00t,30,seen,L0_TwoRobotStirSpoon-v1,L0,TwoRobotStirSpoon,0.2,0.8746598660945892,10,2026-05-24T14:02:57,TwoRobotStirSpoon
gr00t,gr00t,unknown,gr00t,30,seen,L1_TwoRobotStirSpoon-v1,L1,TwoRobotStirSpoon,0.0,0.5936990052461624,10,2026-05-24T14:02:59,TwoRobotStirSpoon
gr00t,gr00t,unknown,gr00t,30,seen,L2_TwoRobotStirSpoon-v1,L2,TwoRobotStirSpoon,0.0,0.4712426781654358,10,2026-05-24T14:03:13,TwoRobotStirSpoon
gr00t,gr00t,unknown,gr00t,30,seen,L1_TwoRobotPlacePlateRack-v1,L1,TwoRobotPlacePlateRack,0.6,0.6878780484199524,10,2026-05-24T14:10:07,TwoRobotPlacePlateRack
gr00t,gr00t,unknown,gr00t,30,seen,L0_TwoRobotPlaceFileFolder-v1,L0,TwoRobotPlaceFileFolder,0.8,0.9022910416126252,10,2026-05-24T14:18:22,TwoRobotPlaceFileFolder
gr00t,gr00t,unknown,gr00t,30,seen,L3_TwoRobotPlacePlateRack-v1,L3,TwoRobotPlacePlateRack,1.0,1.0,10,2026-05-24T14:19:28,TwoRobotPlacePlateRack
gr00t,gr00t,unknown,gr00t,30,seen,L1_TwoRobotPlaceFileFolder-v1,L1,TwoRobotPlaceFileFolder,0.7,0.8556295275688172,10,2026-05-24T14:27:58,TwoRobotPlaceFileFolder
gr00t,gr00t,unknown,gr00t,30,seen,L2_TwoRobotPlacePlateRack-v1,L2,TwoRobotPlacePlateRack,1.0,1.0,10,2026-05-24T14:29:32,TwoRobotPlacePlateRack
gr00t,gr00t,unknown,gr00t,30,seen,L2_TwoRobotPlaceFileFolder-v1,L2,TwoRobotPlaceFileFolder,0.3,0.4663410738110542,10,2026-05-24T14:37:46,TwoRobotPlaceFileFolder
gr00t,gr00t,unknown,gr00t,30,seen,L3_TwoRobotPlaceFileFolder-v1,L3,TwoRobotPlaceFileFolder,0.5,0.6984040379524231,10,2026-05-24T14:38:03,TwoRobotPlaceFileFolder
gr00t,gr00t,unknown,gr00t,30,seen,L0_TwoRobotFoldTowel-v1,L0,TwoRobotFoldTowel,0.3,0.587294838577509,10,2026-05-24T14:56:53,TwoRobotFoldTowel
gr00t,gr00t,unknown,gr00t,30,seen,L1_TwoRobotFoldTowel-v1,L1,TwoRobotFoldTowel,0.7,0.93589568734169,10,2026-05-24T14:58:12,TwoRobotFoldTowel
gr00t,gr00t,unknown,gr00t,30,seen,L2_TwoRobotFoldTowel-v1,L2,TwoRobotFoldTowel,0.0,0.4822738192975521,10,2026-05-24T15:03:36,TwoRobotFoldTowel
gr00t,gr00t,unknown,gr00t,30,seen,L3_TwoRobotFoldTowel-v1,L3,TwoRobotFoldTowel,0.0,0.5009522706270217,10,2026-05-24T15:04:36,TwoRobotFoldTowel
gr00t,gr00t,unknown,gr00t,30,seen,L0_TwoRobotPlaceMugRack-v1,L0,TwoRobotPlaceMugRack,0.4,0.8995028123259544,10,2026-05-24T15:10:24,TwoRobotPlaceMugRack
gr00t,gr00t,unknown,gr00t,30,seen,L1_TwoRobotPlaceMugRack-v1,L1,TwoRobotPlaceMugRack,0.7,0.985195916891098,10,2026-05-24T15:11:49,TwoRobotPlaceMugRack
gr00t,gr00t,unknown,gr00t,30,seen,L3_TwoRobotPlaceMugRack-v1,L3,TwoRobotPlaceMugRack,0.9,1.0,10,2026-05-24T15:19:49,TwoRobotPlaceMugRack
gr00t,gr00t,unknown,gr00t,30,seen,L2_TwoRobotPlaceMugRack-v1,L2,TwoRobotPlaceMugRack,0.6,0.991177237033844,10,2026-05-24T15:19:56,TwoRobotPlaceMugRack
gr00t,gr00t,unknown,gr00t,30,seen,L3_TwoRobotStirSpoon-v1,L3,TwoRobotStirSpoon,0.0,0.5300365909934044,10,2026-05-24T17:12:29,TwoRobotStirSpoon
gr00t,gr00t,unknown,gr00t,30,unseen,L0_TwoRobotScanMilkBox-v1,L0,TwoRobotScanMilkBox,0.1,0.3350684493780136,10,2026-05-24T17:28:29,TwoRobotScanMilkBox
gr00t,gr00t,unknown,gr00t,30,unseen,L2_TwoRobotPickRemoteControl-v1,L2,TwoRobotPickRemoteControl,0.0,0.0088390995282679,10,2026-05-24T17:31:26,TwoRobotPickRemoteControl
gr00t,gr00t,unknown,gr00t,30,unseen,L0_TwoRobotPickRemoteControl-v1,L0,TwoRobotPickRemoteControl,0.0,0.0419677782803773,10,2026-05-24T17:32:28,TwoRobotPickRemoteControl
gr00t,gr00t,unknown,gr00t,30,unseen,L1_TwoRobotPickRemoteControl-v1,L1,TwoRobotPickRemoteControl,0.0,0.1530321702361106,10,2026-05-24T17:32:40,TwoRobotPickRemoteControl
gr00t,gr00t,unknown,gr00t,30,unseen,L3_TwoRobotPickRemoteControl-v1,L3,TwoRobotPickRemoteControl,0.0,0.2303332954645157,10,2026-05-24T17:32:45,TwoRobotPickRemoteControl
gr00t,gr00t,unknown,gr00t,30,unseen,L1_TwoRobotPourKettle-v1,L1,TwoRobotPourKettle,0.0,0.1771489597856998,10,2026-05-24T17:41:37,TwoRobotPourKettle
gr00t,gr00t,unknown,gr00t,30,unseen,L0_TwoRobotPourKettle-v1,L0,TwoRobotPourKettle,0.0,0.4746064886450767,10,2026-05-24T17:42:10,TwoRobotPourKettle
gr00t,gr00t,unknown,gr00t,30,unseen,L1_TwoRobotScanMilkBox-v1,L1,TwoRobotScanMilkBox,0.0,0.3902684330940246,10,2026-05-24T17:43:25,TwoRobotScanMilkBox
gr00t,gr00t,unknown,gr00t,30,unseen,L3_TwoRobotScanMilkBox-v1,L3,TwoRobotScanMilkBox,0.0,0.1542397812008857,10,2026-05-24T17:43:50,TwoRobotScanMilkBox
gr00t,gr00t,unknown,gr00t,30,unseen,L2_TwoRobotScanMilkBox-v1,L2,TwoRobotScanMilkBox,0.0,0.0276141840964555,10,2026-05-24T17:44:44,TwoRobotScanMilkBox
gr00t,gr00t,unknown,gr00t,30,unseen,L2_TwoRobotPourKettle-v1,L2,TwoRobotPourKettle,0.0,0.0046962181804701,10,2026-05-24T17:51:25,TwoRobotPourKettle
gr00t,gr00t,unknown,gr00t,30,unseen,L3_TwoRobotPourKettle-v1,L3,TwoRobotPourKettle,0.0,0.0381777403876185,10,2026-05-24T17:51:40,TwoRobotPourKettle
gr00t,gr00t,unknown,gr00t,30,unseen,L1_TwoRobotPickFood-v1,L1,TwoRobotPickFood,0.0,0.2802761286497116,10,2026-05-24T17:54:59,TwoRobotPickFood
gr00t,gr00t,unknown,gr00t,30,unseen,L0_TwoRobotPickFood-v1,L0,TwoRobotPickFood,0.0,0.2143347725272178,10,2026-05-24T17:55:12,TwoRobotPickFood
gr00t,gr00t,unknown,gr00t,30,unseen,L2_TwoRobotPickFood-v1,L2,TwoRobotPickFood,0.0,0.0044240772724151,10,2026-05-24T17:56:24,TwoRobotPickFood
gr00t,gr00t,unknown,gr00t,30,unseen,L0_TwoRobotFoldBox-v1,L0,TwoRobotFoldBox,0.0,0.0103918591048568,10,2026-05-24T17:59:43,TwoRobotFoldBox
gr00t,gr00t,unknown,gr00t,30,unseen,L1_TwoRobotFoldBox-v1,L1,TwoRobotFoldBox,0.0,0.0031219836324453,10,2026-05-24T18:03:09,TwoRobotFoldBox
gr00t,gr00t,unknown,gr00t,30,unseen,L2_TwoRobotFoldBox-v1,L2,TwoRobotFoldBox,0.2,0.2060299046337604,10,2026-05-24T18:03:12,TwoRobotFoldBox
gr00t,gr00t,unknown,gr00t,30,unseen,L3_TwoRobotPickFood-v1,L3,TwoRobotPickFood,0.0,0.2078369557857513,10,2026-05-24T18:03:18,TwoRobotPickFood
gr00t,gr00t,unknown,gr00t,30,unseen,L3_TwoRobotFoldBox-v1,L3,TwoRobotFoldBox,0.0,0.0110537740401923,10,2026-05-24T18:04:52,TwoRobotFoldBox
gr00t,gr00t,unknown,gr00t,30,unseen_finetune,L1_TwoRobotPickRemoteControl-v1,L1,TwoRobotPickRemoteControl,0.8,0.932300227880478,10,2026-05-24T16:28:51,TwoRobotPickRemoteControl
gr00t,gr00t,unknown,gr00t,30,unseen_finetune,L0_TwoRobotScanMilkBox-v1,L0,TwoRobotScanMilkBox,0.5,0.8564930260181427,10,2026-05-24T15:27:24,TwoRobotScanMilkBox
gr00t,gr00t,unknown,gr00t,30,unseen_finetune,L1_TwoRobotScanMilkBox-v1,L1,TwoRobotScanMilkBox,0.9,0.966975861787796,10,2026-05-24T15:30:12,TwoRobotScanMilkBox
gr00t,gr00t,unknown,gr00t,30,unseen_finetune,L2_TwoRobotPickRemoteControl-v1,L2,TwoRobotPickRemoteControl,0.9,0.9007120656780898,10,2026-05-24T15:33:00,TwoRobotPickRemoteControl
gr00t,gr00t,unknown,gr00t,30,unseen_finetune,L0_TwoRobotPickRemoteControl-v1,L0,TwoRobotPickRemoteControl,0.8,0.9356039226055144,10,2026-05-24T15:33:13,TwoRobotPickRemoteControl
gr00t,gr00t,unknown,gr00t,30,unseen_finetune,L3_TwoRobotPickRemoteControl-v1,L3,TwoRobotPickRemoteControl,0.4,0.7439291179180145,10,2026-05-24T15:33:15,TwoRobotPickRemoteControl
gr00t,gr00t,unknown,gr00t,30,unseen_finetune,L1_TwoRobotPourKettle-v1,L1,TwoRobotPourKettle,0.5,0.853847187757492,10,2026-05-24T15:47:29,TwoRobotPourKettle
gr00t,gr00t,unknown,gr00t,30,unseen_finetune,L0_TwoRobotPourKettle-v1,L0,TwoRobotPourKettle,1.0,1.0,10,2026-05-24T15:47:32,TwoRobotPourKettle
gr00t,gr00t,unknown,gr00t,30,unseen_finetune,L2_TwoRobotPourKettle-v1,L2,TwoRobotPourKettle,0.0,0.026567387767136,10,2026-05-24T15:47:37,TwoRobotPourKettle
gr00t,gr00t,unknown,gr00t,30,unseen_finetune,L3_TwoRobotScanMilkBox-v1,L3,TwoRobotScanMilkBox,0.6,0.767926961183548,10,2026-05-24T15:47:44,TwoRobotScanMilkBox
gr00t,gr00t,unknown,gr00t,30,unseen_finetune,L2_TwoRobotScanMilkBox-v1,L2,TwoRobotScanMilkBox,0.5,0.5815254941582679,10,2026-05-24T15:48:21,TwoRobotScanMilkBox
gr00t,gr00t,unknown,gr00t,30,unseen_finetune,L3_TwoRobotPourKettle-v1,L3,TwoRobotPourKettle,0.9,0.9269921779632568,10,2026-05-24T16:02:31,TwoRobotPourKettle
gr00t,gr00t,unknown,gr00t,30,unseen_finetune,L2_TwoRobotPickFood-v1,L2,TwoRobotPickFood,0.2,0.4174312621355057,10,2026-05-24T16:04:32,TwoRobotPickFood
gr00t,gr00t,unknown,gr00t,30,unseen_finetune,L1_TwoRobotPickFood-v1,L1,TwoRobotPickFood,0.8,0.951194715499878,10,2026-05-24T16:04:33,TwoRobotPickFood
gr00t,gr00t,unknown,gr00t,30,unseen_finetune,L0_TwoRobotPickFood-v1,L0,TwoRobotPickFood,0.8,0.9531875133514404,10,2026-05-24T16:04:36,TwoRobotPickFood
gr00t,gr00t,unknown,gr00t,30,unseen_finetune,L3_TwoRobotPickFood-v1,L3,TwoRobotPickFood,0.9,0.9715298414230348,10,2026-05-24T16:04:52,TwoRobotPickFood
gr00t,gr00t,unknown,gr00t,30,unseen_finetune,L3_TwoRobotFoldBox-v1,L3,TwoRobotFoldBox,1.0,1.0,10,2026-05-24T16:19:50,TwoRobotFoldBox
gr00t,gr00t,unknown,gr00t,30,unseen_finetune,L0_TwoRobotFoldBox-v1,L0,TwoRobotFoldBox,0.6,0.6042867312207818,10,2026-05-24T16:16:30,TwoRobotFoldBox
gr00t,gr00t,unknown,gr00t,30,unseen_finetune,L1_TwoRobotFoldBox-v1,L1,TwoRobotFoldBox,1.0,1.0,10,2026-05-24T16:17:17,TwoRobotFoldBox
gr00t,gr00t,unknown,gr00t,30,unseen_finetune,L2_TwoRobotFoldBox-v1,L2,TwoRobotFoldBox,1.0,1.0,10,2026-05-24T16:17:36,TwoRobotFoldBox
gr00t,gr00t,unknown,gr00t,45,seen,L0_TwoRobotPlacePlateRack-v1,L0,TwoRobotPlacePlateRack,0.6,0.8692356944084167,10,2026-05-24T15:00:54,TwoRobotPlacePlateRack
gr00t,gr00t,unknown,gr00t,45,seen,L0_TwoRobotStirSpoon-v1,L0,TwoRobotStirSpoon,0.8,0.9448046684265136,10,2026-05-24T13:59:29,TwoRobotStirSpoon
gr00t,gr00t,unknown,gr00t,45,seen,L2_TwoRobotStirSpoon-v1,L2,TwoRobotStirSpoon,0.3,0.736711397767067,10,2026-05-24T13:59:31,TwoRobotStirSpoon
gr00t,gr00t,unknown,gr00t,45,seen,L2_TwoRobotPlacePlateRack-v1,L2,TwoRobotPlacePlateRack,0.7,1.0,10,2026-05-24T15:01:12,TwoRobotPlacePlateRack
gr00t,gr00t,unknown,gr00t,45,seen,L1_TwoRobotStirSpoon-v1,L1,TwoRobotStirSpoon,0.8,0.9304606437683104,10,2026-05-24T13:59:34,TwoRobotStirSpoon
gr00t,gr00t,unknown,gr00t,45,seen,L3_TwoRobotStirSpoon-v1,L3,TwoRobotStirSpoon,0.6,0.7697234824299812,10,2026-05-24T13:59:39,TwoRobotStirSpoon
gr00t,gr00t,unknown,gr00t,45,seen,L1_TwoRobotPlacePlateRack-v1,L1,TwoRobotPlacePlateRack,1.0,1.0,10,2026-05-24T14:06:01,TwoRobotPlacePlateRack
gr00t,gr00t,unknown,gr00t,45,seen,L2_TwoRobotPlaceFileFolder-v1,L2,TwoRobotPlaceFileFolder,0.7,0.7718723833560943,10,2026-05-24T14:10:34,TwoRobotPlaceFileFolder
gr00t,gr00t,unknown,gr00t,45,seen,L0_TwoRobotPlaceFileFolder-v1,L0,TwoRobotPlaceFileFolder,0.9,0.9601997196674348,10,2026-05-24T14:10:34,TwoRobotPlaceFileFolder
gr00t,gr00t,unknown,gr00t,45,seen,L1_TwoRobotPlaceFileFolder-v1,L1,TwoRobotPlaceFileFolder,0.9,0.9557731926441192,10,2026-05-24T14:10:37,TwoRobotPlaceFileFolder
gr00t,gr00t,unknown,gr00t,45,seen,L3_TwoRobotPlacePlateRack-v1,L3,TwoRobotPlacePlateRack,0.9,0.9544772624969482,10,2026-05-24T14:11:11,TwoRobotPlacePlateRack
gr00t,gr00t,unknown,gr00t,45,seen,L3_TwoRobotPlaceFileFolder-v1,L3,TwoRobotPlaceFileFolder,0.9,0.9460180819034576,10,2026-05-24T14:16:45,TwoRobotPlaceFileFolder
gr00t,gr00t,unknown,gr00t,45,seen,L0_TwoRobotPlaceMugRack-v1,L0,TwoRobotPlaceMugRack,1.0,1.0,10,2026-05-24T14:31:58,TwoRobotPlaceMugRack
gr00t,gr00t,unknown,gr00t,45,seen,L1_TwoRobotFoldTowel-v1,L1,TwoRobotFoldTowel,0.7,0.8790805995464325,10,2026-05-24T14:36:53,TwoRobotFoldTowel
gr00t,gr00t,unknown,gr00t,45,seen,L0_TwoRobotFoldTowel-v1,L0,TwoRobotFoldTowel,0.9,0.9261008381843568,10,2026-05-24T14:36:59,TwoRobotFoldTowel
gr00t,gr00t,unknown,gr00t,45,seen,L2_TwoRobotFoldTowel-v1,L2,TwoRobotFoldTowel,0.6,0.8315857142210007,10,2026-05-24T14:37:31,TwoRobotFoldTowel
gr00t,gr00t,unknown,gr00t,45,seen,L3_TwoRobotFoldTowel-v1,L3,TwoRobotFoldTowel,0.5,0.9060921937227248,10,2026-05-24T14:39:02,TwoRobotFoldTowel
gr00t,gr00t,unknown,gr00t,45,seen,L1_TwoRobotPlaceMugRack-v1,L1,TwoRobotPlaceMugRack,0.6,0.9701028287410736,10,2026-05-24T14:46:43,TwoRobotPlaceMugRack
gr00t,gr00t,unknown,gr00t,45,seen,L3_TwoRobotPlaceMugRack-v1,L3,TwoRobotPlaceMugRack,0.9,1.0,10,2026-05-24T14:49:44,TwoRobotPlaceMugRack
gr00t,gr00t,unknown,gr00t,45,seen,L2_TwoRobotPlaceMugRack-v1,L2,TwoRobotPlaceMugRack,0.6,0.9609656214714052,10,2026-05-24T14:50:53,TwoRobotPlaceMugRack
gr00t,gr00t,unknown,gr00t,45,unseen,L0_TwoRobotPickRemoteControl-v1,L0,TwoRobotPickRemoteControl,0.0,0.1612697385251522,10,2026-05-24T16:05:59,TwoRobotPickRemoteControl
gr00t,gr00t,unknown,gr00t,45,unseen,L0_TwoRobotScanMilkBox-v1,L0,TwoRobotScanMilkBox,0.1,0.5555194765329361,10,2026-05-24T15:19:38,TwoRobotScanMilkBox
gr00t,gr00t,unknown,gr00t,45,unseen,L1_TwoRobotScanMilkBox-v1,L1,TwoRobotScanMilkBox,0.0,0.5924341350793838,10,2026-05-24T15:19:53,TwoRobotScanMilkBox
gr00t,gr00t,unknown,gr00t,45,unseen,L2_TwoRobotPickRemoteControl-v1,L2,TwoRobotPickRemoteControl,0.0,0.0390638032462447,10,2026-05-24T15:23:02,TwoRobotPickRemoteControl
gr00t,gr00t,unknown,gr00t,45,unseen,L3_TwoRobotPickRemoteControl-v1,L3,TwoRobotPickRemoteControl,0.0,0.275313563644886,10,2026-05-24T15:23:30,TwoRobotPickRemoteControl
gr00t,gr00t,unknown,gr00t,45,unseen,L1_TwoRobotPickRemoteControl-v1,L1,TwoRobotPickRemoteControl,0.0,0.2105571925640106,10,2026-05-24T15:23:30,TwoRobotPickRemoteControl
gr00t,gr00t,unknown,gr00t,45,unseen,L3_TwoRobotScanMilkBox-v1,L3,TwoRobotScanMilkBox,0.0,0.2004823014140129,10,2026-05-24T15:34:11,TwoRobotScanMilkBox
gr00t,gr00t,unknown,gr00t,45,unseen,L1_TwoRobotPourKettle-v1,L1,TwoRobotPourKettle,0.0,0.1562783490866422,10,2026-05-24T15:34:48,TwoRobotPourKettle
gr00t,gr00t,unknown,gr00t,45,unseen,L2_TwoRobotPourKettle-v1,L2,TwoRobotPourKettle,0.0,0.0426953432150185,10,2026-05-24T15:35:06,TwoRobotPourKettle
gr00t,gr00t,unknown,gr00t,45,unseen,L0_TwoRobotPourKettle-v1,L0,TwoRobotPourKettle,0.0,0.2161962673068046,10,2026-05-24T15:35:16,TwoRobotPourKettle
gr00t,gr00t,unknown,gr00t,45,unseen,L2_TwoRobotScanMilkBox-v1,L2,TwoRobotScanMilkBox,0.2,0.310313219577074,10,2026-05-24T15:36:10,TwoRobotScanMilkBox
gr00t,gr00t,unknown,gr00t,45,unseen,L3_TwoRobotPourKettle-v1,L3,TwoRobotPourKettle,0.0,0.0445385141298174,10,2026-05-24T15:44:45,TwoRobotPourKettle
gr00t,gr00t,unknown,gr00t,45,unseen,L0_TwoRobotPickFood-v1,L0,TwoRobotPickFood,0.0,0.3079649671912193,10,2026-05-24T15:47:32,TwoRobotPickFood
gr00t,gr00t,unknown,gr00t,45,unseen,L2_TwoRobotPickFood-v1,L2,TwoRobotPickFood,0.0,0.0101807087659835,10,2026-05-24T15:48:01,TwoRobotPickFood
gr00t,gr00t,unknown,gr00t,45,unseen,L1_TwoRobotPickFood-v1,L1,TwoRobotPickFood,0.0,0.2685214966535568,10,2026-05-24T15:48:03,TwoRobotPickFood
gr00t,gr00t,unknown,gr00t,45,unseen,L3_TwoRobotPickFood-v1,L3,TwoRobotPickFood,0.0,0.2826796248555183,10,2026-05-24T15:48:21,TwoRobotPickFood
gr00t,gr00t,unknown,gr00t,45,unseen,L0_TwoRobotFoldBox-v1,L0,TwoRobotFoldBox,0.0,0.0098353059962391,10,2026-05-24T15:54:06,TwoRobotFoldBox
gr00t,gr00t,unknown,gr00t,45,unseen,L1_TwoRobotFoldBox-v1,L1,TwoRobotFoldBox,0.0,0.0040013383608311,10,2026-05-24T15:57:11,TwoRobotFoldBox
gr00t,gr00t,unknown,gr00t,45,unseen,L2_TwoRobotFoldBox-v1,L2,TwoRobotFoldBox,0.8,0.8504455253481865,10,2026-05-24T15:58:12,TwoRobotFoldBox
gr00t,gr00t,unknown,gr00t,45,unseen,L3_TwoRobotFoldBox-v1,L3,TwoRobotFoldBox,0.0,0.0119066476356238,10,2026-05-24T15:58:26,TwoRobotFoldBox
gr00t,gr00t,unknown,gr00t,45,unseen_finetune,L0_TwoRobotScanMilkBox-v1,L0,TwoRobotScanMilkBox,0.8,0.9401525676250456,10,2026-05-24T15:27:37,TwoRobotScanMilkBox
gr00t,gr00t,unknown,gr00t,45,unseen_finetune,L2_TwoRobotPickRemoteControl-v1,L2,TwoRobotPickRemoteControl,0.5,0.5212421604432166,10,2026-05-24T15:33:01,TwoRobotPickRemoteControl
gr00t,gr00t,unknown,gr00t,45,unseen_finetune,L0_TwoRobotPickRemoteControl-v1,L0,TwoRobotPickRemoteControl,0.6,0.7186065167188644,10,2026-05-24T15:33:13,TwoRobotPickRemoteControl
gr00t,gr00t,unknown,gr00t,45,unseen_finetune,L1_TwoRobotPickRemoteControl-v1,L1,TwoRobotPickRemoteControl,1.0,1.0,10,2026-05-24T15:33:14,TwoRobotPickRemoteControl
gr00t,gr00t,unknown,gr00t,45,unseen_finetune,L3_TwoRobotPickRemoteControl-v1,L3,TwoRobotPickRemoteControl,0.8,0.863767021894455,10,2026-05-24T15:33:14,TwoRobotPickRemoteControl
gr00t,gr00t,unknown,gr00t,45,unseen_finetune,L0_TwoRobotPourKettle-v1,L0,TwoRobotPourKettle,0.9,0.9679094970226289,10,2026-05-24T15:47:30,TwoRobotPourKettle
gr00t,gr00t,unknown,gr00t,45,unseen_finetune,L1_TwoRobotPourKettle-v1,L1,TwoRobotPourKettle,0.7,0.9048868596553804,10,2026-05-24T15:47:32,TwoRobotPourKettle
gr00t,gr00t,unknown,gr00t,45,unseen_finetune,L3_TwoRobotScanMilkBox-v1,L3,TwoRobotScanMilkBox,0.7,0.8310513973236084,10,2026-05-24T15:49:11,TwoRobotScanMilkBox
gr00t,gr00t,unknown,gr00t,45,unseen_finetune,L1_TwoRobotScanMilkBox-v1,L1,TwoRobotScanMilkBox,0.8,0.930735754966736,10,2026-05-24T15:49:30,TwoRobotScanMilkBox
gr00t,gr00t,unknown,gr00t,45,unseen_finetune,L3_TwoRobotPourKettle-v1,L3,TwoRobotPourKettle,0.9,0.9338494330644608,10,2026-05-24T16:05:35,TwoRobotPourKettle
gr00t,gr00t,unknown,gr00t,45,unseen_finetune,L2_TwoRobotPourKettle-v1,L2,TwoRobotPourKettle,0.0,0.0121764103416353,10,2026-05-24T16:05:41,TwoRobotPourKettle
gr00t,gr00t,unknown,gr00t,45,unseen_finetune,L1_TwoRobotPickFood-v1,L1,TwoRobotPickFood,0.8,0.947458791732788,10,2026-05-24T16:09:11,TwoRobotPickFood
gr00t,gr00t,unknown,gr00t,45,unseen_finetune,L0_TwoRobotPickFood-v1,L0,TwoRobotPickFood,0.7,0.9114969611167908,10,2026-05-24T16:09:13,TwoRobotPickFood
gr00t,gr00t,unknown,gr00t,45,unseen_finetune,L1_TwoRobotFoldBox-v1,L1,TwoRobotFoldBox,1.0,1.0,10,2026-05-24T16:24:26,TwoRobotFoldBox
gr00t,gr00t,unknown,gr00t,45,unseen_finetune,L0_TwoRobotFoldBox-v1,L0,TwoRobotFoldBox,0.8,0.8019654906354845,10,2026-05-24T16:24:36,TwoRobotFoldBox
gr00t,gr00t,unknown,gr00t,45,unseen_finetune,L2_TwoRobotPickFood-v1,L2,TwoRobotPickFood,0.2,0.3731265351176261,10,2026-05-24T16:24:58,TwoRobotPickFood
gr00t,gr00t,unknown,gr00t,45,unseen_finetune,L3_TwoRobotPickFood-v1,L3,TwoRobotPickFood,0.8,0.9441113710403444,10,2026-05-24T16:25:06,TwoRobotPickFood
gr00t,gr00t,unknown,gr00t,45,unseen_finetune,L2_TwoRobotFoldBox-v1,L2,TwoRobotFoldBox,1.0,1.0,10,2026-05-24T16:36:12,TwoRobotFoldBox
gr00t,gr00t,unknown,gr00t,45,unseen_finetune,L3_TwoRobotFoldBox-v1,L3,TwoRobotFoldBox,1.0,1.0,10,2026-05-24T16:36:25,TwoRobotFoldBox
gr00t,gr00t,unknown,gr00t,45,unseen_finetune,L2_TwoRobotScanMilkBox-v1,L2,TwoRobotScanMilkBox,0.7,0.7390715062618256,10,2026-05-24T17:14:01,TwoRobotScanMilkBox
gr00t,gr00t,unknown,gr00t,15,unseen_scratch,L0_TwoRobotScanMilkBox-v1,L0,TwoRobotScanMilkBox,0.3,0.630078399181366,10,2026-05-22T12:16:01,TwoRobotScanMilkBox
gr00t,gr00t,unknown,gr00t,15,unseen_scratch,L0_TwoRobotPickRemoteControl-v1,L0,TwoRobotPickRemoteControl,0.2,0.7089220881462097,10,2026-05-22T12:17:20,TwoRobotPickRemoteControl
gr00t,gr00t,unknown,gr00t,15,unseen_scratch,L2_TwoRobotPickRemoteControl-v1,L2,TwoRobotPickRemoteControl,0.0,0.0202155424281954,10,2026-05-22T12:19:26,TwoRobotPickRemoteControl
gr00t,gr00t,unknown,gr00t,15,unseen_scratch,L3_TwoRobotPickRemoteControl-v1,L3,TwoRobotPickRemoteControl,0.4,0.7387277126312256,10,2026-05-22T12:19:41,TwoRobotPickRemoteControl
gr00t,gr00t,unknown,gr00t,15,unseen_scratch,L1_TwoRobotPickRemoteControl-v1,L1,TwoRobotPickRemoteControl,0.5,0.7804901599884033,10,2026-05-22T12:19:50,TwoRobotPickRemoteControl
gr00t,gr00t,unknown,gr00t,15,unseen_scratch,L1_TwoRobotPourKettle-v1,L1,TwoRobotPourKettle,0.0,0.2204438686370849,10,2026-05-22T12:28:06,TwoRobotPourKettle
gr00t,gr00t,unknown,gr00t,15,unseen_scratch,L0_TwoRobotPourKettle-v1,L0,TwoRobotPourKettle,0.4,0.7826390385627746,10,2026-05-22T12:28:11,TwoRobotPourKettle
gr00t,gr00t,unknown,gr00t,15,unseen_scratch,L2_TwoRobotScanMilkBox-v1,L2,TwoRobotScanMilkBox,0.0,0.1276687107980251,10,2026-05-22T12:28:41,TwoRobotScanMilkBox
gr00t,gr00t,unknown,gr00t,15,unseen_scratch,L3_TwoRobotScanMilkBox-v1,L3,TwoRobotScanMilkBox,0.1,0.4346649646759033,10,2026-05-22T12:28:55,TwoRobotScanMilkBox
gr00t,gr00t,unknown,gr00t,15,unseen_scratch,L1_TwoRobotScanMilkBox-v1,L1,TwoRobotScanMilkBox,0.0,0.5644696891307831,10,2026-05-22T12:29:12,TwoRobotScanMilkBox
gr00t,gr00t,unknown,gr00t,15,unseen_scratch,L2_TwoRobotPourKettle-v1,L2,TwoRobotPourKettle,0.0,0.0248757521156221,10,2026-05-22T12:36:21,TwoRobotPourKettle
gr00t,gr00t,unknown,gr00t,15,unseen_scratch,L3_TwoRobotPourKettle-v1,L3,TwoRobotPourKettle,0.2,0.5258105799555779,10,2026-05-22T12:36:22,TwoRobotPourKettle
gr00t,gr00t,unknown,gr00t,15,unseen_scratch,L1_TwoRobotPickFood-v1,L1,TwoRobotPickFood,0.0,0.5695314764976501,10,2026-05-22T12:38:08,TwoRobotPickFood
gr00t,gr00t,unknown,gr00t,15,unseen_scratch,L0_TwoRobotPickFood-v1,L0,TwoRobotPickFood,0.0,0.5445356160402298,10,2026-05-22T12:38:31,TwoRobotPickFood
gr00t,gr00t,unknown,gr00t,15,unseen_scratch,L2_TwoRobotPickFood-v1,L2,TwoRobotPickFood,0.0,0.2205354511737823,10,2026-05-22T12:38:35,TwoRobotPickFood
gr00t,gr00t,unknown,gr00t,15,unseen_scratch,L0_TwoRobotFoldBox-v1,L0,TwoRobotFoldBox,0.4,0.4125269745010883,10,2026-05-22T12:44:01,TwoRobotFoldBox
gr00t,gr00t,unknown,gr00t,15,unseen_scratch,L1_TwoRobotFoldBox-v1,L1,TwoRobotFoldBox,1.0,1.0,10,2026-05-22T12:45:29,TwoRobotFoldBox
gr00t,gr00t,unknown,gr00t,15,unseen_scratch,L2_TwoRobotFoldBox-v1,L2,TwoRobotFoldBox,0.0,0.0168634185567498,10,2026-05-22T12:45:34,TwoRobotFoldBox
gr00t,gr00t,unknown,gr00t,15,unseen_scratch,L3_TwoRobotFoldBox-v1,L3,TwoRobotFoldBox,0.8,0.8469158932566643,10,2026-05-22T12:46:09,TwoRobotFoldBox
gr00t,gr00t,unknown,gr00t,15,unseen_scratch,L3_TwoRobotPickFood-v1,L3,TwoRobotPickFood,0.0,0.5430219858884812,10,2026-05-22T12:46:38,TwoRobotPickFood
openvla,openvla,base,openvla / base,15,seen,L0_TwoRobotStirSpoon-v1,L0,TwoRobotStirSpoon,0.6,0.8038713082671165,10,20260513_031734,TwoRobotStirSpoon
openvla,openvla,base,openvla / base,15,seen,L1_TwoRobotStirSpoon-v1,L1,TwoRobotStirSpoon,0.6,0.7743018001317978,10,20260513_031734,TwoRobotStirSpoon
openvla,openvla,base,openvla / base,15,seen,L2_TwoRobotStirSpoon-v1,L2,TwoRobotStirSpoon,0.0,0.2557444343343377,10,20260513_031734,TwoRobotStirSpoon
openvla,openvla,base,openvla / base,15,seen,L3_TwoRobotStirSpoon-v1,L3,TwoRobotStirSpoon,0.0,0.4596986919641495,10,20260513_031734,TwoRobotStirSpoon
openvla,openvla,base,openvla / base,15,seen,L0_TwoRobotPlacePlateRack-v1,L0,TwoRobotPlacePlateRack,0.1,0.4675818264484405,10,20260513_031734,TwoRobotPlacePlateRack
openvla,openvla,base,openvla / base,15,seen,L1_TwoRobotPlacePlateRack-v1,L1,TwoRobotPlacePlateRack,0.3,0.5520267188549042,10,20260513_031734,TwoRobotPlacePlateRack
openvla,openvla,base,openvla / base,15,seen,L2_TwoRobotPlacePlateRack-v1,L2,TwoRobotPlacePlateRack,0.5,0.8309752225875855,10,20260513_031734,TwoRobotPlacePlateRack
openvla,openvla,base,openvla / base,15,seen,L3_TwoRobotPlacePlateRack-v1,L3,TwoRobotPlacePlateRack,0.6,0.8019175499677658,10,20260513_031734,TwoRobotPlacePlateRack
openvla,openvla,base,openvla / base,15,seen,L0_TwoRobotPlaceFileFolder-v1,L0,TwoRobotPlaceFileFolder,0.9,0.95296351313591,10,20260513_031734,TwoRobotPlaceFileFolder
openvla,openvla,base,openvla / base,15,seen,L1_TwoRobotPlaceFileFolder-v1,L1,TwoRobotPlaceFileFolder,0.0,0.5219484716653824,10,20260513_031734,TwoRobotPlaceFileFolder
openvla,openvla,base,openvla / base,15,seen,L2_TwoRobotPlaceFileFolder-v1,L2,TwoRobotPlaceFileFolder,0.2,0.4659433677792549,10,20260513_031734,TwoRobotPlaceFileFolder
openvla,openvla,base,openvla / base,15,seen,L3_TwoRobotPlaceFileFolder-v1,L3,TwoRobotPlaceFileFolder,0.9,0.9521051526069642,10,20260513_031734,TwoRobotPlaceFileFolder
openvla,openvla,base,openvla / base,15,seen,L0_TwoRobotFoldTowel-v1,L0,TwoRobotFoldTowel,0.4,0.8303258448839188,10,20260513_031734,TwoRobotFoldTowel
openvla,openvla,base,openvla / base,15,seen,L1_TwoRobotFoldTowel-v1,L1,TwoRobotFoldTowel,0.0,0.6619939744472504,10,20260513_031734,TwoRobotFoldTowel
openvla,openvla,base,openvla / base,15,seen,L2_TwoRobotFoldTowel-v1,L2,TwoRobotFoldTowel,0.2,0.5171703703701496,10,20260513_031734,TwoRobotFoldTowel
openvla,openvla,base,openvla / base,15,seen,L3_TwoRobotFoldTowel-v1,L3,TwoRobotFoldTowel,0.5,0.7891340225934982,10,20260513_031734,TwoRobotFoldTowel
openvla,openvla,base,openvla / base,15,seen,L0_TwoRobotPlaceMugRack-v1,L0,TwoRobotPlaceMugRack,0.7,0.9102545425295828,10,20260513_031734,TwoRobotPlaceMugRack
openvla,openvla,base,openvla / base,15,seen,L1_TwoRobotPlaceMugRack-v1,L1,TwoRobotPlaceMugRack,0.4,0.9779648184776306,10,20260513_031734,TwoRobotPlaceMugRack
openvla,openvla,base,openvla / base,15,seen,L2_TwoRobotPlaceMugRack-v1,L2,TwoRobotPlaceMugRack,0.0,0.3960909262299538,10,20260513_031734,TwoRobotPlaceMugRack
openvla,openvla,base,openvla / base,15,seen,L3_TwoRobotPlaceMugRack-v1,L3,TwoRobotPlaceMugRack,0.9,1.0,10,20260513_031734,TwoRobotPlaceMugRack
openvla,openvla,base,openvla / base,15,unseen,L0_TwoRobotPickRemoteControl-v1,L0,TwoRobotPickRemoteControl,0.0,0.1578592285513878,10,20260513_031734,TwoRobotPickRemoteControl
openvla,openvla,base,openvla / base,15,unseen,L1_TwoRobotPickRemoteControl-v1,L1,TwoRobotPickRemoteControl,0.0,0.1381573364138603,10,20260513_031734,TwoRobotPickRemoteControl
openvla,openvla,base,openvla / base,15,unseen,L2_TwoRobotPickRemoteControl-v1,L2,TwoRobotPickRemoteControl,0.0,0.0076540924143046,10,20260513_031734,TwoRobotPickRemoteControl
openvla,openvla,base,openvla / base,15,unseen,L3_TwoRobotPickRemoteControl-v1,L3,TwoRobotPickRemoteControl,0.0,0.1225791186094284,10,20260513_031734,TwoRobotPickRemoteControl
openvla,openvla,base,openvla / base,15,unseen,L0_TwoRobotScanMilkBox-v1,L0,TwoRobotScanMilkBox,0.1,0.4910126537084579,10,20260513_031734,TwoRobotScanMilkBox
openvla,openvla,base,openvla / base,15,unseen,L1_TwoRobotScanMilkBox-v1,L1,TwoRobotScanMilkBox,0.0,0.460467728972435,10,20260513_031734,TwoRobotScanMilkBox
openvla,openvla,base,openvla / base,15,unseen,L2_TwoRobotScanMilkBox-v1,L2,TwoRobotScanMilkBox,0.0,0.1135227464139461,10,20260513_031734,TwoRobotScanMilkBox
openvla,openvla,base,openvla / base,15,unseen,L3_TwoRobotScanMilkBox-v1,L3,TwoRobotScanMilkBox,0.0,0.1650308385491371,10,20260513_031734,TwoRobotScanMilkBox
openvla,openvla,base,openvla / base,15,unseen,L0_TwoRobotPourKettle-v1,L0,TwoRobotPourKettle,0.0,0.1456839315593242,10,20260513_031734,TwoRobotPourKettle
openvla,openvla,base,openvla / base,15,unseen,L1_TwoRobotPourKettle-v1,L1,TwoRobotPourKettle,0.0,0.0997952342033386,10,20260513_031734,TwoRobotPourKettle
openvla,openvla,base,openvla / base,15,unseen,L2_TwoRobotPourKettle-v1,L2,TwoRobotPourKettle,0.0,0.0045095483306795,10,20260513_031734,TwoRobotPourKettle
openvla,openvla,base,openvla / base,15,unseen,L3_TwoRobotPourKettle-v1,L3,TwoRobotPourKettle,0.0,0.0685365356504917,10,20260513_031734,TwoRobotPourKettle
openvla,openvla,base,openvla / base,15,unseen,L0_TwoRobotPickFood-v1,L0,TwoRobotPickFood,0.0,0.2406768172979355,10,20260513_031734,TwoRobotPickFood
openvla,openvla,base,openvla / base,15,unseen,L1_TwoRobotPickFood-v1,L1,TwoRobotPickFood,0.0,0.199691204726696,10,20260513_031734,TwoRobotPickFood
openvla,openvla,base,openvla / base,15,unseen,L2_TwoRobotPickFood-v1,L2,TwoRobotPickFood,0.0,0.0125510156154632,10,20260513_031734,TwoRobotPickFood
openvla,openvla,base,openvla / base,15,unseen,L3_TwoRobotPickFood-v1,L3,TwoRobotPickFood,0.0,0.2705295443534851,10,20260513_031734,TwoRobotPickFood
openvla,openvla,base,openvla / base,15,unseen,L0_TwoRobotFoldBox-v1,L0,TwoRobotFoldBox,0.4,0.5078938765451312,10,20260513_031734,TwoRobotFoldBox
openvla,openvla,base,openvla / base,15,unseen,L1_TwoRobotFoldBox-v1,L1,TwoRobotFoldBox,0.3,0.331952709890902,10,20260513_031734,TwoRobotFoldBox
openvla,openvla,base,openvla / base,15,unseen,L2_TwoRobotFoldBox-v1,L2,TwoRobotFoldBox,0.4,1.0,10,20260513_031734,TwoRobotFoldBox
openvla,openvla,base,openvla / base,15,unseen,L3_TwoRobotFoldBox-v1,L3,TwoRobotFoldBox,0.0,0.012982480507344,10,20260513_031734,TwoRobotFoldBox
openvla,openvla,base,openvla / base,15,unseen_finetune,L0_TwoRobotPickRemoteControl-v1,L0,TwoRobotPickRemoteControl,0.4,0.673193222284317,10,20260513_031734,TwoRobotPickRemoteControl
openvla,openvla,base,openvla / base,15,unseen_finetune,L1_TwoRobotPickRemoteControl-v1,L1,TwoRobotPickRemoteControl,0.4,0.6368867963552475,10,20260513_031734,TwoRobotPickRemoteControl
openvla,openvla,base,openvla / base,15,unseen_finetune,L2_TwoRobotPickRemoteControl-v1,L2,TwoRobotPickRemoteControl,0.0,0.0078074479009956,10,20260513_031734,TwoRobotPickRemoteControl
openvla,openvla,base,openvla / base,15,unseen_finetune,L3_TwoRobotPickRemoteControl-v1,L3,TwoRobotPickRemoteControl,0.4,0.5987782269716263,10,20260513_031734,TwoRobotPickRemoteControl
openvla,openvla,base,openvla / base,15,unseen_finetune,L0_TwoRobotScanMilkBox-v1,L0,TwoRobotScanMilkBox,0.1,0.5435986161231995,10,20260513_031734,TwoRobotScanMilkBox
openvla,openvla,base,openvla / base,15,unseen_finetune,L1_TwoRobotScanMilkBox-v1,L1,TwoRobotScanMilkBox,0.0,0.5374696761369705,10,20260513_031734,TwoRobotScanMilkBox
openvla,openvla,base,openvla / base,15,unseen_finetune,L2_TwoRobotScanMilkBox-v1,L2,TwoRobotScanMilkBox,0.0,0.1544817127287387,10,20260513_031734,TwoRobotScanMilkBox
openvla,openvla,base,openvla / base,15,unseen_finetune,L3_TwoRobotScanMilkBox-v1,L3,TwoRobotScanMilkBox,0.0,0.2550484389066696,10,20260513_031734,TwoRobotScanMilkBox
openvla,openvla,base,openvla / base,15,unseen_finetune,L0_TwoRobotPourKettle-v1,L0,TwoRobotPourKettle,0.6,0.6775031998753548,10,20260513_031734,TwoRobotPourKettle
openvla,openvla,base,openvla / base,15,unseen_finetune,L1_TwoRobotPourKettle-v1,L1,TwoRobotPourKettle,0.0,0.1550520494580269,10,20260513_031734,TwoRobotPourKettle
openvla,openvla,base,openvla / base,15,unseen_finetune,L2_TwoRobotPourKettle-v1,L2,TwoRobotPourKettle,0.0,0.0054558515548706,10,20260513_031734,TwoRobotPourKettle
openvla,openvla,base,openvla / base,15,unseen_finetune,L3_TwoRobotPourKettle-v1,L3,TwoRobotPourKettle,0.0,0.2557656824588775,10,20260513_031734,TwoRobotPourKettle
openvla,openvla,base,openvla / base,15,unseen_finetune,L0_TwoRobotPickFood-v1,L0,TwoRobotPickFood,0.0,0.3912206202745437,10,20260513_031734,TwoRobotPickFood
openvla,openvla,base,openvla / base,15,unseen_finetune,L1_TwoRobotPickFood-v1,L1,TwoRobotPickFood,0.0,0.4518594712018967,10,20260513_031734,TwoRobotPickFood
openvla,openvla,base,openvla / base,15,unseen_finetune,L2_TwoRobotPickFood-v1,L2,TwoRobotPickFood,0.0,0.0155903786420822,10,20260513_031734,TwoRobotPickFood
openvla,openvla,base,openvla / base,15,unseen_finetune,L3_TwoRobotPickFood-v1,L3,TwoRobotPickFood,0.0,0.696901798248291,10,20260513_031734,TwoRobotPickFood
openvla,openvla,base,openvla / base,15,unseen_finetune,L0_TwoRobotFoldBox-v1,L0,TwoRobotFoldBox,0.2,0.2124430351890623,10,20260513_031734,TwoRobotFoldBox
openvla,openvla,base,openvla / base,15,unseen_finetune,L1_TwoRobotFoldBox-v1,L1,TwoRobotFoldBox,1.0,1.0,10,20260513_031734,TwoRobotFoldBox
openvla,openvla,base,openvla / base,15,unseen_finetune,L2_TwoRobotFoldBox-v1,L2,TwoRobotFoldBox,0.3,0.414470325037837,10,20260513_031734,TwoRobotFoldBox
openvla,openvla,base,openvla / base,15,unseen_finetune,L3_TwoRobotFoldBox-v1,L3,TwoRobotFoldBox,0.4,0.4946451433002948,10,20260513_031734,TwoRobotFoldBox
openvla,openvla,base,openvla / base,30,seen,L0_TwoRobotStirSpoon-v1,L0,TwoRobotStirSpoon,0.2,0.5545993909239769,10,20260513_031734,TwoRobotStirSpoon
openvla,openvla,base,openvla / base,30,seen,L1_TwoRobotStirSpoon-v1,L1,TwoRobotStirSpoon,0.4,0.5714762568473816,10,20260513_031734,TwoRobotStirSpoon
openvla,openvla,base,openvla / base,30,seen,L2_TwoRobotStirSpoon-v1,L2,TwoRobotStirSpoon,0.0,0.4310553680174053,10,20260513_031734,TwoRobotStirSpoon
openvla,openvla,base,openvla / base,30,seen,L3_TwoRobotStirSpoon-v1,L3,TwoRobotStirSpoon,0.2,0.5176282584667206,10,20260513_031734,TwoRobotStirSpoon
openvla,openvla,base,openvla / base,30,seen,L0_TwoRobotPlacePlateRack-v1,L0,TwoRobotPlacePlateRack,0.4,0.6017194151878357,10,20260513_031734,TwoRobotPlacePlateRack
openvla,openvla,base,openvla / base,30,seen,L1_TwoRobotPlacePlateRack-v1,L1,TwoRobotPlacePlateRack,0.0,0.2652434825897217,10,20260513_031734,TwoRobotPlacePlateRack
openvla,openvla,base,openvla / base,30,seen,L2_TwoRobotPlacePlateRack-v1,L2,TwoRobotPlacePlateRack,0.0,0.2394741296768188,10,20260513_031734,TwoRobotPlacePlateRack
openvla,openvla,base,openvla / base,30,seen,L3_TwoRobotPlacePlateRack-v1,L3,TwoRobotPlacePlateRack,0.8,0.8600820034742356,10,20260513_031734,TwoRobotPlacePlateRack
openvla,openvla,base,openvla / base,30,seen,L0_TwoRobotPlaceFileFolder-v1,L0,TwoRobotPlaceFileFolder,0.5,0.764435812830925,10,20260513_031734,TwoRobotPlaceFileFolder
openvla,openvla,base,openvla / base,30,seen,L1_TwoRobotPlaceFileFolder-v1,L1,TwoRobotPlaceFileFolder,0.1,0.5807224780321121,10,20260513_031734,TwoRobotPlaceFileFolder
openvla,openvla,base,openvla / base,30,seen,L2_TwoRobotPlaceFileFolder-v1,L2,TwoRobotPlaceFileFolder,0.0,0.3926569372415542,10,20260513_031734,TwoRobotPlaceFileFolder
openvla,openvla,base,openvla / base,30,seen,L3_TwoRobotPlaceFileFolder-v1,L3,TwoRobotPlaceFileFolder,0.9,0.9307731360197068,10,20260513_031734,TwoRobotPlaceFileFolder
openvla,openvla,base,openvla / base,30,seen,L0_TwoRobotFoldTowel-v1,L0,TwoRobotFoldTowel,0.1,0.6763832710683346,10,20260513_031734,TwoRobotFoldTowel
openvla,openvla,base,openvla / base,30,seen,L1_TwoRobotFoldTowel-v1,L1,TwoRobotFoldTowel,0.0,0.5900337994098663,10,20260513_031734,TwoRobotFoldTowel
openvla,openvla,base,openvla / base,30,seen,L2_TwoRobotFoldTowel-v1,L2,TwoRobotFoldTowel,0.0,0.3782758958637714,10,20260513_031734,TwoRobotFoldTowel
openvla,openvla,base,openvla / base,30,seen,L3_TwoRobotFoldTowel-v1,L3,TwoRobotFoldTowel,0.0,0.5793329536914825,10,20260513_031734,TwoRobotFoldTowel
openvla,openvla,base,openvla / base,30,seen,L0_TwoRobotPlaceMugRack-v1,L0,TwoRobotPlaceMugRack,0.3,0.6632411435246468,10,20260513_031734,TwoRobotPlaceMugRack
openvla,openvla,base,openvla / base,30,seen,L1_TwoRobotPlaceMugRack-v1,L1,TwoRobotPlaceMugRack,0.3,0.5539870008826255,10,20260513_031734,TwoRobotPlaceMugRack
openvla,openvla,base,openvla / base,30,seen,L2_TwoRobotPlaceMugRack-v1,L2,TwoRobotPlaceMugRack,0.0,0.4054175034165382,10,20260513_031734,TwoRobotPlaceMugRack
openvla,openvla,base,openvla / base,30,seen,L3_TwoRobotPlaceMugRack-v1,L3,TwoRobotPlaceMugRack,0.9,0.9114208519458772,10,20260513_031734,TwoRobotPlaceMugRack
openvla,openvla,base,openvla / base,30,unseen,L0_TwoRobotPickRemoteControl-v1,L0,TwoRobotPickRemoteControl,0.0,0.1108511853963136,10,20260513_031734,TwoRobotPickRemoteControl
openvla,openvla,base,openvla / base,30,unseen,L1_TwoRobotPickRemoteControl-v1,L1,TwoRobotPickRemoteControl,0.0,0.0812508933246135,10,20260513_031734,TwoRobotPickRemoteControl
openvla,openvla,base,openvla / base,30,unseen,L2_TwoRobotPickRemoteControl-v1,L2,TwoRobotPickRemoteControl,0.0,0.0076945685781538,10,20260513_031734,TwoRobotPickRemoteControl
openvla,openvla,base,openvla / base,30,unseen,L3_TwoRobotPickRemoteControl-v1,L3,TwoRobotPickRemoteControl,0.0,0.1327373959124088,10,20260513_031734,TwoRobotPickRemoteControl
openvla,openvla,base,openvla / base,30,unseen,L0_TwoRobotScanMilkBox-v1,L0,TwoRobotScanMilkBox,0.0,0.3097018539905548,10,20260513_031734,TwoRobotScanMilkBox
openvla,openvla,base,openvla / base,30,unseen,L1_TwoRobotScanMilkBox-v1,L1,TwoRobotScanMilkBox,0.0,0.4020794332027435,10,20260513_031734,TwoRobotScanMilkBox
openvla,openvla,base,openvla / base,30,unseen,L2_TwoRobotScanMilkBox-v1,L2,TwoRobotScanMilkBox,0.0,0.1122320406138897,10,20260513_031734,TwoRobotScanMilkBox
openvla,openvla,base,openvla / base,30,unseen,L3_TwoRobotScanMilkBox-v1,L3,TwoRobotScanMilkBox,0.0,0.1860580280423164,10,20260513_031734,TwoRobotScanMilkBox
openvla,openvla,base,openvla / base,30,unseen,L0_TwoRobotPourKettle-v1,L0,TwoRobotPourKettle,0.0,0.1319538280367851,10,20260513_031734,TwoRobotPourKettle
openvla,openvla,base,openvla / base,30,unseen,L1_TwoRobotPourKettle-v1,L1,TwoRobotPourKettle,0.0,0.0968669723719358,10,20260513_031734,TwoRobotPourKettle
openvla,openvla,base,openvla / base,30,unseen,L2_TwoRobotPourKettle-v1,L2,TwoRobotPourKettle,0.0,0.0045774022582918,10,20260513_031734,TwoRobotPourKettle
openvla,openvla,base,openvla / base,30,unseen,L3_TwoRobotPourKettle-v1,L3,TwoRobotPourKettle,0.0,0.0518742015585303,10,20260513_031734,TwoRobotPourKettle
openvla,openvla,base,openvla / base,30,unseen,L0_TwoRobotPickFood-v1,L0,TwoRobotPickFood,0.0,0.29345463514328,10,20260513_031734,TwoRobotPickFood
openvla,openvla,base,openvla / base,30,unseen,L1_TwoRobotPickFood-v1,L1,TwoRobotPickFood,0.0,0.2303034082055091,10,20260513_031734,TwoRobotPickFood
openvla,openvla,base,openvla / base,30,unseen,L2_TwoRobotPickFood-v1,L2,TwoRobotPickFood,0.0,0.0110832825303077,10,20260513_031734,TwoRobotPickFood
openvla,openvla,base,openvla / base,30,unseen,L3_TwoRobotPickFood-v1,L3,TwoRobotPickFood,0.0,0.3314264208078384,10,20260513_031734,TwoRobotPickFood
openvla,openvla,base,openvla / base,30,unseen,L0_TwoRobotFoldBox-v1,L0,TwoRobotFoldBox,0.4,0.4096487073227763,10,20260513_031734,TwoRobotFoldBox
openvla,openvla,base,openvla / base,30,unseen,L1_TwoRobotFoldBox-v1,L1,TwoRobotFoldBox,0.0,0.0197931035421788,10,20260513_031734,TwoRobotFoldBox
openvla,openvla,base,openvla / base,30,unseen,L2_TwoRobotFoldBox-v1,L2,TwoRobotFoldBox,0.5,0.8036247134208679,10,20260513_031734,TwoRobotFoldBox
openvla,openvla,base,openvla / base,30,unseen,L3_TwoRobotFoldBox-v1,L3,TwoRobotFoldBox,0.0,0.0580021250993013,10,20260513_031734,TwoRobotFoldBox
openvla,openvla,base,openvla / base,30,unseen_finetune,L0_TwoRobotPickRemoteControl-v1,L0,TwoRobotPickRemoteControl,0.2,0.4690897807478905,10,20260513_031734,TwoRobotPickRemoteControl
openvla,openvla,base,openvla / base,30,unseen_finetune,L1_TwoRobotPickRemoteControl-v1,L1,TwoRobotPickRemoteControl,0.6,0.8027132213115692,10,20260513_031734,TwoRobotPickRemoteControl
openvla,openvla,base,openvla / base,30,unseen_finetune,L2_TwoRobotPickRemoteControl-v1,L2,TwoRobotPickRemoteControl,0.0,0.0083140421658754,10,20260513_031734,TwoRobotPickRemoteControl
openvla,openvla,base,openvla / base,30,unseen_finetune,L3_TwoRobotPickRemoteControl-v1,L3,TwoRobotPickRemoteControl,0.2,0.4931065201759338,10,20260513_031734,TwoRobotPickRemoteControl
openvla,openvla,base,openvla / base,30,unseen_finetune,L0_TwoRobotScanMilkBox-v1,L0,TwoRobotScanMilkBox,0.0,0.4890345573425293,10,20260513_031734,TwoRobotScanMilkBox
openvla,openvla,base,openvla / base,30,unseen_finetune,L1_TwoRobotScanMilkBox-v1,L1,TwoRobotScanMilkBox,0.0,0.5369263887405396,10,20260513_031734,TwoRobotScanMilkBox
openvla,openvla,base,openvla / base,30,unseen_finetune,L2_TwoRobotScanMilkBox-v1,L2,TwoRobotScanMilkBox,0.0,0.1575424008071422,10,20260513_031734,TwoRobotScanMilkBox
openvla,openvla,base,openvla / base,30,unseen_finetune,L3_TwoRobotScanMilkBox-v1,L3,TwoRobotScanMilkBox,0.0,0.2330868661403656,10,20260513_031734,TwoRobotScanMilkBox
openvla,openvla,base,openvla / base,30,unseen_finetune,L0_TwoRobotPourKettle-v1,L0,TwoRobotPourKettle,0.1,0.3071918085217476,10,20260513_031734,TwoRobotPourKettle
openvla,openvla,base,openvla / base,30,unseen_finetune,L1_TwoRobotPourKettle-v1,L1,TwoRobotPourKettle,0.0,0.2254776209592819,10,20260513_031734,TwoRobotPourKettle
openvla,openvla,base,openvla / base,30,unseen_finetune,L2_TwoRobotPourKettle-v1,L2,TwoRobotPourKettle,0.0,0.0046258886810392,10,20260513_031734,TwoRobotPourKettle
openvla,openvla,base,openvla / base,30,unseen_finetune,L3_TwoRobotPourKettle-v1,L3,TwoRobotPourKettle,0.1,0.3948298528790473,10,20260513_031734,TwoRobotPourKettle
openvla,openvla,base,openvla / base,30,unseen_finetune,L0_TwoRobotPickFood-v1,L0,TwoRobotPickFood,0.0,0.6377106159925461,10,20260513_031734,TwoRobotPickFood
openvla,openvla,base,openvla / base,30,unseen_finetune,L1_TwoRobotPickFood-v1,L1,TwoRobotPickFood,0.0,0.4936589568853378,10,20260513_031734,TwoRobotPickFood
openvla,openvla,base,openvla / base,30,unseen_finetune,L2_TwoRobotPickFood-v1,L2,TwoRobotPickFood,0.0,0.014886425435543,10,20260513_031734,TwoRobotPickFood
openvla,openvla,base,openvla / base,30,unseen_finetune,L3_TwoRobotPickFood-v1,L3,TwoRobotPickFood,0.0,0.7305113673210144,10,20260513_031734,TwoRobotPickFood
openvla,openvla,base,openvla / base,30,unseen_finetune,L0_TwoRobotFoldBox-v1,L0,TwoRobotFoldBox,0.7,0.7029017766006291,10,20260513_031734,TwoRobotFoldBox
openvla,openvla,base,openvla / base,30,unseen_finetune,L1_TwoRobotFoldBox-v1,L1,TwoRobotFoldBox,1.0,1.0,10,20260513_031734,TwoRobotFoldBox
openvla,openvla,base,openvla / base,30,unseen_finetune,L2_TwoRobotFoldBox-v1,L2,TwoRobotFoldBox,0.1,0.211936498247087,10,20260513_031734,TwoRobotFoldBox
openvla,openvla,base,openvla / base,30,unseen_finetune,L3_TwoRobotFoldBox-v1,L3,TwoRobotFoldBox,0.5,0.6071020156145096,10,20260513_031734,TwoRobotFoldBox
openvla,openvla,base,openvla / base,45,seen,L0_TwoRobotStirSpoon-v1,L0,TwoRobotStirSpoon,0.8,0.9008623197674752,10,20260513_031734,TwoRobotStirSpoon
openvla,openvla,base,openvla / base,45,seen,L1_TwoRobotStirSpoon-v1,L1,TwoRobotStirSpoon,0.3,0.5225155755877495,10,20260513_031734,TwoRobotStirSpoon
openvla,openvla,base,openvla / base,45,seen,L2_TwoRobotStirSpoon-v1,L2,TwoRobotStirSpoon,0.1,0.1481792509555816,10,20260513_031734,TwoRobotStirSpoon
openvla,openvla,base,openvla / base,45,seen,L3_TwoRobotStirSpoon-v1,L3,TwoRobotStirSpoon,0.2,0.5126649558544158,10,20260513_031734,TwoRobotStirSpoon
openvla,openvla,base,openvla / base,45,seen,L0_TwoRobotPlacePlateRack-v1,L0,TwoRobotPlacePlateRack,0.0,0.4021604716777801,10,20260513_031734,TwoRobotPlacePlateRack
openvla,openvla,base,openvla / base,45,seen,L1_TwoRobotPlacePlateRack-v1,L1,TwoRobotPlacePlateRack,0.0,0.2413082152605056,10,20260513_031734,TwoRobotPlacePlateRack
openvla,openvla,base,openvla / base,45,seen,L2_TwoRobotPlacePlateRack-v1,L2,TwoRobotPlacePlateRack,0.1,0.3868699163198471,10,20260513_031734,TwoRobotPlacePlateRack
openvla,openvla,base,openvla / base,45,seen,L3_TwoRobotPlacePlateRack-v1,L3,TwoRobotPlacePlateRack,0.3,0.7571356147527695,10,20260513_031734,TwoRobotPlacePlateRack
openvla,openvla,base,openvla / base,45,seen,L0_TwoRobotPlaceFileFolder-v1,L0,TwoRobotPlaceFileFolder,0.5,0.7338250935077667,10,20260513_031734,TwoRobotPlaceFileFolder
openvla,openvla,base,openvla / base,45,seen,L1_TwoRobotPlaceFileFolder-v1,L1,TwoRobotPlaceFileFolder,0.3,0.7154744505882263,10,20260513_031734,TwoRobotPlaceFileFolder
openvla,openvla,base,openvla / base,45,seen,L2_TwoRobotPlaceFileFolder-v1,L2,TwoRobotPlaceFileFolder,0.0,0.2393010973930359,10,20260513_031734,TwoRobotPlaceFileFolder
openvla,openvla,base,openvla / base,45,seen,L3_TwoRobotPlaceFileFolder-v1,L3,TwoRobotPlaceFileFolder,0.6,0.7708023130893707,10,20260513_031734,TwoRobotPlaceFileFolder
openvla,openvla,base,openvla / base,45,seen,L0_TwoRobotFoldTowel-v1,L0,TwoRobotFoldTowel,0.0,0.4457999467849731,10,20260513_031734,TwoRobotFoldTowel
openvla,openvla,base,openvla / base,45,seen,L1_TwoRobotFoldTowel-v1,L1,TwoRobotFoldTowel,0.0,0.4454286403954029,10,20260513_031734,TwoRobotFoldTowel
openvla,openvla,base,openvla / base,45,seen,L2_TwoRobotFoldTowel-v1,L2,TwoRobotFoldTowel,0.0,0.2192476660013199,10,20260513_031734,TwoRobotFoldTowel
openvla,openvla,base,openvla / base,45,seen,L3_TwoRobotFoldTowel-v1,L3,TwoRobotFoldTowel,0.0,0.3400187075138092,10,20260513_031734,TwoRobotFoldTowel
openvla,openvla,base,openvla / base,45,seen,L0_TwoRobotPlaceMugRack-v1,L0,TwoRobotPlaceMugRack,0.0,0.6995000958442688,10,20260513_031734,TwoRobotPlaceMugRack
openvla,openvla,base,openvla / base,45,seen,L1_TwoRobotPlaceMugRack-v1,L1,TwoRobotPlaceMugRack,0.6,0.7811939582228661,10,20260513_031734,TwoRobotPlaceMugRack
openvla,openvla,base,openvla / base,45,seen,L2_TwoRobotPlaceMugRack-v1,L2,TwoRobotPlaceMugRack,0.0,0.4702022910118103,10,20260513_031734,TwoRobotPlaceMugRack
openvla,openvla,base,openvla / base,45,seen,L3_TwoRobotPlaceMugRack-v1,L3,TwoRobotPlaceMugRack,0.6,0.7051688268780708,10,20260513_031734,TwoRobotPlaceMugRack
openvla,openvla,base,openvla / base,45,unseen,L0_TwoRobotPickRemoteControl-v1,L0,TwoRobotPickRemoteControl,0.0,0.2001187995076179,10,20260513_031734,TwoRobotPickRemoteControl
openvla,openvla,base,openvla / base,45,unseen,L1_TwoRobotPickRemoteControl-v1,L1,TwoRobotPickRemoteControl,0.0,0.0907871000468731,10,20260513_031734,TwoRobotPickRemoteControl
openvla,openvla,base,openvla / base,45,unseen,L2_TwoRobotPickRemoteControl-v1,L2,TwoRobotPickRemoteControl,0.0,0.0077360582072287,10,20260513_031734,TwoRobotPickRemoteControl
openvla,openvla,base,openvla / base,45,unseen,L3_TwoRobotPickRemoteControl-v1,L3,TwoRobotPickRemoteControl,0.0,0.0952825948596,10,20260513_031734,TwoRobotPickRemoteControl
openvla,openvla,base,openvla / base,45,unseen,L0_TwoRobotScanMilkBox-v1,L0,TwoRobotScanMilkBox,0.0,0.3787164866924286,10,20260513_031734,TwoRobotScanMilkBox
openvla,openvla,base,openvla / base,45,unseen,L1_TwoRobotScanMilkBox-v1,L1,TwoRobotScanMilkBox,0.0,0.4806247591972351,10,20260513_031734,TwoRobotScanMilkBox
openvla,openvla,base,openvla / base,45,unseen,L2_TwoRobotScanMilkBox-v1,L2,TwoRobotScanMilkBox,0.0,0.1457260191440582,10,20260513_031734,TwoRobotScanMilkBox
openvla,openvla,base,openvla / base,45,unseen,L3_TwoRobotScanMilkBox-v1,L3,TwoRobotScanMilkBox,0.0,0.1988874047994613,10,20260513_031734,TwoRobotScanMilkBox
openvla,openvla,base,openvla / base,45,unseen,L0_TwoRobotPourKettle-v1,L0,TwoRobotPourKettle,0.0,0.1236436210572719,10,20260513_031734,TwoRobotPourKettle
openvla,openvla,base,openvla / base,45,unseen,L1_TwoRobotPourKettle-v1,L1,TwoRobotPourKettle,0.0,0.0683195866644382,10,20260513_031734,TwoRobotPourKettle
openvla,openvla,base,openvla / base,45,unseen,L2_TwoRobotPourKettle-v1,L2,TwoRobotPourKettle,0.0,0.0045151710044592,10,20260513_031734,TwoRobotPourKettle
openvla,openvla,base,openvla / base,45,unseen,L3_TwoRobotPourKettle-v1,L3,TwoRobotPourKettle,0.0,0.0448898755013942,10,20260513_031734,TwoRobotPourKettle
openvla,openvla,base,openvla / base,45,unseen,L0_TwoRobotPickFood-v1,L0,TwoRobotPickFood,0.0,0.256950281560421,10,20260513_031734,TwoRobotPickFood
openvla,openvla,base,openvla / base,45,unseen,L1_TwoRobotPickFood-v1,L1,TwoRobotPickFood,0.0,0.2583550900220871,10,20260513_031734,TwoRobotPickFood
openvla,openvla,base,openvla / base,45,unseen,L2_TwoRobotPickFood-v1,L2,TwoRobotPickFood,0.0,0.0093620330095291,10,20260513_031734,TwoRobotPickFood
openvla,openvla,base,openvla / base,45,unseen,L3_TwoRobotPickFood-v1,L3,TwoRobotPickFood,0.0,0.2421888902783394,10,20260513_031734,TwoRobotPickFood
openvla,openvla,base,openvla / base,45,unseen,L0_TwoRobotFoldBox-v1,L0,TwoRobotFoldBox,0.2,0.2160920036956667,10,20260513_031734,TwoRobotFoldBox
openvla,openvla,base,openvla / base,45,unseen,L1_TwoRobotFoldBox-v1,L1,TwoRobotFoldBox,0.0,0.019934622105211,10,20260513_031734,TwoRobotFoldBox
openvla,openvla,base,openvla / base,45,unseen,L2_TwoRobotFoldBox-v1,L2,TwoRobotFoldBox,1.0,1.0,10,20260513_031734,TwoRobotFoldBox
openvla,openvla,base,openvla / base,45,unseen,L3_TwoRobotFoldBox-v1,L3,TwoRobotFoldBox,0.0,0.0306748649105429,10,20260513_031734,TwoRobotFoldBox
openvla,openvla,base,openvla / base,45,unseen_finetune,L0_TwoRobotPickRemoteControl-v1,L0,TwoRobotPickRemoteControl,0.3,0.5713960498571395,10,20260513_031734,TwoRobotPickRemoteControl
openvla,openvla,base,openvla / base,45,unseen_finetune,L1_TwoRobotPickRemoteControl-v1,L1,TwoRobotPickRemoteControl,0.7,0.8216754049062729,10,20260513_031734,TwoRobotPickRemoteControl
openvla,openvla,base,openvla / base,45,unseen_finetune,L2_TwoRobotPickRemoteControl-v1,L2,TwoRobotPickRemoteControl,0.0,0.0078110479749739,10,20260513_031734,TwoRobotPickRemoteControl
openvla,openvla,base,openvla / base,45,unseen_finetune,L3_TwoRobotPickRemoteControl-v1,L3,TwoRobotPickRemoteControl,0.1,0.5607428789138794,10,20260513_031734,TwoRobotPickRemoteControl
openvla,openvla,base,openvla / base,45,unseen_finetune,L0_TwoRobotScanMilkBox-v1,L0,TwoRobotScanMilkBox,0.0,0.5834301710128784,10,20260513_031734,TwoRobotScanMilkBox
openvla,openvla,base,openvla / base,45,unseen_finetune,L1_TwoRobotScanMilkBox-v1,L1,TwoRobotScanMilkBox,0.0,0.5980214774608612,10,20260513_031734,TwoRobotScanMilkBox
openvla,openvla,base,openvla / base,45,unseen_finetune,L2_TwoRobotScanMilkBox-v1,L2,TwoRobotScanMilkBox,0.0,0.1400699369609356,10,20260513_031734,TwoRobotScanMilkBox
openvla,openvla,base,openvla / base,45,unseen_finetune,L3_TwoRobotScanMilkBox-v1,L3,TwoRobotScanMilkBox,0.0,0.3310244277119636,10,20260513_031734,TwoRobotScanMilkBox
openvla,openvla,base,openvla / base,45,unseen_finetune,L0_TwoRobotPourKettle-v1,L0,TwoRobotPourKettle,0.1,0.4288867264986038,10,20260513_031734,TwoRobotPourKettle
openvla,openvla,base,openvla / base,45,unseen_finetune,L1_TwoRobotPourKettle-v1,L1,TwoRobotPourKettle,0.0,0.1819900035858154,10,20260513_031734,TwoRobotPourKettle
openvla,openvla,base,openvla / base,45,unseen_finetune,L2_TwoRobotPourKettle-v1,L2,TwoRobotPourKettle,0.0,0.0086570541374385,10,20260513_031734,TwoRobotPourKettle
openvla,openvla,base,openvla / base,45,unseen_finetune,L3_TwoRobotPourKettle-v1,L3,TwoRobotPourKettle,0.7,0.7663810431957245,10,20260513_031734,TwoRobotPourKettle
openvla,openvla,base,openvla / base,45,unseen_finetune,L0_TwoRobotPickFood-v1,L0,TwoRobotPickFood,0.1,0.7518107533454895,10,20260513_031734,TwoRobotPickFood
openvla,openvla,base,openvla / base,45,unseen_finetune,L1_TwoRobotPickFood-v1,L1,TwoRobotPickFood,0.0,0.4327783703804016,10,20260513_031734,TwoRobotPickFood
openvla,openvla,base,openvla / base,45,unseen_finetune,L2_TwoRobotPickFood-v1,L2,TwoRobotPickFood,0.0,0.0119040593504905,10,20260513_031734,TwoRobotPickFood
openvla,openvla,base,openvla / base,45,unseen_finetune,L3_TwoRobotPickFood-v1,L3,TwoRobotPickFood,0.3,0.8160604357719421,10,20260513_031734,TwoRobotPickFood
openvla,openvla,base,openvla / base,45,unseen_finetune,L0_TwoRobotFoldBox-v1,L0,TwoRobotFoldBox,0.6,0.723232663795352,10,20260513_031734,TwoRobotFoldBox
openvla,openvla,base,openvla / base,45,unseen_finetune,L1_TwoRobotFoldBox-v1,L1,TwoRobotFoldBox,0.9,0.9160200998187064,10,20260513_031734,TwoRobotFoldBox
openvla,openvla,base,openvla / base,45,unseen_finetune,L2_TwoRobotFoldBox-v1,L2,TwoRobotFoldBox,0.2,0.3117296586744487,10,20260513_031734,TwoRobotFoldBox
openvla,openvla,base,openvla / base,45,unseen_finetune,L3_TwoRobotFoldBox-v1,L3,TwoRobotFoldBox,0.5,0.5889723688364029,10,20260513_031734,TwoRobotFoldBox
openvla,openvla,base,openvla / base,45,unseen_scratch,L0_TwoRobotPickRemoteControl-v1,L0,TwoRobotPickRemoteControl,0.0,0.355704540014267,10,20260518_012606,TwoRobotPickRemoteControl
openvla,openvla,base,openvla / base,45,unseen_scratch,L1_TwoRobotPickRemoteControl-v1,L1,TwoRobotPickRemoteControl,0.3,0.5187115654349327,10,20260518_012606,TwoRobotPickRemoteControl
openvla,openvla,base,openvla / base,45,unseen_scratch,L2_TwoRobotPickRemoteControl-v1,L2,TwoRobotPickRemoteControl,0.0,0.0079424572177231,10,20260518_012606,TwoRobotPickRemoteControl
openvla,openvla,base,openvla / base,45,unseen_scratch,L3_TwoRobotPickRemoteControl-v1,L3,TwoRobotPickRemoteControl,0.3,0.5430042117834091,10,20260518_012606,TwoRobotPickRemoteControl
openvla,openvla,base,openvla / base,45,unseen_scratch,L0_TwoRobotScanMilkBox-v1,L0,TwoRobotScanMilkBox,0.1,0.5691775381565094,10,20260518_012606,TwoRobotScanMilkBox
openvla,openvla,base,openvla / base,45,unseen_scratch,L1_TwoRobotScanMilkBox-v1,L1,TwoRobotScanMilkBox,0.0,0.5027936488389969,10,20260518_012606,TwoRobotScanMilkBox
openvla,openvla,base,openvla / base,45,unseen_scratch,L2_TwoRobotScanMilkBox-v1,L2,TwoRobotScanMilkBox,0.0,0.0771317146718502,10,20260518_012606,TwoRobotScanMilkBox
openvla,openvla,base,openvla / base,45,unseen_scratch,L3_TwoRobotScanMilkBox-v1,L3,TwoRobotScanMilkBox,0.0,0.2806047558784484,10,20260518_012606,TwoRobotScanMilkBox
openvla,openvla,base,openvla / base,45,unseen_scratch,L0_TwoRobotPourKettle-v1,L0,TwoRobotPourKettle,0.0,0.3194202035665512,10,20260518_012606,TwoRobotPourKettle
openvla,openvla,base,openvla / base,45,unseen_scratch,L1_TwoRobotPourKettle-v1,L1,TwoRobotPourKettle,0.0,0.1521416157484054,10,20260518_012606,TwoRobotPourKettle
openvla,openvla,base,openvla / base,45,unseen_scratch,L2_TwoRobotPourKettle-v1,L2,TwoRobotPourKettle,0.0,0.0045326193794608,10,20260518_012606,TwoRobotPourKettle
openvla,openvla,base,openvla / base,45,unseen_scratch,L3_TwoRobotPourKettle-v1,L3,TwoRobotPourKettle,0.0,0.2722477719187736,10,20260518_012606,TwoRobotPourKettle
openvla,openvla,base,openvla / base,45,unseen_scratch,L0_TwoRobotPickFood-v1,L0,TwoRobotPickFood,0.0,0.3328193098306656,10,20260518_012606,TwoRobotPickFood
openvla,openvla,base,openvla / base,45,unseen_scratch,L1_TwoRobotPickFood-v1,L1,TwoRobotPickFood,0.0,0.2656320020556449,10,20260518_012606,TwoRobotPickFood
openvla,openvla,base,openvla / base,45,unseen_scratch,L2_TwoRobotPickFood-v1,L2,TwoRobotPickFood,0.0,0.0137811183929443,10,20260518_012606,TwoRobotPickFood
openvla,openvla,base,openvla / base,45,unseen_scratch,L3_TwoRobotPickFood-v1,L3,TwoRobotPickFood,0.0,0.366201913356781,10,20260518_012606,TwoRobotPickFood
openvla,openvla,base,openvla / base,45,unseen_scratch,L0_TwoRobotFoldBox-v1,L0,TwoRobotFoldBox,0.0,0.0074541293317452,10,20260518_012606,TwoRobotFoldBox
openvla,openvla,base,openvla / base,45,unseen_scratch,L1_TwoRobotFoldBox-v1,L1,TwoRobotFoldBox,0.9,0.9003281264798716,10,20260518_012606,TwoRobotFoldBox
openvla,openvla,base,openvla / base,45,unseen_scratch,L2_TwoRobotFoldBox-v1,L2,TwoRobotFoldBox,0.2,0.2117549762129783,10,20260518_012606,TwoRobotFoldBox
openvla,openvla,base,openvla / base,45,unseen_scratch,L3_TwoRobotFoldBox-v1,L3,TwoRobotFoldBox,1.0,1.0,10,20260518_012606,TwoRobotFoldBox
pi05,pi,unknown,pi,15,seen,L0_TwoRobotStirSpoon-v1,L0,TwoRobotStirSpoon,0.9,0.9395940780639648,10,2026-05-08T08:54:30,TwoRobotStirSpoon
pi05,pi,unknown,pi,15,seen,L1_TwoRobotStirSpoon-v1,L1,TwoRobotStirSpoon,0.5,0.6194982498884201,10,2026-05-08T09:23:33,TwoRobotStirSpoon
pi05,pi,unknown,pi,15,seen,L2_TwoRobotStirSpoon-v1,L2,TwoRobotStirSpoon,0.7,0.9149757027626038,10,2026-05-08T09:52:13,TwoRobotStirSpoon
pi05,pi,unknown,pi,15,seen,L3_TwoRobotStirSpoon-v1,L3,TwoRobotStirSpoon,0.1,0.6100443005561829,10,2026-05-08T10:21:08,TwoRobotStirSpoon
pi05,pi,unknown,pi,15,seen,L0_TwoRobotPlacePlateRack-v1,L0,TwoRobotPlacePlateRack,1.0,1.0,10,2026-05-08T10:53:34,TwoRobotPlacePlateRack
pi05,pi,unknown,pi,15,seen,L1_TwoRobotPlacePlateRack-v1,L1,TwoRobotPlacePlateRack,0.7,0.7917664855718612,10,2026-05-08T11:25:38,TwoRobotPlacePlateRack
pi05,pi,unknown,pi,15,seen,L2_TwoRobotPlacePlateRack-v1,L2,TwoRobotPlacePlateRack,0.9,1.0,10,2026-05-08T11:56:03,TwoRobotPlacePlateRack
pi05,pi,unknown,pi,15,seen,L3_TwoRobotPlacePlateRack-v1,L3,TwoRobotPlacePlateRack,0.8,0.867375773191452,10,2026-05-08T12:23:07,TwoRobotPlacePlateRack
pi05,pi,unknown,pi,15,seen,L0_TwoRobotPlaceFileFolder-v1,L0,TwoRobotPlaceFileFolder,0.5,0.7752123653888703,10,2026-05-08T12:49:41,TwoRobotPlaceFileFolder
pi05,pi,unknown,pi,15,seen,L1_TwoRobotPlaceFileFolder-v1,L1,TwoRobotPlaceFileFolder,0.1,0.6023185223340988,10,2026-05-08T13:16:18,TwoRobotPlaceFileFolder
pi05,pi,unknown,pi,15,seen,L2_TwoRobotPlaceFileFolder-v1,L2,TwoRobotPlaceFileFolder,0.3,0.4649718210101127,10,2026-05-08T13:43:31,TwoRobotPlaceFileFolder
pi05,pi,unknown,pi,15,seen,L3_TwoRobotPlaceFileFolder-v1,L3,TwoRobotPlaceFileFolder,0.7,0.8317879945039749,10,2026-05-08T14:08:59,TwoRobotPlaceFileFolder
pi05,pi,unknown,pi,15,seen,L0_TwoRobotFoldTowel-v1,L0,TwoRobotFoldTowel,1.0,1.0,10,2026-05-08T14:47:38,TwoRobotFoldTowel
pi05,pi,unknown,pi,15,seen,L1_TwoRobotFoldTowel-v1,L1,TwoRobotFoldTowel,0.1,0.7136904835700989,10,2026-05-08T15:25:31,TwoRobotFoldTowel
pi05,pi,unknown,pi,15,seen,L2_TwoRobotFoldTowel-v1,L2,TwoRobotFoldTowel,0.1,0.5687573254108429,10,2026-05-08T16:05:21,TwoRobotFoldTowel
pi05,pi,unknown,pi,15,seen,L3_TwoRobotFoldTowel-v1,L3,TwoRobotFoldTowel,0.5,0.8572904109954834,10,2026-05-08T16:44:24,TwoRobotFoldTowel
pi05,pi,unknown,pi,15,seen,L0_TwoRobotPlaceMugRack-v1,L0,TwoRobotPlaceMugRack,0.9,1.0,10,2026-05-08T17:11:01,TwoRobotPlaceMugRack
pi05,pi,unknown,pi,15,seen,L1_TwoRobotPlaceMugRack-v1,L1,TwoRobotPlaceMugRack,1.0,1.0,10,2026-05-08T17:37:07,TwoRobotPlaceMugRack
pi05,pi,unknown,pi,15,seen,L2_TwoRobotPlaceMugRack-v1,L2,TwoRobotPlaceMugRack,0.8,0.9916644871234894,10,2026-05-08T18:04:18,TwoRobotPlaceMugRack
pi05,pi,unknown,pi,15,seen,L3_TwoRobotPlaceMugRack-v1,L3,TwoRobotPlaceMugRack,0.9,1.0,10,2026-05-08T18:30:59,TwoRobotPlaceMugRack
pi05,pi,unknown,pi,15,unseen,L0_TwoRobotPickRemoteControl-v1,L0,TwoRobotPickRemoteControl,0.0,0.0605524372309446,10,2026-05-08T19:10:29,TwoRobotPickRemoteControl
pi05,pi,unknown,pi,15,unseen,L1_TwoRobotPickRemoteControl-v1,L1,TwoRobotPickRemoteControl,0.0,0.1095264144241809,10,2026-05-08T19:49:33,TwoRobotPickRemoteControl
pi05,pi,unknown,pi,15,unseen,L2_TwoRobotPickRemoteControl-v1,L2,TwoRobotPickRemoteControl,0.0,0.0077373361680656,10,2026-05-08T20:28:24,TwoRobotPickRemoteControl
pi05,pi,unknown,pi,15,unseen,L3_TwoRobotPickRemoteControl-v1,L3,TwoRobotPickRemoteControl,0.0,0.0907514683902263,10,2026-05-08T21:07:28,TwoRobotPickRemoteControl
pi05,pi,unknown,pi,15,unseen,L0_TwoRobotScanMilkBox-v1,L0,TwoRobotScanMilkBox,0.0,0.3743787199258804,10,2026-05-08T21:36:34,TwoRobotScanMilkBox
pi05,pi,unknown,pi,15,unseen,L1_TwoRobotScanMilkBox-v1,L1,TwoRobotScanMilkBox,0.0,0.3046042531728744,10,2026-05-08T22:05:13,TwoRobotScanMilkBox
pi05,pi,unknown,pi,15,unseen,L2_TwoRobotScanMilkBox-v1,L2,TwoRobotScanMilkBox,0.0,0.1788636095821857,10,2026-05-08T22:35:19,TwoRobotScanMilkBox
pi05,pi,unknown,pi,15,unseen,L3_TwoRobotScanMilkBox-v1,L3,TwoRobotScanMilkBox,0.0,0.1546195983886718,10,2026-05-08T23:03:36,TwoRobotScanMilkBox
pi05,pi,unknown,pi,15,unseen,L0_TwoRobotPourKettle-v1,L0,TwoRobotPourKettle,0.1,0.2992943629622459,10,2026-05-08T23:30:17,TwoRobotPourKettle
pi05,pi,unknown,pi,15,unseen,L1_TwoRobotPourKettle-v1,L1,TwoRobotPourKettle,0.0,0.0890613004565239,10,2026-05-08T23:56:57,TwoRobotPourKettle
pi05,pi,unknown,pi,15,unseen,L2_TwoRobotPourKettle-v1,L2,TwoRobotPourKettle,0.0,0.0043904184829443,10,2026-05-09T00:23:41,TwoRobotPourKettle
pi05,pi,unknown,pi,15,unseen,L3_TwoRobotPourKettle-v1,L3,TwoRobotPourKettle,0.0,0.0636749539524316,10,2026-05-09T00:50:17,TwoRobotPourKettle
pi05,pi,unknown,pi,15,unseen,L0_TwoRobotPickFood-v1,L0,TwoRobotPickFood,0.0,0.1892092019319534,10,2026-05-09T01:18:18,TwoRobotPickFood
pi05,pi,unknown,pi,15,unseen,L1_TwoRobotPickFood-v1,L1,TwoRobotPickFood,0.0,0.1734035864472389,10,2026-05-09T01:46:34,TwoRobotPickFood
pi05,pi,unknown,pi,15,unseen,L2_TwoRobotPickFood-v1,L2,TwoRobotPickFood,0.0,0.0205787613987922,10,2026-05-09T02:13:51,TwoRobotPickFood
pi05,pi,unknown,pi,15,unseen,L3_TwoRobotPickFood-v1,L3,TwoRobotPickFood,0.0,0.2453749969601631,10,2026-05-09T02:42:11,TwoRobotPickFood
pi05,pi,unknown,pi,15,unseen,L0_TwoRobotFoldBox-v1,L0,TwoRobotFoldBox,1.0,1.0,10,2026-05-09T03:07:09,TwoRobotFoldBox
pi05,pi,unknown,pi,15,unseen,L1_TwoRobotFoldBox-v1,L1,TwoRobotFoldBox,1.0,1.0,10,2026-05-09T03:31:55,TwoRobotFoldBox
pi05,pi,unknown,pi,15,unseen,L2_TwoRobotFoldBox-v1,L2,TwoRobotFoldBox,0.1,0.2070680164964869,10,2026-05-09T03:57:48,TwoRobotFoldBox
pi05,pi,unknown,pi,15,unseen,L3_TwoRobotFoldBox-v1,L3,TwoRobotFoldBox,0.2,0.3231866009533405,10,2026-05-09T04:23:31,TwoRobotFoldBox
pi05,pi,unknown,pi,15,unseen_finetune,L0_TwoRobotPickRemoteControl-v1,L0,TwoRobotPickRemoteControl,1.0,1.0,10,2026-05-13T13:11:13,TwoRobotPickRemoteControl
pi05,pi,unknown,pi,15,unseen_finetune,L1_TwoRobotPickRemoteControl-v1,L1,TwoRobotPickRemoteControl,1.0,1.0,10,2026-05-13T13:49:45,TwoRobotPickRemoteControl
pi05,pi,unknown,pi,15,unseen_finetune,L2_TwoRobotPickRemoteControl-v1,L2,TwoRobotPickRemoteControl,1.0,1.0,10,2026-05-13T14:28:43,TwoRobotPickRemoteControl
pi05,pi,unknown,pi,15,unseen_finetune,L3_TwoRobotPickRemoteControl-v1,L3,TwoRobotPickRemoteControl,1.0,1.0,10,2026-05-13T15:08:01,TwoRobotPickRemoteControl
pi05,pi,unknown,pi,15,unseen_finetune,L0_TwoRobotScanMilkBox-v1,L0,TwoRobotScanMilkBox,0.6,0.6994008742272854,10,2026-05-13T15:39:11,TwoRobotScanMilkBox
pi05,pi,unknown,pi,15,unseen_finetune,L1_TwoRobotScanMilkBox-v1,L1,TwoRobotScanMilkBox,0.6,0.8615410923957825,10,2026-05-13T16:11:47,TwoRobotScanMilkBox
pi05,pi,unknown,pi,15,unseen_finetune,L2_TwoRobotScanMilkBox-v1,L2,TwoRobotScanMilkBox,0.8,0.8019592304714024,10,2026-05-13T16:42:13,TwoRobotScanMilkBox
pi05,pi,unknown,pi,15,unseen_finetune,L3_TwoRobotScanMilkBox-v1,L3,TwoRobotScanMilkBox,0.6,0.7748812213540077,10,2026-05-13T17:10:56,TwoRobotScanMilkBox
pi05,pi,unknown,pi,15,unseen_finetune,L0_TwoRobotPourKettle-v1,L0,TwoRobotPourKettle,0.9,0.9099259413778782,10,2026-05-13T17:41:25,TwoRobotPourKettle
pi05,pi,unknown,pi,15,unseen_finetune,L1_TwoRobotPourKettle-v1,L1,TwoRobotPourKettle,1.0,1.0,10,2026-05-13T18:13:13,TwoRobotPourKettle
pi05,pi,unknown,pi,15,unseen_finetune,L2_TwoRobotPourKettle-v1,L2,TwoRobotPourKettle,0.0,0.0097443700768053,10,2026-05-13T18:44:54,TwoRobotPourKettle
pi05,pi,unknown,pi,15,unseen_finetune,L3_TwoRobotPourKettle-v1,L3,TwoRobotPourKettle,1.0,1.0,10,2026-05-13T19:17:26,TwoRobotPourKettle
pi05,pi,unknown,pi,15,unseen_finetune,L0_TwoRobotPickFood-v1,L0,TwoRobotPickFood,1.0,1.0,10,2026-05-13T19:52:24,TwoRobotPickFood
pi05,pi,unknown,pi,15,unseen_finetune,L1_TwoRobotPickFood-v1,L1,TwoRobotPickFood,1.0,1.0,10,2026-05-13T20:26:33,TwoRobotPickFood
pi05,pi,unknown,pi,15,unseen_finetune,L2_TwoRobotPickFood-v1,L2,TwoRobotPickFood,0.1,0.8549098491668701,10,2026-05-13T20:59:15,TwoRobotPickFood
pi05,pi,unknown,pi,15,unseen_finetune,L3_TwoRobotPickFood-v1,L3,TwoRobotPickFood,0.9,0.976661401987076,10,2026-05-13T21:32:55,TwoRobotPickFood
pi05,pi,unknown,pi,15,unseen_finetune,L0_TwoRobotFoldBox-v1,L0,TwoRobotFoldBox,1.0,1.0,10,2026-05-13T22:01:51,TwoRobotFoldBox
pi05,pi,unknown,pi,15,unseen_finetune,L1_TwoRobotFoldBox-v1,L1,TwoRobotFoldBox,1.0,1.0,10,2026-05-13T22:32:28,TwoRobotFoldBox
pi05,pi,unknown,pi,15,unseen_finetune,L2_TwoRobotFoldBox-v1,L2,TwoRobotFoldBox,1.0,1.0,10,2026-05-13T23:02:57,TwoRobotFoldBox
pi05,pi,unknown,pi,15,unseen_finetune,L3_TwoRobotFoldBox-v1,L3,TwoRobotFoldBox,1.0,1.0,10,2026-05-13T23:39:36,TwoRobotFoldBox
pi05,pi,unknown,pi,30,seen,L0_TwoRobotStirSpoon-v1,L0,TwoRobotStirSpoon,0.6,0.7878860801458358,10,2026-05-08T08:54:53,TwoRobotStirSpoon
pi05,pi,unknown,pi,30,seen,L1_TwoRobotStirSpoon-v1,L1,TwoRobotStirSpoon,0.6,0.844703871011734,10,2026-05-08T09:23:33,TwoRobotStirSpoon
pi05,pi,unknown,pi,30,seen,L2_TwoRobotStirSpoon-v1,L2,TwoRobotStirSpoon,0.5,0.8498389005661011,10,2026-05-08T09:53:11,TwoRobotStirSpoon
pi05,pi,unknown,pi,30,seen,L3_TwoRobotStirSpoon-v1,L3,TwoRobotStirSpoon,0.3,0.7188505858182908,10,2026-05-08T10:21:31,TwoRobotStirSpoon
pi05,pi,unknown,pi,30,seen,L0_TwoRobotPlacePlateRack-v1,L0,TwoRobotPlacePlateRack,0.9,0.9398908913135527,10,2026-05-08T10:51:58,TwoRobotPlacePlateRack
pi05,pi,unknown,pi,30,seen,L1_TwoRobotPlacePlateRack-v1,L1,TwoRobotPlacePlateRack,0.9,1.0,10,2026-05-08T11:23:12,TwoRobotPlacePlateRack
pi05,pi,unknown,pi,30,seen,L2_TwoRobotPlacePlateRack-v1,L2,TwoRobotPlacePlateRack,0.5,1.0,10,2026-05-08T11:55:15,TwoRobotPlacePlateRack
pi05,pi,unknown,pi,30,seen,L3_TwoRobotPlacePlateRack-v1,L3,TwoRobotPlacePlateRack,0.9,0.9338020741939544,10,2026-05-08T12:23:53,TwoRobotPlacePlateRack
pi05,pi,unknown,pi,30,seen,L0_TwoRobotPlaceFileFolder-v1,L0,TwoRobotPlaceFileFolder,0.7,0.8551910907030106,10,2026-05-08T12:51:49,TwoRobotPlaceFileFolder
pi05,pi,unknown,pi,30,seen,L1_TwoRobotPlaceFileFolder-v1,L1,TwoRobotPlaceFileFolder,0.2,0.5956738859415054,10,2026-05-08T13:18:29,TwoRobotPlaceFileFolder
pi05,pi,unknown,pi,30,seen,L2_TwoRobotPlaceFileFolder-v1,L2,TwoRobotPlaceFileFolder,0.7,0.768248550593853,10,2026-05-08T13:45:04,TwoRobotPlaceFileFolder
pi05,pi,unknown,pi,30,seen,L3_TwoRobotPlaceFileFolder-v1,L3,TwoRobotPlaceFileFolder,0.6,0.7840083748102188,10,2026-05-08T14:10:55,TwoRobotPlaceFileFolder
pi05,pi,unknown,pi,30,seen,L0_TwoRobotFoldTowel-v1,L0,TwoRobotFoldTowel,1.0,1.0,10,2026-05-08T14:49:18,TwoRobotFoldTowel
pi05,pi,unknown,pi,30,seen,L1_TwoRobotFoldTowel-v1,L1,TwoRobotFoldTowel,1.0,1.0,10,2026-05-08T15:27:19,TwoRobotFoldTowel
pi05,pi,unknown,pi,30,seen,L2_TwoRobotFoldTowel-v1,L2,TwoRobotFoldTowel,0.9,0.985690611600876,10,2026-05-08T16:06:06,TwoRobotFoldTowel
pi05,pi,unknown,pi,30,seen,L3_TwoRobotFoldTowel-v1,L3,TwoRobotFoldTowel,0.9,1.0,10,2026-05-08T16:47:01,TwoRobotFoldTowel
pi05,pi,unknown,pi,30,seen,L0_TwoRobotPlaceMugRack-v1,L0,TwoRobotPlaceMugRack,0.9,1.0,10,2026-05-08T17:12:51,TwoRobotPlaceMugRack
pi05,pi,unknown,pi,30,seen,L1_TwoRobotPlaceMugRack-v1,L1,TwoRobotPlaceMugRack,1.0,1.0,10,2026-05-08T17:38:56,TwoRobotPlaceMugRack
pi05,pi,unknown,pi,30,seen,L2_TwoRobotPlaceMugRack-v1,L2,TwoRobotPlaceMugRack,0.8,1.0,10,2026-05-08T18:05:58,TwoRobotPlaceMugRack
pi05,pi,unknown,pi,30,seen,L3_TwoRobotPlaceMugRack-v1,L3,TwoRobotPlaceMugRack,0.9,1.0,10,2026-05-08T18:32:08,TwoRobotPlaceMugRack
pi05,pi,unknown,pi,30,unseen,L0_TwoRobotPickRemoteControl-v1,L0,TwoRobotPickRemoteControl,0.0,0.1507851779460907,10,2026-05-08T19:11:32,TwoRobotPickRemoteControl
pi05,pi,unknown,pi,30,unseen,L1_TwoRobotPickRemoteControl-v1,L1,TwoRobotPickRemoteControl,0.0,0.0927458204329013,10,2026-05-08T19:49:28,TwoRobotPickRemoteControl
pi05,pi,unknown,pi,30,unseen,L2_TwoRobotPickRemoteControl-v1,L2,TwoRobotPickRemoteControl,0.0,0.0077973436564207,10,2026-05-08T20:27:43,TwoRobotPickRemoteControl
pi05,pi,unknown,pi,30,unseen,L3_TwoRobotPickRemoteControl-v1,L3,TwoRobotPickRemoteControl,0.0,0.2085706725716591,10,2026-05-08T21:06:08,TwoRobotPickRemoteControl
pi05,pi,unknown,pi,30,unseen,L0_TwoRobotScanMilkBox-v1,L0,TwoRobotScanMilkBox,0.0,0.2393572926521301,10,2026-05-08T21:36:06,TwoRobotScanMilkBox
pi05,pi,unknown,pi,30,unseen,L1_TwoRobotScanMilkBox-v1,L1,TwoRobotScanMilkBox,0.0,0.3641984507441521,10,2026-05-08T22:05:38,TwoRobotScanMilkBox
pi05,pi,unknown,pi,30,unseen,L2_TwoRobotScanMilkBox-v1,L2,TwoRobotScanMilkBox,0.0,0.1104053067043423,10,2026-05-08T22:34:07,TwoRobotScanMilkBox
pi05,pi,unknown,pi,30,unseen,L3_TwoRobotScanMilkBox-v1,L3,TwoRobotScanMilkBox,0.0,0.2590488865971565,10,2026-05-08T23:01:39,TwoRobotScanMilkBox
pi05,pi,unknown,pi,30,unseen,L0_TwoRobotPourKettle-v1,L0,TwoRobotPourKettle,0.0,0.1239118702709674,10,2026-05-08T23:28:28,TwoRobotPourKettle
pi05,pi,unknown,pi,30,unseen,L1_TwoRobotPourKettle-v1,L1,TwoRobotPourKettle,0.0,0.1809657972306013,10,2026-05-09T10:22:20,TwoRobotPourKettle
pi05,pi,unknown,pi,30,unseen,L2_TwoRobotPourKettle-v1,L2,TwoRobotPourKettle,0.0,0.0044376532081514,10,2026-05-09T10:48:53,TwoRobotPourKettle
pi05,pi,unknown,pi,30,unseen,L3_TwoRobotPourKettle-v1,L3,TwoRobotPourKettle,0.0,0.0763881797902286,10,2026-05-09T11:16:18,TwoRobotPourKettle
pi05,pi,unknown,pi,30,unseen,L0_TwoRobotPickFood-v1,L0,TwoRobotPickFood,0.0,0.2796400457620621,10,2026-05-09T11:44:56,TwoRobotPickFood
pi05,pi,unknown,pi,30,unseen,L1_TwoRobotPickFood-v1,L1,TwoRobotPickFood,0.0,0.2052926525473594,10,2026-05-09T12:13:06,TwoRobotPickFood
pi05,pi,unknown,pi,30,unseen,L2_TwoRobotPickFood-v1,L2,TwoRobotPickFood,0.0,0.0171779260039329,10,2026-05-09T12:41:26,TwoRobotPickFood
pi05,pi,unknown,pi,30,unseen,L3_TwoRobotPickFood-v1,L3,TwoRobotPickFood,0.0,0.3077465564012527,10,2026-05-09T13:09:55,TwoRobotPickFood
pi05,pi,unknown,pi,30,unseen,L0_TwoRobotFoldBox-v1,L0,TwoRobotFoldBox,0.1,0.1151218412443995,10,2026-05-09T13:35:57,TwoRobotFoldBox
pi05,pi,unknown,pi,30,unseen,L1_TwoRobotFoldBox-v1,L1,TwoRobotFoldBox,0.9,0.9342362850904464,10,2026-05-09T14:01:58,TwoRobotFoldBox
pi05,pi,unknown,pi,30,unseen,L2_TwoRobotFoldBox-v1,L2,TwoRobotFoldBox,0.1,0.1047871517948806,10,2026-05-09T14:27:22,TwoRobotFoldBox
pi05,pi,unknown,pi,30,unseen,L3_TwoRobotFoldBox-v1,L3,TwoRobotFoldBox,0.0,0.0427359871566295,10,2026-05-09T14:53:38,TwoRobotFoldBox
pi05,pi,unknown,pi,30,unseen_finetune,L0_TwoRobotPickRemoteControl-v1,L0,TwoRobotPickRemoteControl,1.0,1.0,10,2026-05-13T13:12:12,TwoRobotPickRemoteControl
pi05,pi,unknown,pi,30,unseen_finetune,L1_TwoRobotPickRemoteControl-v1,L1,TwoRobotPickRemoteControl,0.9,0.964408266544342,10,2026-05-13T13:50:15,TwoRobotPickRemoteControl
pi05,pi,unknown,pi,30,unseen_finetune,L2_TwoRobotPickRemoteControl-v1,L2,TwoRobotPickRemoteControl,1.0,1.0,10,2026-05-13T14:29:10,TwoRobotPickRemoteControl
pi05,pi,unknown,pi,30,unseen_finetune,L3_TwoRobotPickRemoteControl-v1,L3,TwoRobotPickRemoteControl,1.0,1.0,10,2026-05-13T15:08:33,TwoRobotPickRemoteControl
pi05,pi,unknown,pi,30,unseen_finetune,L0_TwoRobotScanMilkBox-v1,L0,TwoRobotScanMilkBox,0.6,0.6401459872722626,10,2026-05-13T15:40:52,TwoRobotScanMilkBox
pi05,pi,unknown,pi,30,unseen_finetune,L1_TwoRobotScanMilkBox-v1,L1,TwoRobotScanMilkBox,0.6,0.8542341113090515,10,2026-05-13T16:11:25,TwoRobotScanMilkBox
pi05,pi,unknown,pi,30,unseen_finetune,L2_TwoRobotScanMilkBox-v1,L2,TwoRobotScanMilkBox,1.0,1.0,10,2026-05-13T16:41:05,TwoRobotScanMilkBox
pi05,pi,unknown,pi,30,unseen_finetune,L3_TwoRobotScanMilkBox-v1,L3,TwoRobotScanMilkBox,1.0,1.0,10,2026-05-13T17:10:34,TwoRobotScanMilkBox
pi05,pi,unknown,pi,30,unseen_finetune,L0_TwoRobotPourKettle-v1,L0,TwoRobotPourKettle,0.9,0.9100388087332248,10,2026-05-13T17:40:54,TwoRobotPourKettle
pi05,pi,unknown,pi,30,unseen_finetune,L1_TwoRobotPourKettle-v1,L1,TwoRobotPourKettle,1.0,1.0,10,2026-05-13T18:11:45,TwoRobotPourKettle
pi05,pi,unknown,pi,30,unseen_finetune,L2_TwoRobotPourKettle-v1,L2,TwoRobotPourKettle,0.0,0.0126057466026395,10,2026-05-13T18:45:19,TwoRobotPourKettle
pi05,pi,unknown,pi,30,unseen_finetune,L3_TwoRobotPourKettle-v1,L3,TwoRobotPourKettle,1.0,1.0,10,2026-05-13T19:17:18,TwoRobotPourKettle
pi05,pi,unknown,pi,30,unseen_finetune,L0_TwoRobotPickFood-v1,L0,TwoRobotPickFood,1.0,1.0,10,2026-05-13T19:51:18,TwoRobotPickFood
pi05,pi,unknown,pi,30,unseen_finetune,L1_TwoRobotPickFood-v1,L1,TwoRobotPickFood,1.0,1.0,10,2026-05-13T20:27:19,TwoRobotPickFood
pi05,pi,unknown,pi,30,unseen_finetune,L2_TwoRobotPickFood-v1,L2,TwoRobotPickFood,0.1,0.75851411819458,10,2026-05-13T21:00:51,TwoRobotPickFood
pi05,pi,unknown,pi,30,unseen_finetune,L3_TwoRobotPickFood-v1,L3,TwoRobotPickFood,0.9,1.0,10,2026-05-13T21:33:12,TwoRobotPickFood
pi05,pi,unknown,pi,30,unseen_finetune,L0_TwoRobotFoldBox-v1,L0,TwoRobotFoldBox,1.0,1.0,10,2026-05-13T22:01:54,TwoRobotFoldBox
pi05,pi,unknown,pi,30,unseen_finetune,L1_TwoRobotFoldBox-v1,L1,TwoRobotFoldBox,1.0,1.0,10,2026-05-13T22:32:15,TwoRobotFoldBox
pi05,pi,unknown,pi,30,unseen_finetune,L2_TwoRobotFoldBox-v1,L2,TwoRobotFoldBox,1.0,1.0,10,2026-05-13T23:02:16,TwoRobotFoldBox
pi05,pi,unknown,pi,30,unseen_finetune,L3_TwoRobotFoldBox-v1,L3,TwoRobotFoldBox,1.0,1.0,10,2026-05-13T23:39:46,TwoRobotFoldBox
pi05,pi,unknown,pi,45,seen,L0_TwoRobotStirSpoon-v1,L0,TwoRobotStirSpoon,1.0,1.0,10,2026-05-08T08:55:24,TwoRobotStirSpoon
pi05,pi,unknown,pi,45,seen,L1_TwoRobotStirSpoon-v1,L1,TwoRobotStirSpoon,0.7,0.7952789381146431,10,2026-05-08T09:23:33,TwoRobotStirSpoon
pi05,pi,unknown,pi,45,seen,L2_TwoRobotStirSpoon-v1,L2,TwoRobotStirSpoon,0.8,0.968478125333786,10,2026-05-08T09:52:55,TwoRobotStirSpoon
pi05,pi,unknown,pi,45,seen,L3_TwoRobotStirSpoon-v1,L3,TwoRobotStirSpoon,0.4,0.6935163706541061,10,2026-05-08T10:20:45,TwoRobotStirSpoon
pi05,pi,unknown,pi,45,seen,L0_TwoRobotPlacePlateRack-v1,L0,TwoRobotPlacePlateRack,0.7,0.8839084148406983,10,2026-05-08T10:51:52,TwoRobotPlacePlateRack
pi05,pi,unknown,pi,45,seen,L1_TwoRobotPlacePlateRack-v1,L1,TwoRobotPlacePlateRack,0.9,1.0,10,2026-05-08T11:23:26,TwoRobotPlacePlateRack
pi05,pi,unknown,pi,45,seen,L2_TwoRobotPlacePlateRack-v1,L2,TwoRobotPlacePlateRack,0.9,1.0,10,2026-05-08T11:54:51,TwoRobotPlacePlateRack
pi05,pi,unknown,pi,45,seen,L3_TwoRobotPlacePlateRack-v1,L3,TwoRobotPlacePlateRack,1.0,1.0,10,2026-05-08T12:23:14,TwoRobotPlacePlateRack
pi05,pi,unknown,pi,45,seen,L0_TwoRobotPlaceFileFolder-v1,L0,TwoRobotPlaceFileFolder,0.8,0.9088875949382782,10,2026-05-08T12:50:34,TwoRobotPlaceFileFolder
pi05,pi,unknown,pi,45,seen,L1_TwoRobotPlaceFileFolder-v1,L1,TwoRobotPlaceFileFolder,0.4,0.7691787779331207,10,2026-05-08T13:17:24,TwoRobotPlaceFileFolder
pi05,pi,unknown,pi,45,seen,L2_TwoRobotPlaceFileFolder-v1,L2,TwoRobotPlaceFileFolder,0.8,0.8444134727120399,10,2026-05-08T13:44:11,TwoRobotPlaceFileFolder
pi05,pi,unknown,pi,45,seen,L3_TwoRobotPlaceFileFolder-v1,L3,TwoRobotPlaceFileFolder,0.7,0.8367573350667954,10,2026-05-08T14:09:35,TwoRobotPlaceFileFolder
pi05,pi,unknown,pi,45,seen,L0_TwoRobotFoldTowel-v1,L0,TwoRobotFoldTowel,1.0,1.0,10,2026-05-08T14:47:38,TwoRobotFoldTowel
pi05,pi,unknown,pi,45,seen,L1_TwoRobotFoldTowel-v1,L1,TwoRobotFoldTowel,1.0,1.0,10,2026-05-08T15:26:38,TwoRobotFoldTowel
pi05,pi,unknown,pi,45,seen,L2_TwoRobotFoldTowel-v1,L2,TwoRobotFoldTowel,0.9,1.0,10,2026-05-08T16:04:40,TwoRobotFoldTowel
pi05,pi,unknown,pi,45,seen,L3_TwoRobotFoldTowel-v1,L3,TwoRobotFoldTowel,0.8,0.9833333313465118,10,2026-05-08T16:45:07,TwoRobotFoldTowel
pi05,pi,unknown,pi,45,seen,L0_TwoRobotPlaceMugRack-v1,L0,TwoRobotPlaceMugRack,0.8,0.991904664039612,10,2026-05-08T17:12:20,TwoRobotPlaceMugRack
pi05,pi,unknown,pi,45,seen,L1_TwoRobotPlaceMugRack-v1,L1,TwoRobotPlaceMugRack,1.0,1.0,10,2026-05-08T17:39:01,TwoRobotPlaceMugRack
pi05,pi,unknown,pi,45,seen,L2_TwoRobotPlaceMugRack-v1,L2,TwoRobotPlaceMugRack,0.9,1.0,10,2026-05-08T18:06:25,TwoRobotPlaceMugRack
pi05,pi,unknown,pi,45,seen,L3_TwoRobotPlaceMugRack-v1,L3,TwoRobotPlaceMugRack,0.9,1.0,10,2026-05-08T18:32:03,TwoRobotPlaceMugRack
pi05,pi,unknown,pi,45,unseen,L0_TwoRobotPickRemoteControl-v1,L0,TwoRobotPickRemoteControl,0.0,0.0700037263333797,10,2026-05-08T19:11:11,TwoRobotPickRemoteControl
pi05,pi,unknown,pi,45,unseen,L1_TwoRobotPickRemoteControl-v1,L1,TwoRobotPickRemoteControl,0.0,0.0671742063015699,10,2026-05-08T19:48:49,TwoRobotPickRemoteControl
pi05,pi,unknown,pi,45,unseen,L2_TwoRobotPickRemoteControl-v1,L2,TwoRobotPickRemoteControl,0.0,0.0079040336888283,10,2026-05-08T20:27:03,TwoRobotPickRemoteControl
pi05,pi,unknown,pi,45,unseen,L3_TwoRobotPickRemoteControl-v1,L3,TwoRobotPickRemoteControl,0.0,0.1544245682656765,10,2026-05-08T21:05:05,TwoRobotPickRemoteControl
pi05,pi,unknown,pi,45,unseen,L0_TwoRobotScanMilkBox-v1,L0,TwoRobotScanMilkBox,0.0,0.2945049315690994,10,2026-05-08T21:36:18,TwoRobotScanMilkBox
pi05,pi,unknown,pi,45,unseen,L1_TwoRobotScanMilkBox-v1,L1,TwoRobotScanMilkBox,0.0,0.3286833003163337,10,2026-05-08T22:05:56,TwoRobotScanMilkBox
pi05,pi,unknown,pi,45,unseen,L2_TwoRobotScanMilkBox-v1,L2,TwoRobotScanMilkBox,0.0,0.0354221803136169,10,2026-05-08T22:34:14,TwoRobotScanMilkBox
pi05,pi,unknown,pi,45,unseen,L3_TwoRobotScanMilkBox-v1,L3,TwoRobotScanMilkBox,0.0,0.1958240583539009,10,2026-05-08T23:02:07,TwoRobotScanMilkBox
pi05,pi,unknown,pi,45,unseen,L0_TwoRobotPourKettle-v1,L0,TwoRobotPourKettle,0.1,0.3639932006597519,10,2026-05-08T23:27:38,TwoRobotPourKettle
pi05,pi,unknown,pi,45,unseen,L1_TwoRobotPourKettle-v1,L1,TwoRobotPourKettle,0.0,0.1056564882397651,10,2026-05-08T23:53:43,TwoRobotPourKettle
pi05,pi,unknown,pi,45,unseen,L2_TwoRobotPourKettle-v1,L2,TwoRobotPourKettle,0.0,0.0079277318436652,10,2026-05-09T00:21:00,TwoRobotPourKettle
pi05,pi,unknown,pi,45,unseen,L3_TwoRobotPourKettle-v1,L3,TwoRobotPourKettle,0.0,0.0554595939815044,10,2026-05-09T00:47:08,TwoRobotPourKettle
pi05,pi,unknown,pi,45,unseen,L0_TwoRobotPickFood-v1,L0,TwoRobotPickFood,0.0,0.2667977258563042,10,2026-05-09T01:14:32,TwoRobotPickFood
pi05,pi,unknown,pi,45,unseen,L1_TwoRobotPickFood-v1,L1,TwoRobotPickFood,0.0,0.2321405932307243,10,2026-05-09T01:42:32,TwoRobotPickFood
pi05,pi,unknown,pi,45,unseen,L2_TwoRobotPickFood-v1,L2,TwoRobotPickFood,0.0,0.0055388882756233,10,2026-05-09T02:10:41,TwoRobotPickFood
pi05,pi,unknown,pi,45,unseen,L3_TwoRobotPickFood-v1,L3,TwoRobotPickFood,0.0,0.2852550238370895,10,2026-05-09T02:37:49,TwoRobotPickFood
pi05,pi,unknown,pi,45,unseen,L0_TwoRobotFoldBox-v1,L0,TwoRobotFoldBox,0.0,0.0112022512825205,10,2026-05-09T03:04:18,TwoRobotFoldBox
pi05,pi,unknown,pi,45,unseen,L1_TwoRobotFoldBox-v1,L1,TwoRobotFoldBox,1.0,1.0,10,2026-05-09T03:29:08,TwoRobotFoldBox
pi05,pi,unknown,pi,45,unseen,L2_TwoRobotFoldBox-v1,L2,TwoRobotFoldBox,0.0,0.1037354080937802,10,2026-05-09T03:54:23,TwoRobotFoldBox
pi05,pi,unknown,pi,45,unseen,L3_TwoRobotFoldBox-v1,L3,TwoRobotFoldBox,0.9,0.9035401053726672,10,2026-05-09T04:20:31,TwoRobotFoldBox
pi05,pi,unknown,pi,45,unseen_finetune,L0_TwoRobotPickRemoteControl-v1,L0,TwoRobotPickRemoteControl,1.0,1.0,10,2026-05-13T13:11:50,TwoRobotPickRemoteControl
pi05,pi,unknown,pi,45,unseen_finetune,L1_TwoRobotPickRemoteControl-v1,L1,TwoRobotPickRemoteControl,1.0,1.0,10,2026-05-13T13:49:26,TwoRobotPickRemoteControl
pi05,pi,unknown,pi,45,unseen_finetune,L2_TwoRobotPickRemoteControl-v1,L2,TwoRobotPickRemoteControl,1.0,1.0,10,2026-05-13T14:28:45,TwoRobotPickRemoteControl
pi05,pi,unknown,pi,45,unseen_finetune,L3_TwoRobotPickRemoteControl-v1,L3,TwoRobotPickRemoteControl,1.0,1.0,10,2026-05-13T15:08:54,TwoRobotPickRemoteControl
pi05,pi,unknown,pi,45,unseen_finetune,L0_TwoRobotScanMilkBox-v1,L0,TwoRobotScanMilkBox,0.8,0.8795481622219086,10,2026-05-13T15:39:41,TwoRobotScanMilkBox
pi05,pi,unknown,pi,45,unseen_finetune,L1_TwoRobotScanMilkBox-v1,L1,TwoRobotScanMilkBox,0.7,0.8909410178661347,10,2026-05-13T16:13:18,TwoRobotScanMilkBox
pi05,pi,unknown,pi,45,unseen_finetune,L2_TwoRobotScanMilkBox-v1,L2,TwoRobotScanMilkBox,1.0,1.0,10,2026-05-13T16:44:59,TwoRobotScanMilkBox
pi05,pi,unknown,pi,45,unseen_finetune,L3_TwoRobotScanMilkBox-v1,L3,TwoRobotScanMilkBox,1.0,1.0,10,2026-05-13T17:13:48,TwoRobotScanMilkBox
pi05,pi,unknown,pi,45,unseen_finetune,L0_TwoRobotPourKettle-v1,L0,TwoRobotPourKettle,0.9,0.909923318773508,10,2026-05-13T17:43:38,TwoRobotPourKettle
pi05,pi,unknown,pi,45,unseen_finetune,L1_TwoRobotPourKettle-v1,L1,TwoRobotPourKettle,0.8,0.936783766746521,10,2026-05-13T18:16:04,TwoRobotPourKettle
pi05,pi,unknown,pi,45,unseen_finetune,L2_TwoRobotPourKettle-v1,L2,TwoRobotPourKettle,0.0,0.0109910211060196,10,2026-05-13T18:47:26,TwoRobotPourKettle
pi05,pi,unknown,pi,45,unseen_finetune,L3_TwoRobotPourKettle-v1,L3,TwoRobotPourKettle,1.0,1.0,10,2026-05-13T19:18:29,TwoRobotPourKettle
pi05,pi,unknown,pi,45,unseen_finetune,L0_TwoRobotPickFood-v1,L0,TwoRobotPickFood,1.0,1.0,10,2026-05-13T19:50:56,TwoRobotPickFood
pi05,pi,unknown,pi,45,unseen_finetune,L1_TwoRobotPickFood-v1,L1,TwoRobotPickFood,1.0,1.0,10,2026-05-13T20:25:15,TwoRobotPickFood
pi05,pi,unknown,pi,45,unseen_finetune,L2_TwoRobotPickFood-v1,L2,TwoRobotPickFood,0.2,0.6624498784542083,10,2026-05-13T20:58:46,TwoRobotPickFood
pi05,pi,unknown,pi,45,unseen_finetune,L3_TwoRobotPickFood-v1,L3,TwoRobotPickFood,1.0,1.0,10,2026-05-13T21:32:21,TwoRobotPickFood
pi05,pi,unknown,pi,45,unseen_finetune,L0_TwoRobotFoldBox-v1,L0,TwoRobotFoldBox,1.0,1.0,10,2026-05-13T22:02:19,TwoRobotFoldBox
pi05,pi,unknown,pi,45,unseen_finetune,L1_TwoRobotFoldBox-v1,L1,TwoRobotFoldBox,1.0,1.0,10,2026-05-13T22:31:58,TwoRobotFoldBox
pi05,pi,unknown,pi,45,unseen_finetune,L2_TwoRobotFoldBox-v1,L2,TwoRobotFoldBox,1.0,1.0,10,2026-05-13T23:01:51,TwoRobotFoldBox
pi05,pi,unknown,pi,45,unseen_finetune,L3_TwoRobotFoldBox-v1,L3,TwoRobotFoldBox,1.0,1.0,10,2026-05-13T23:39:19,TwoRobotFoldBox
pi05,pi,unknown,pi,15,unseen_scratch,L0_TwoRobotPickRemoteControl-v1,L0,TwoRobotPickRemoteControl,0.9,0.9343824684619904,10,2026-05-07T18:50:24,TwoRobotPickRemoteControl
pi05,pi,unknown,pi,15,unseen_scratch,L1_TwoRobotPickRemoteControl-v1,L1,TwoRobotPickRemoteControl,1.0,1.0,10,2026-05-07T19:29:58,TwoRobotPickRemoteControl
pi05,pi,unknown,pi,15,unseen_scratch,L2_TwoRobotPickRemoteControl-v1,L2,TwoRobotPickRemoteControl,0.8,0.8018329692073166,10,2026-05-07T20:07:48,TwoRobotPickRemoteControl
pi05,pi,unknown,pi,15,unseen_scratch,L3_TwoRobotPickRemoteControl-v1,L3,TwoRobotPickRemoteControl,1.0,1.0,10,2026-05-07T20:42:41,TwoRobotPickRemoteControl
pi05,pi,unknown,pi,15,unseen_scratch,L0_TwoRobotScanMilkBox-v1,L0,TwoRobotScanMilkBox,0.8,0.8971877038478852,10,2026-05-07T21:13:31,TwoRobotScanMilkBox
pi05,pi,unknown,pi,15,unseen_scratch,L1_TwoRobotScanMilkBox-v1,L1,TwoRobotScanMilkBox,0.7,0.8870076537132263,10,2026-05-07T21:44:48,TwoRobotScanMilkBox
pi05,pi,unknown,pi,15,unseen_scratch,L2_TwoRobotScanMilkBox-v1,L2,TwoRobotScanMilkBox,0.7,0.7461604535579681,10,2026-05-07T22:15:17,TwoRobotScanMilkBox
pi05,pi,unknown,pi,15,unseen_scratch,L3_TwoRobotScanMilkBox-v1,L3,TwoRobotScanMilkBox,0.4,0.564283199608326,10,2026-05-07T22:44:32,TwoRobotScanMilkBox
pi05,pi,unknown,pi,15,unseen_scratch,L0_TwoRobotPourKettle-v1,L0,TwoRobotPourKettle,0.9,0.914028613269329,10,2026-05-07T23:11:53,TwoRobotPourKettle
pi05,pi,unknown,pi,15,unseen_scratch,L1_TwoRobotPourKettle-v1,L1,TwoRobotPourKettle,0.9,0.967834061384201,10,2026-05-07T23:39:25,TwoRobotPourKettle
pi05,pi,unknown,pi,15,unseen_scratch,L2_TwoRobotPourKettle-v1,L2,TwoRobotPourKettle,0.0,0.0133560063783079,10,2026-05-08T00:06:37,TwoRobotPourKettle
pi05,pi,unknown,pi,15,unseen_scratch,L3_TwoRobotPourKettle-v1,L3,TwoRobotPourKettle,1.0,1.0,10,2026-05-08T00:34:23,TwoRobotPourKettle
pi05,pi,unknown,pi,15,unseen_scratch,L0_TwoRobotPickFood-v1,L0,TwoRobotPickFood,1.0,1.0,10,2026-05-08T01:04:49,TwoRobotPickFood
pi05,pi,unknown,pi,15,unseen_scratch,L1_TwoRobotPickFood-v1,L1,TwoRobotPickFood,0.8,0.9231288135051728,10,2026-05-08T01:34:08,TwoRobotPickFood
pi05,pi,unknown,pi,15,unseen_scratch,L2_TwoRobotPickFood-v1,L2,TwoRobotPickFood,0.0,0.6121836096048355,10,2026-05-08T02:03:32,TwoRobotPickFood
pi05,pi,unknown,pi,15,unseen_scratch,L3_TwoRobotPickFood-v1,L3,TwoRobotPickFood,1.0,1.0,10,2026-05-08T02:33:14,TwoRobotPickFood
pi05,pi,unknown,pi,15,unseen_scratch,L0_TwoRobotFoldBox-v1,L0,TwoRobotFoldBox,1.0,1.0,10,2026-05-08T02:59:57,TwoRobotFoldBox
pi05,pi,unknown,pi,15,unseen_scratch,L1_TwoRobotFoldBox-v1,L1,TwoRobotFoldBox,1.0,1.0,10,2026-05-08T03:25:47,TwoRobotFoldBox
pi05,pi,unknown,pi,15,unseen_scratch,L2_TwoRobotFoldBox-v1,L2,TwoRobotFoldBox,1.0,1.0,10,2026-05-08T03:51:29,TwoRobotFoldBox
pi05,pi,unknown,pi,15,unseen_scratch,L3_TwoRobotFoldBox-v1,L3,TwoRobotFoldBox,1.0,1.0,10,2026-05-08T04:16:07,TwoRobotFoldBox
rdt,rdt,unknown,rdt,15,seen,L0_TwoRobotStirSpoon-v1,L0,TwoRobotStirSpoon,0.0,0.2250339731574058,10,2026-05-25T16:19:17,TwoRobotStirSpoon
rdt,rdt,unknown,rdt,15,seen,L1_TwoRobotStirSpoon-v1,L1,TwoRobotStirSpoon,0.0,0.184596885740757,10,2026-05-25T16:30:41,TwoRobotStirSpoon
rdt,rdt,unknown,rdt,15,seen,L2_TwoRobotStirSpoon-v1,L2,TwoRobotStirSpoon,0.2,0.7243080556392669,10,2026-05-25T16:42:06,TwoRobotStirSpoon
rdt,rdt,unknown,rdt,15,seen,L3_TwoRobotStirSpoon-v1,L3,TwoRobotStirSpoon,0.6,0.7179604530334472,10,2026-05-25T16:53:20,TwoRobotStirSpoon
rdt,rdt,unknown,rdt,15,seen,L0_TwoRobotPlacePlateRack-v1,L0,TwoRobotPlacePlateRack,0.6,0.7353216350078583,10,2026-05-25T17:07:16,TwoRobotPlacePlateRack
rdt,rdt,unknown,rdt,15,seen,L1_TwoRobotPlacePlateRack-v1,L1,TwoRobotPlacePlateRack,0.7,0.9232538908720016,10,2026-05-25T17:21:36,TwoRobotPlacePlateRack
rdt,rdt,unknown,rdt,15,seen,L2_TwoRobotPlacePlateRack-v1,L2,TwoRobotPlacePlateRack,0.5,0.6936433851718903,10,2026-05-25T17:36:06,TwoRobotPlacePlateRack
rdt,rdt,unknown,rdt,15,seen,L3_TwoRobotPlacePlateRack-v1,L3,TwoRobotPlacePlateRack,0.5,0.7964272379875184,10,2026-05-25T17:47:15,TwoRobotPlacePlateRack
rdt,rdt,unknown,rdt,15,seen,L0_TwoRobotPlaceFileFolder-v1,L0,TwoRobotPlaceFileFolder,0.7,0.8478033989667892,10,2026-05-25T17:57:45,TwoRobotPlaceFileFolder
rdt,rdt,unknown,rdt,15,seen,L1_TwoRobotPlaceFileFolder-v1,L1,TwoRobotPlaceFileFolder,0.0,0.5013038635253906,10,2026-05-25T18:08:10,TwoRobotPlaceFileFolder
rdt,rdt,unknown,rdt,15,seen,L2_TwoRobotPlaceFileFolder-v1,L2,TwoRobotPlaceFileFolder,0.1,0.3741904929280281,10,2026-05-25T18:18:09,TwoRobotPlaceFileFolder
rdt,rdt,unknown,rdt,15,seen,L3_TwoRobotPlaceFileFolder-v1,L3,TwoRobotPlaceFileFolder,1.0,1.0,10,2026-05-25T18:27:39,TwoRobotPlaceFileFolder
rdt,rdt,unknown,rdt,15,seen,L0_TwoRobotFoldTowel-v1,L0,TwoRobotFoldTowel,0.5,0.8677634239196778,10,2026-05-25T18:40:27,TwoRobotFoldTowel
rdt,rdt,unknown,rdt,15,seen,L1_TwoRobotFoldTowel-v1,L1,TwoRobotFoldTowel,0.0,0.2963896811008453,10,2026-05-25T18:53:08,TwoRobotFoldTowel
rdt,rdt,unknown,rdt,15,seen,L2_TwoRobotFoldTowel-v1,L2,TwoRobotFoldTowel,0.0,0.215300053358078,10,2026-05-25T19:06:23,TwoRobotFoldTowel
rdt,rdt,unknown,rdt,15,seen,L3_TwoRobotFoldTowel-v1,L3,TwoRobotFoldTowel,0.4,0.775209590792656,10,2026-05-25T19:19:41,TwoRobotFoldTowel
rdt,rdt,unknown,rdt,15,seen,L0_TwoRobotPlaceMugRack-v1,L0,TwoRobotPlaceMugRack,0.1,0.7105806767940521,10,2026-05-25T19:33:49,TwoRobotPlaceMugRack
rdt,rdt,unknown,rdt,15,seen,L1_TwoRobotPlaceMugRack-v1,L1,TwoRobotPlaceMugRack,0.0,0.2060789451003074,10,2026-05-25T19:44:23,TwoRobotPlaceMugRack
rdt,rdt,unknown,rdt,15,seen,L2_TwoRobotPlaceMugRack-v1,L2,TwoRobotPlaceMugRack,0.6,1.0,10,2026-05-25T19:55:21,TwoRobotPlaceMugRack
rdt,rdt,unknown,rdt,15,seen,L3_TwoRobotPlaceMugRack-v1,L3,TwoRobotPlaceMugRack,0.9,1.0,10,2026-05-25T20:05:06,TwoRobotPlaceMugRack
rdt,rdt,unknown,rdt,15,unseen,L0_TwoRobotPickRemoteControl-v1,L0,TwoRobotPickRemoteControl,0.0,0.168477688729763,10,2026-05-25T20:17:18,TwoRobotPickRemoteControl
rdt,rdt,unknown,rdt,15,unseen,L1_TwoRobotPickRemoteControl-v1,L1,TwoRobotPickRemoteControl,0.0,0.0893743228167295,10,2026-05-25T20:29:11,TwoRobotPickRemoteControl
rdt,rdt,unknown,rdt,15,unseen,L2_TwoRobotPickRemoteControl-v1,L2,TwoRobotPickRemoteControl,0.0,0.007815012987703,10,2026-05-25T20:40:58,TwoRobotPickRemoteControl
rdt,rdt,unknown,rdt,15,unseen,L3_TwoRobotPickRemoteControl-v1,L3,TwoRobotPickRemoteControl,0.0,0.2292290091514587,10,2026-05-25T20:53:00,TwoRobotPickRemoteControl
rdt,rdt,unknown,rdt,15,unseen,L0_TwoRobotScanMilkBox-v1,L0,TwoRobotScanMilkBox,0.0,0.3210612803697586,10,2026-05-25T21:05:42,TwoRobotScanMilkBox
rdt,rdt,unknown,rdt,15,unseen,L1_TwoRobotScanMilkBox-v1,L1,TwoRobotScanMilkBox,0.0,0.2213411971926689,10,2026-05-25T21:18:11,TwoRobotScanMilkBox
rdt,rdt,unknown,rdt,15,unseen,L2_TwoRobotScanMilkBox-v1,L2,TwoRobotScanMilkBox,0.0,0.1103147149085998,10,2026-05-25T21:29:25,TwoRobotScanMilkBox
rdt,rdt,unknown,rdt,15,unseen,L3_TwoRobotScanMilkBox-v1,L3,TwoRobotScanMilkBox,0.0,0.192334945499897,10,2026-05-25T21:39:34,TwoRobotScanMilkBox
rdt,rdt,unknown,rdt,15,unseen,L0_TwoRobotPourKettle-v1,L0,TwoRobotPourKettle,0.0,0.1445973619818687,10,2026-05-25T21:48:12,TwoRobotPourKettle
rdt,rdt,unknown,rdt,15,unseen,L1_TwoRobotPourKettle-v1,L1,TwoRobotPourKettle,0.0,0.1044187664985656,10,2026-05-25T21:56:48,TwoRobotPourKettle
rdt,rdt,unknown,rdt,15,unseen,L2_TwoRobotPourKettle-v1,L2,TwoRobotPourKettle,0.0,0.0045099338050931,10,2026-05-25T22:05:32,TwoRobotPourKettle
rdt,rdt,unknown,rdt,15,unseen,L3_TwoRobotPourKettle-v1,L3,TwoRobotPourKettle,0.0,0.0554426994174718,10,2026-05-25T22:14:21,TwoRobotPourKettle
rdt,rdt,unknown,rdt,15,unseen,L0_TwoRobotPickFood-v1,L0,TwoRobotPickFood,0.0,0.1806565910577774,10,2026-05-25T22:24:24,TwoRobotPickFood
rdt,rdt,unknown,rdt,15,unseen,L1_TwoRobotPickFood-v1,L1,TwoRobotPickFood,0.0,0.1521194323897362,10,2026-05-25T22:34:26,TwoRobotPickFood
rdt,rdt,unknown,rdt,15,unseen,L2_TwoRobotPickFood-v1,L2,TwoRobotPickFood,0.0,0.0200023248791694,10,2026-05-25T22:44:39,TwoRobotPickFood
rdt,rdt,unknown,rdt,15,unseen,L3_TwoRobotPickFood-v1,L3,TwoRobotPickFood,0.0,0.1865103796124458,10,2026-05-25T22:54:57,TwoRobotPickFood
rdt,rdt,unknown,rdt,15,unseen,L0_TwoRobotFoldBox-v1,L0,TwoRobotFoldBox,1.0,1.0,10,2026-05-25T23:03:13,TwoRobotFoldBox
rdt,rdt,unknown,rdt,15,unseen,L1_TwoRobotFoldBox-v1,L1,TwoRobotFoldBox,0.8,0.8447578582912684,10,2026-05-25T23:10:49,TwoRobotFoldBox
rdt,rdt,unknown,rdt,15,unseen,L2_TwoRobotFoldBox-v1,L2,TwoRobotFoldBox,0.7,0.7133680000901222,10,2026-05-25T23:18:41,TwoRobotFoldBox
rdt,rdt,unknown,rdt,15,unseen,L3_TwoRobotFoldBox-v1,L3,TwoRobotFoldBox,0.0,0.0226866107434034,10,2026-05-25T23:27:02,TwoRobotFoldBox
rdt,rdt,unknown,rdt,15,unseen_finetune,L0_TwoRobotPickRemoteControl-v1,L0,TwoRobotPickRemoteControl,0.0,0.3529586881399155,10,2026-05-25T16:17:38,TwoRobotPickRemoteControl
rdt,rdt,unknown,rdt,15,unseen_finetune,L1_TwoRobotPickRemoteControl-v1,L1,TwoRobotPickRemoteControl,0.0,0.2651774853467941,10,2026-05-25T16:29:42,TwoRobotPickRemoteControl
rdt,rdt,unknown,rdt,15,unseen_finetune,L2_TwoRobotPickRemoteControl-v1,L2,TwoRobotPickRemoteControl,0.0,0.0119203282520174,10,2026-05-25T16:41:29,TwoRobotPickRemoteControl
rdt,rdt,unknown,rdt,15,unseen_finetune,L3_TwoRobotPickRemoteControl-v1,L3,TwoRobotPickRemoteControl,0.3,0.6342844665050507,10,2026-05-25T16:53:31,TwoRobotPickRemoteControl
rdt,rdt,unknown,rdt,15,unseen_finetune,L0_TwoRobotScanMilkBox-v1,L0,TwoRobotScanMilkBox,0.2,0.6727783113718033,10,2026-05-25T17:06:08,TwoRobotScanMilkBox
rdt,rdt,unknown,rdt,15,unseen_finetune,L1_TwoRobotScanMilkBox-v1,L1,TwoRobotScanMilkBox,0.0,0.6657598853111267,10,2026-05-25T17:19:10,TwoRobotScanMilkBox
rdt,rdt,unknown,rdt,15,unseen_finetune,L2_TwoRobotScanMilkBox-v1,L2,TwoRobotScanMilkBox,0.0,0.2155621886253357,10,2026-05-25T17:31:27,TwoRobotScanMilkBox
rdt,rdt,unknown,rdt,15,unseen_finetune,L3_TwoRobotScanMilkBox-v1,L3,TwoRobotScanMilkBox,0.4,0.650542214512825,10,2026-05-25T17:43:22,TwoRobotScanMilkBox
rdt,rdt,unknown,rdt,15,unseen_finetune,L0_TwoRobotPourKettle-v1,L0,TwoRobotPourKettle,0.0,0.1400503329932689,10,2026-05-25T17:53:37,TwoRobotPourKettle
rdt,rdt,unknown,rdt,15,unseen_finetune,L1_TwoRobotPourKettle-v1,L1,TwoRobotPourKettle,0.0,0.1222636841237545,10,2026-05-25T18:03:41,TwoRobotPourKettle
rdt,rdt,unknown,rdt,15,unseen_finetune,L2_TwoRobotPourKettle-v1,L2,TwoRobotPourKettle,0.0,0.0074337522499263,10,2026-05-25T18:13:44,TwoRobotPourKettle
rdt,rdt,unknown,rdt,15,unseen_finetune,L3_TwoRobotPourKettle-v1,L3,TwoRobotPourKettle,0.2,0.4254085287451744,10,2026-05-25T18:23:56,TwoRobotPourKettle
rdt,rdt,unknown,rdt,15,unseen_finetune,L0_TwoRobotPickFood-v1,L0,TwoRobotPickFood,0.1,0.6683049947023392,10,2026-05-25T18:35:40,TwoRobotPickFood
rdt,rdt,unknown,rdt,15,unseen_finetune,L1_TwoRobotPickFood-v1,L1,TwoRobotPickFood,0.0,0.4996115952730179,10,2026-05-25T18:47:26,TwoRobotPickFood
rdt,rdt,unknown,rdt,15,unseen_finetune,L2_TwoRobotPickFood-v1,L2,TwoRobotPickFood,0.0,0.0108372196555137,10,2026-05-25T18:58:57,TwoRobotPickFood
rdt,rdt,unknown,rdt,15,unseen_finetune,L3_TwoRobotPickFood-v1,L3,TwoRobotPickFood,0.4,0.8592399716377258,10,2026-05-25T19:10:33,TwoRobotPickFood
rdt,rdt,unknown,rdt,15,unseen_finetune,L0_TwoRobotFoldBox-v1,L0,TwoRobotFoldBox,0.9,0.90199411008507,10,2026-05-25T19:19:54,TwoRobotFoldBox
rdt,rdt,unknown,rdt,15,unseen_finetune,L1_TwoRobotFoldBox-v1,L1,TwoRobotFoldBox,0.5,0.5379195336252451,10,2026-05-25T19:32:37,TwoRobotFoldBox
rdt,rdt,unknown,rdt,15,unseen_finetune,L2_TwoRobotFoldBox-v1,L2,TwoRobotFoldBox,0.8,1.0,10,2026-05-25T19:41:54,TwoRobotFoldBox
rdt,rdt,unknown,rdt,15,unseen_finetune,L3_TwoRobotFoldBox-v1,L3,TwoRobotFoldBox,0.0,0.0539490032941103,10,2026-05-25T19:51:46,TwoRobotFoldBox
rdt,rdt,unknown,rdt,30,seen,L0_TwoRobotStirSpoon-v1,L0,TwoRobotStirSpoon,0.4,0.7550635233521461,10,2026-05-25T16:19:17,TwoRobotStirSpoon
rdt,rdt,unknown,rdt,30,seen,L1_TwoRobotStirSpoon-v1,L1,TwoRobotStirSpoon,0.0,0.1593046121299267,10,2026-05-25T16:30:36,TwoRobotStirSpoon
rdt,rdt,unknown,rdt,30,seen,L2_TwoRobotStirSpoon-v1,L2,TwoRobotStirSpoon,0.3,0.7271417181007565,10,2026-05-25T16:42:05,TwoRobotStirSpoon
rdt,rdt,unknown,rdt,30,seen,L3_TwoRobotStirSpoon-v1,L3,TwoRobotStirSpoon,0.9,0.9763596832752228,10,2026-05-25T16:53:22,TwoRobotStirSpoon
rdt,rdt,unknown,rdt,30,seen,L0_TwoRobotPlacePlateRack-v1,L0,TwoRobotPlacePlateRack,0.6,0.8046669512987137,10,2026-05-25T17:07:16,TwoRobotPlacePlateRack
rdt,rdt,unknown,rdt,30,seen,L1_TwoRobotPlacePlateRack-v1,L1,TwoRobotPlacePlateRack,0.8,0.92238387465477,10,2026-05-25T17:21:38,TwoRobotPlacePlateRack
rdt,rdt,unknown,rdt,30,seen,L2_TwoRobotPlacePlateRack-v1,L2,TwoRobotPlacePlateRack,0.7,0.90257288813591,10,2026-05-25T17:36:09,TwoRobotPlacePlateRack
rdt,rdt,unknown,rdt,30,seen,L3_TwoRobotPlacePlateRack-v1,L3,TwoRobotPlacePlateRack,0.5,0.8875842094421387,10,2026-05-25T17:47:13,TwoRobotPlacePlateRack
rdt,rdt,unknown,rdt,30,seen,L0_TwoRobotPlaceFileFolder-v1,L0,TwoRobotPlaceFileFolder,0.1,0.5450674533843994,10,2026-05-25T17:57:46,TwoRobotPlaceFileFolder
rdt,rdt,unknown,rdt,30,seen,L1_TwoRobotPlaceFileFolder-v1,L1,TwoRobotPlaceFileFolder,0.6,0.8196500658988952,10,2026-05-25T18:08:12,TwoRobotPlaceFileFolder
rdt,rdt,unknown,rdt,30,seen,L2_TwoRobotPlaceFileFolder-v1,L2,TwoRobotPlaceFileFolder,0.1,0.6954874709248543,10,2026-05-25T18:18:10,TwoRobotPlaceFileFolder
rdt,rdt,unknown,rdt,30,seen,L3_TwoRobotPlaceFileFolder-v1,L3,TwoRobotPlaceFileFolder,0.9,0.9458242803812028,10,2026-05-25T18:27:38,TwoRobotPlaceFileFolder
rdt,rdt,unknown,rdt,30,seen,L0_TwoRobotFoldTowel-v1,L0,TwoRobotFoldTowel,0.9,1.0,10,2026-05-25T18:40:33,TwoRobotFoldTowel
rdt,rdt,unknown,rdt,30,seen,L1_TwoRobotFoldTowel-v1,L1,TwoRobotFoldTowel,0.2,0.7595676124095917,10,2026-05-25T18:53:26,TwoRobotFoldTowel
rdt,rdt,unknown,rdt,30,seen,L2_TwoRobotFoldTowel-v1,L2,TwoRobotFoldTowel,0.0,0.284871320426464,10,2026-05-25T19:06:23,TwoRobotFoldTowel
rdt,rdt,unknown,rdt,30,seen,L3_TwoRobotFoldTowel-v1,L3,TwoRobotFoldTowel,0.8,0.9034750193357468,10,2026-05-25T19:19:45,TwoRobotFoldTowel
rdt,rdt,unknown,rdt,30,seen,L0_TwoRobotPlaceMugRack-v1,L0,TwoRobotPlaceMugRack,0.6,0.980001538991928,10,2026-05-25T19:33:44,TwoRobotPlaceMugRack
rdt,rdt,unknown,rdt,30,seen,L1_TwoRobotPlaceMugRack-v1,L1,TwoRobotPlaceMugRack,0.3,0.9038826525211334,10,2026-05-25T19:44:28,TwoRobotPlaceMugRack
rdt,rdt,unknown,rdt,30,seen,L2_TwoRobotPlaceMugRack-v1,L2,TwoRobotPlaceMugRack,0.4,0.979865574836731,10,2026-05-25T19:55:20,TwoRobotPlaceMugRack
rdt,rdt,unknown,rdt,30,seen,L3_TwoRobotPlaceMugRack-v1,L3,TwoRobotPlaceMugRack,1.0,1.0,10,2026-05-25T20:05:06,TwoRobotPlaceMugRack
rdt,rdt,unknown,rdt,30,unseen,L0_TwoRobotPickRemoteControl-v1,L0,TwoRobotPickRemoteControl,0.0,0.0795160129666328,10,2026-05-25T20:17:16,TwoRobotPickRemoteControl
rdt,rdt,unknown,rdt,30,unseen,L1_TwoRobotPickRemoteControl-v1,L1,TwoRobotPickRemoteControl,0.0,0.0397076439112424,10,2026-05-25T20:29:11,TwoRobotPickRemoteControl
rdt,rdt,unknown,rdt,30,unseen,L2_TwoRobotPickRemoteControl-v1,L2,TwoRobotPickRemoteControl,0.0,0.007815012987703,10,2026-05-25T20:41:01,TwoRobotPickRemoteControl
rdt,rdt,unknown,rdt,30,unseen,L3_TwoRobotPickRemoteControl-v1,L3,TwoRobotPickRemoteControl,0.0,0.1200762376189231,10,2026-05-25T20:52:58,TwoRobotPickRemoteControl
rdt,rdt,unknown,rdt,30,unseen,L0_TwoRobotScanMilkBox-v1,L0,TwoRobotScanMilkBox,0.0,0.32370086312294,10,2026-05-25T21:05:39,TwoRobotScanMilkBox
rdt,rdt,unknown,rdt,30,unseen,L1_TwoRobotScanMilkBox-v1,L1,TwoRobotScanMilkBox,0.0,0.2410605162382126,10,2026-05-25T21:18:12,TwoRobotScanMilkBox
rdt,rdt,unknown,rdt,30,unseen,L2_TwoRobotScanMilkBox-v1,L2,TwoRobotScanMilkBox,0.0,0.1325313784182071,10,2026-05-25T21:29:21,TwoRobotScanMilkBox
rdt,rdt,unknown,rdt,30,unseen,L3_TwoRobotScanMilkBox-v1,L3,TwoRobotScanMilkBox,0.0,0.1345708958804607,10,2026-05-25T21:39:31,TwoRobotScanMilkBox
rdt,rdt,unknown,rdt,30,unseen,L0_TwoRobotPourKettle-v1,L0,TwoRobotPourKettle,0.0,0.128580006211996,10,2026-05-25T21:48:14,TwoRobotPourKettle
rdt,rdt,unknown,rdt,30,unseen,L1_TwoRobotPourKettle-v1,L1,TwoRobotPourKettle,0.0,0.0887128114700317,10,2026-05-25T21:56:48,TwoRobotPourKettle
rdt,rdt,unknown,rdt,30,unseen,L2_TwoRobotPourKettle-v1,L2,TwoRobotPourKettle,0.0,0.0045099338050931,10,2026-05-25T22:05:33,TwoRobotPourKettle
rdt,rdt,unknown,rdt,30,unseen,L3_TwoRobotPourKettle-v1,L3,TwoRobotPourKettle,0.0,0.0355264184996485,10,2026-05-25T22:14:20,TwoRobotPourKettle
rdt,rdt,unknown,rdt,30,unseen,L0_TwoRobotPickFood-v1,L0,TwoRobotPickFood,0.0,0.2770592555403709,10,2026-05-25T22:24:25,TwoRobotPickFood
rdt,rdt,unknown,rdt,30,unseen,L1_TwoRobotPickFood-v1,L1,TwoRobotPickFood,0.0,0.2059712186455726,10,2026-05-25T22:34:23,TwoRobotPickFood
rdt,rdt,unknown,rdt,30,unseen,L2_TwoRobotPickFood-v1,L2,TwoRobotPickFood,0.0,0.0141953229904174,10,2026-05-25T22:44:38,TwoRobotPickFood
rdt,rdt,unknown,rdt,30,unseen,L3_TwoRobotPickFood-v1,L3,TwoRobotPickFood,0.0,0.2824083834886551,10,2026-05-25T22:54:57,TwoRobotPickFood
rdt,rdt,unknown,rdt,30,unseen,L0_TwoRobotFoldBox-v1,L0,TwoRobotFoldBox,0.1,0.1249811872839927,10,2026-05-25T23:03:14,TwoRobotFoldBox
rdt,rdt,unknown,rdt,30,unseen,L1_TwoRobotFoldBox-v1,L1,TwoRobotFoldBox,0.2,0.2147120860405266,10,2026-05-25T23:10:47,TwoRobotFoldBox
rdt,rdt,unknown,rdt,30,unseen,L2_TwoRobotFoldBox-v1,L2,TwoRobotFoldBox,0.6,0.614675703831017,10,2026-05-25T23:18:41,TwoRobotFoldBox
rdt,rdt,unknown,rdt,30,unseen,L3_TwoRobotFoldBox-v1,L3,TwoRobotFoldBox,0.0,0.1952354613691568,10,2026-05-25T23:27:03,TwoRobotFoldBox
rdt,rdt,unknown,rdt,30,unseen_finetune,L0_TwoRobotPickRemoteControl-v1,L0,TwoRobotPickRemoteControl,0.1,0.4278145730495453,10,2026-05-25T16:17:34,TwoRobotPickRemoteControl
rdt,rdt,unknown,rdt,30,unseen_finetune,L1_TwoRobotPickRemoteControl-v1,L1,TwoRobotPickRemoteControl,0.0,0.3518691822886467,10,2026-05-25T16:29:42,TwoRobotPickRemoteControl
rdt,rdt,unknown,rdt,30,unseen_finetune,L2_TwoRobotPickRemoteControl-v1,L2,TwoRobotPickRemoteControl,0.0,0.0112261176109313,10,2026-05-25T16:41:29,TwoRobotPickRemoteControl
rdt,rdt,unknown,rdt,30,unseen_finetune,L3_TwoRobotPickRemoteControl-v1,L3,TwoRobotPickRemoteControl,0.0,0.3511975601315498,10,2026-05-25T16:53:29,TwoRobotPickRemoteControl
rdt,rdt,unknown,rdt,30,unseen_finetune,L0_TwoRobotScanMilkBox-v1,L0,TwoRobotScanMilkBox,0.0,0.657344537973404,10,2026-05-25T17:06:11,TwoRobotScanMilkBox
rdt,rdt,unknown,rdt,30,unseen_finetune,L1_TwoRobotScanMilkBox-v1,L1,TwoRobotScanMilkBox,0.0,0.6960074126720428,10,2026-05-25T17:19:12,TwoRobotScanMilkBox
rdt,rdt,unknown,rdt,30,unseen_finetune,L2_TwoRobotScanMilkBox-v1,L2,TwoRobotScanMilkBox,0.0,0.1571122787892818,10,2026-05-25T17:31:27,TwoRobotScanMilkBox
rdt,rdt,unknown,rdt,30,unseen_finetune,L3_TwoRobotScanMilkBox-v1,L3,TwoRobotScanMilkBox,0.0,0.3543566316366195,10,2026-05-25T17:43:22,TwoRobotScanMilkBox
rdt,rdt,unknown,rdt,30,unseen_finetune,L0_TwoRobotPourKettle-v1,L0,TwoRobotPourKettle,0.0,0.1391342103481292,10,2026-05-25T17:53:36,TwoRobotPourKettle
rdt,rdt,unknown,rdt,30,unseen_finetune,L1_TwoRobotPourKettle-v1,L1,TwoRobotPourKettle,0.0,0.0882582746446132,10,2026-05-25T18:03:37,TwoRobotPourKettle
rdt,rdt,unknown,rdt,30,unseen_finetune,L2_TwoRobotPourKettle-v1,L2,TwoRobotPourKettle,0.0,0.0045134822838008,10,2026-05-25T18:13:47,TwoRobotPourKettle
rdt,rdt,unknown,rdt,30,unseen_finetune,L3_TwoRobotPourKettle-v1,L3,TwoRobotPourKettle,0.1,0.2484779812395572,10,2026-05-25T18:23:46,TwoRobotPourKettle
rdt,rdt,unknown,rdt,30,unseen_finetune,L0_TwoRobotPickFood-v1,L0,TwoRobotPickFood,0.1,0.734240597486496,10,2026-05-25T18:35:40,TwoRobotPickFood
rdt,rdt,unknown,rdt,30,unseen_finetune,L1_TwoRobotPickFood-v1,L1,TwoRobotPickFood,0.8,0.91196191906929,10,2026-05-25T18:47:25,TwoRobotPickFood
rdt,rdt,unknown,rdt,30,unseen_finetune,L2_TwoRobotPickFood-v1,L2,TwoRobotPickFood,0.0,0.0211463004350662,10,2026-05-25T18:58:59,TwoRobotPickFood
rdt,rdt,unknown,rdt,30,unseen_finetune,L3_TwoRobotPickFood-v1,L3,TwoRobotPickFood,0.4,0.8435340464115143,10,2026-05-25T19:10:35,TwoRobotPickFood
rdt,rdt,unknown,rdt,30,unseen_finetune,L0_TwoRobotFoldBox-v1,L0,TwoRobotFoldBox,0.6,0.6183549063280225,10,2026-05-25T19:19:53,TwoRobotFoldBox
rdt,rdt,unknown,rdt,30,unseen_finetune,L1_TwoRobotFoldBox-v1,L1,TwoRobotFoldBox,1.0,1.0,10,2026-05-25T19:32:37,TwoRobotFoldBox
rdt,rdt,unknown,rdt,30,unseen_finetune,L2_TwoRobotFoldBox-v1,L2,TwoRobotFoldBox,0.9,0.9031450252979992,10,2026-05-25T19:41:58,TwoRobotFoldBox
rdt,rdt,unknown,rdt,30,unseen_finetune,L3_TwoRobotFoldBox-v1,L3,TwoRobotFoldBox,0.0,0.108760679513216,10,2026-05-25T19:51:51,TwoRobotFoldBox
rdt,rdt,unknown,rdt,45,seen,L0_TwoRobotStirSpoon-v1,L0,TwoRobotStirSpoon,0.2,0.53776436150074,10,2026-05-25T16:19:18,TwoRobotStirSpoon
rdt,rdt,unknown,rdt,45,seen,L1_TwoRobotStirSpoon-v1,L1,TwoRobotStirSpoon,0.0,0.1739127457141876,10,2026-05-25T16:30:39,TwoRobotStirSpoon
rdt,rdt,unknown,rdt,45,seen,L2_TwoRobotStirSpoon-v1,L2,TwoRobotStirSpoon,0.1,0.5347534348722547,10,2026-05-25T16:42:05,TwoRobotStirSpoon
rdt,rdt,unknown,rdt,45,seen,L3_TwoRobotStirSpoon-v1,L3,TwoRobotStirSpoon,0.4,0.6191228687763214,10,2026-05-25T16:53:19,TwoRobotStirSpoon
rdt,rdt,unknown,rdt,45,seen,L0_TwoRobotPlacePlateRack-v1,L0,TwoRobotPlacePlateRack,0.4,0.6798478424549103,10,2026-05-25T17:07:16,TwoRobotPlacePlateRack
rdt,rdt,unknown,rdt,45,seen,L1_TwoRobotPlacePlateRack-v1,L1,TwoRobotPlacePlateRack,0.8,0.8745114862918854,10,2026-05-25T17:21:39,TwoRobotPlacePlateRack
rdt,rdt,unknown,rdt,45,seen,L2_TwoRobotPlacePlateRack-v1,L2,TwoRobotPlacePlateRack,0.6,0.9026370227336884,10,2026-05-25T17:36:06,TwoRobotPlacePlateRack
rdt,rdt,unknown,rdt,45,seen,L3_TwoRobotPlacePlateRack-v1,L3,TwoRobotPlacePlateRack,0.4,0.7977818787097931,10,2026-05-25T17:47:15,TwoRobotPlacePlateRack
rdt,rdt,unknown,rdt,45,seen,L0_TwoRobotPlaceFileFolder-v1,L0,TwoRobotPlaceFileFolder,0.4,0.7130942732095719,10,2026-05-25T17:57:45,TwoRobotPlaceFileFolder
rdt,rdt,unknown,rdt,45,seen,L1_TwoRobotPlaceFileFolder-v1,L1,TwoRobotPlaceFileFolder,0.0,0.6137344360351562,10,2026-05-25T18:08:10,TwoRobotPlaceFileFolder
rdt,rdt,unknown,rdt,45,seen,L2_TwoRobotPlaceFileFolder-v1,L2,TwoRobotPlaceFileFolder,0.0,0.8513840734958649,10,2026-05-25T18:18:11,TwoRobotPlaceFileFolder
rdt,rdt,unknown,rdt,45,seen,L3_TwoRobotPlaceFileFolder-v1,L3,TwoRobotPlaceFileFolder,0.9,0.9459030598402024,10,2026-05-25T18:27:39,TwoRobotPlaceFileFolder
rdt,rdt,unknown,rdt,45,seen,L0_TwoRobotFoldTowel-v1,L0,TwoRobotFoldTowel,0.7,0.9139176458120346,10,2026-05-25T18:40:25,TwoRobotFoldTowel
rdt,rdt,unknown,rdt,45,seen,L1_TwoRobotFoldTowel-v1,L1,TwoRobotFoldTowel,0.8,0.9745720088481904,10,2026-05-25T18:53:25,TwoRobotFoldTowel
rdt,rdt,unknown,rdt,45,seen,L2_TwoRobotFoldTowel-v1,L2,TwoRobotFoldTowel,0.3,0.6126969337463379,10,2026-05-25T19:06:31,TwoRobotFoldTowel
rdt,rdt,unknown,rdt,45,seen,L3_TwoRobotFoldTowel-v1,L3,TwoRobotFoldTowel,0.4,0.8748201906681061,10,2026-05-25T19:19:41,TwoRobotFoldTowel
rdt,rdt,unknown,rdt,45,seen,L0_TwoRobotPlaceMugRack-v1,L0,TwoRobotPlaceMugRack,0.8,0.9785204529762268,10,2026-05-25T19:33:49,TwoRobotPlaceMugRack
rdt,rdt,unknown,rdt,45,seen,L1_TwoRobotPlaceMugRack-v1,L1,TwoRobotPlaceMugRack,0.0,0.1052372887730598,10,2026-05-25T19:44:26,TwoRobotPlaceMugRack
rdt,rdt,unknown,rdt,45,seen,L2_TwoRobotPlaceMugRack-v1,L2,TwoRobotPlaceMugRack,0.0,0.9680242598056792,10,2026-05-25T19:55:21,TwoRobotPlaceMugRack
rdt,rdt,unknown,rdt,45,seen,L3_TwoRobotPlaceMugRack-v1,L3,TwoRobotPlaceMugRack,1.0,1.0,10,2026-05-25T20:05:07,TwoRobotPlaceMugRack
rdt,rdt,unknown,rdt,45,unseen,L0_TwoRobotPickRemoteControl-v1,L0,TwoRobotPickRemoteControl,0.0,0.0686675269156694,10,2026-05-25T20:17:17,TwoRobotPickRemoteControl
rdt,rdt,unknown,rdt,45,unseen,L1_TwoRobotPickRemoteControl-v1,L1,TwoRobotPickRemoteControl,0.0,0.0368663407862186,10,2026-05-25T20:29:11,TwoRobotPickRemoteControl
rdt,rdt,unknown,rdt,45,unseen,L2_TwoRobotPickRemoteControl-v1,L2,TwoRobotPickRemoteControl,0.0,0.0078151202760636,10,2026-05-25T20:40:59,TwoRobotPickRemoteControl
rdt,rdt,unknown,rdt,45,unseen,L3_TwoRobotPickRemoteControl-v1,L3,TwoRobotPickRemoteControl,0.0,0.0935669533908367,10,2026-05-25T20:52:59,TwoRobotPickRemoteControl
rdt,rdt,unknown,rdt,45,unseen,L0_TwoRobotScanMilkBox-v1,L0,TwoRobotScanMilkBox,0.0,0.3947763204574585,10,2026-05-25T21:05:50,TwoRobotScanMilkBox
rdt,rdt,unknown,rdt,45,unseen,L1_TwoRobotScanMilkBox-v1,L1,TwoRobotScanMilkBox,0.0,0.3774014562368393,10,2026-05-25T21:18:15,TwoRobotScanMilkBox
rdt,rdt,unknown,rdt,45,unseen,L2_TwoRobotScanMilkBox-v1,L2,TwoRobotScanMilkBox,0.0,0.1435309059917927,10,2026-05-25T21:29:24,TwoRobotScanMilkBox
rdt,rdt,unknown,rdt,45,unseen,L3_TwoRobotScanMilkBox-v1,L3,TwoRobotScanMilkBox,0.0,0.1799482330679893,10,2026-05-25T21:39:34,TwoRobotScanMilkBox
rdt,rdt,unknown,rdt,45,unseen,L0_TwoRobotPourKettle-v1,L0,TwoRobotPourKettle,0.0,0.12533585652709,10,2026-05-25T21:48:12,TwoRobotPourKettle
rdt,rdt,unknown,rdt,45,unseen,L1_TwoRobotPourKettle-v1,L1,TwoRobotPourKettle,0.0,0.0885062612593174,10,2026-05-25T21:56:50,TwoRobotPourKettle
rdt,rdt,unknown,rdt,45,unseen,L2_TwoRobotPourKettle-v1,L2,TwoRobotPourKettle,0.0,0.0045099854469299,10,2026-05-25T22:05:34,TwoRobotPourKettle
rdt,rdt,unknown,rdt,45,unseen,L3_TwoRobotPourKettle-v1,L3,TwoRobotPourKettle,0.0,0.050229612365365,10,2026-05-25T22:14:19,TwoRobotPourKettle
rdt,rdt,unknown,rdt,45,unseen,L0_TwoRobotPickFood-v1,L0,TwoRobotPickFood,0.0,0.2384463399648666,10,2026-05-25T22:24:22,TwoRobotPickFood
rdt,rdt,unknown,rdt,45,unseen,L1_TwoRobotPickFood-v1,L1,TwoRobotPickFood,0.0,0.157657141983509,10,2026-05-25T22:34:25,TwoRobotPickFood
rdt,rdt,unknown,rdt,45,unseen,L2_TwoRobotPickFood-v1,L2,TwoRobotPickFood,0.0,0.0081075549125671,10,2026-05-25T22:44:39,TwoRobotPickFood
rdt,rdt,unknown,rdt,45,unseen,L3_TwoRobotPickFood-v1,L3,TwoRobotPickFood,0.0,0.2549777954816818,10,2026-05-25T22:54:56,TwoRobotPickFood
rdt,rdt,unknown,rdt,45,unseen,L0_TwoRobotFoldBox-v1,L0,TwoRobotFoldBox,0.0,0.002486364566721,10,2026-05-25T23:03:10,TwoRobotFoldBox
rdt,rdt,unknown,rdt,45,unseen,L1_TwoRobotFoldBox-v1,L1,TwoRobotFoldBox,0.0,0.0407421169802546,10,2026-05-25T23:10:54,TwoRobotFoldBox
rdt,rdt,unknown,rdt,45,unseen,L2_TwoRobotFoldBox-v1,L2,TwoRobotFoldBox,0.9,0.9004000247456133,10,2026-05-25T23:18:43,TwoRobotFoldBox
rdt,rdt,unknown,rdt,45,unseen,L3_TwoRobotFoldBox-v1,L3,TwoRobotFoldBox,0.0,0.0492909645661711,10,2026-05-25T23:27:02,TwoRobotFoldBox
rdt,rdt,unknown,rdt,45,unseen_finetune,L0_TwoRobotPickRemoteControl-v1,L0,TwoRobotPickRemoteControl,0.0,0.3925284177064895,10,2026-05-25T16:17:37,TwoRobotPickRemoteControl
rdt,rdt,unknown,rdt,45,unseen_finetune,L1_TwoRobotPickRemoteControl-v1,L1,TwoRobotPickRemoteControl,0.0,0.3471696525812149,10,2026-05-25T16:29:45,TwoRobotPickRemoteControl
rdt,rdt,unknown,rdt,45,unseen_finetune,L2_TwoRobotPickRemoteControl-v1,L2,TwoRobotPickRemoteControl,0.2,0.2073435830883681,10,2026-05-25T16:41:30,TwoRobotPickRemoteControl
rdt,rdt,unknown,rdt,45,unseen_finetune,L3_TwoRobotPickRemoteControl-v1,L3,TwoRobotPickRemoteControl,0.3,0.5938780784606934,10,2026-05-25T16:53:28,TwoRobotPickRemoteControl
rdt,rdt,unknown,rdt,45,unseen_finetune,L0_TwoRobotScanMilkBox-v1,L0,TwoRobotScanMilkBox,0.3,0.714973971247673,10,2026-05-25T17:06:08,TwoRobotScanMilkBox
rdt,rdt,unknown,rdt,45,unseen_finetune,L1_TwoRobotScanMilkBox-v1,L1,TwoRobotScanMilkBox,0.4,0.7902692139148713,10,2026-05-25T17:19:11,TwoRobotScanMilkBox
rdt,rdt,unknown,rdt,45,unseen_finetune,L2_TwoRobotScanMilkBox-v1,L2,TwoRobotScanMilkBox,0.4,0.4971356391906738,10,2026-05-25T17:31:27,TwoRobotScanMilkBox
rdt,rdt,unknown,rdt,45,unseen_finetune,L3_TwoRobotScanMilkBox-v1,L3,TwoRobotScanMilkBox,0.0,0.2700929120182991,10,2026-05-25T17:43:25,TwoRobotScanMilkBox
rdt,rdt,unknown,rdt,45,unseen_finetune,L0_TwoRobotPourKettle-v1,L0,TwoRobotPourKettle,0.0,0.1323466062545776,10,2026-05-25T17:53:36,TwoRobotPourKettle
rdt,rdt,unknown,rdt,45,unseen_finetune,L1_TwoRobotPourKettle-v1,L1,TwoRobotPourKettle,0.0,0.1101661130785942,10,2026-05-25T18:03:39,TwoRobotPourKettle
rdt,rdt,unknown,rdt,45,unseen_finetune,L2_TwoRobotPourKettle-v1,L2,TwoRobotPourKettle,0.0,0.0045099338050931,10,2026-05-25T18:13:48,TwoRobotPourKettle
rdt,rdt,unknown,rdt,45,unseen_finetune,L3_TwoRobotPourKettle-v1,L3,TwoRobotPourKettle,0.0,0.1548673659563064,10,2026-05-25T18:23:54,TwoRobotPourKettle
rdt,rdt,unknown,rdt,45,unseen_finetune,L0_TwoRobotPickFood-v1,L0,TwoRobotPickFood,0.0,0.6011676579713822,10,2026-05-25T18:35:40,TwoRobotPickFood
rdt,rdt,unknown,rdt,45,unseen_finetune,L1_TwoRobotPickFood-v1,L1,TwoRobotPickFood,0.4,0.6700032532215119,10,2026-05-25T18:47:24,TwoRobotPickFood
rdt,rdt,unknown,rdt,45,unseen_finetune,L2_TwoRobotPickFood-v1,L2,TwoRobotPickFood,0.0,0.0170118153095245,10,2026-05-25T18:58:59,TwoRobotPickFood
rdt,rdt,unknown,rdt,45,unseen_finetune,L3_TwoRobotPickFood-v1,L3,TwoRobotPickFood,0.8,0.912619572877884,10,2026-05-25T19:10:33,TwoRobotPickFood
rdt,rdt,unknown,rdt,45,unseen_finetune,L0_TwoRobotFoldBox-v1,L0,TwoRobotFoldBox,1.0,1.0,10,2026-05-25T19:19:53,TwoRobotFoldBox
rdt,rdt,unknown,rdt,45,unseen_finetune,L1_TwoRobotFoldBox-v1,L1,TwoRobotFoldBox,0.1,0.1318612450733781,10,2026-05-25T19:32:37,TwoRobotFoldBox
rdt,rdt,unknown,rdt,45,unseen_finetune,L2_TwoRobotFoldBox-v1,L2,TwoRobotFoldBox,0.9,1.0,10,2026-05-25T19:41:54,TwoRobotFoldBox
rdt,rdt,unknown,rdt,45,unseen_finetune,L3_TwoRobotFoldBox-v1,L3,TwoRobotFoldBox,0.1,0.1696006927639246,10,2026-05-25T19:51:45,TwoRobotFoldBox
rdt,rdt,unknown,rdt,15,unseen_scratch,L0_TwoRobotPickRemoteControl-v1,L0,TwoRobotPickRemoteControl,0.2,0.5298611462116242,10,2026-05-25T16:28:16,TwoRobotPickRemoteControl
rdt,rdt,unknown,rdt,15,unseen_scratch,L1_TwoRobotPickRemoteControl-v1,L1,TwoRobotPickRemoteControl,0.5,0.659408575296402,10,2026-05-25T16:40:26,TwoRobotPickRemoteControl
rdt,rdt,unknown,rdt,15,unseen_scratch,L2_TwoRobotPickRemoteControl-v1,L2,TwoRobotPickRemoteControl,0.0,0.00814238069579,10,2026-05-25T16:52:20,TwoRobotPickRemoteControl
rdt,rdt,unknown,rdt,15,unseen_scratch,L3_TwoRobotPickRemoteControl-v1,L3,TwoRobotPickRemoteControl,0.5,0.7570008426904679,10,2026-05-25T17:04:58,TwoRobotPickRemoteControl
rdt,rdt,unknown,rdt,15,unseen_scratch,L0_TwoRobotScanMilkBox-v1,L0,TwoRobotScanMilkBox,0.2,0.7068017542362213,10,2026-05-25T17:18:23,TwoRobotScanMilkBox
rdt,rdt,unknown,rdt,15,unseen_scratch,L1_TwoRobotScanMilkBox-v1,L1,TwoRobotScanMilkBox,0.3,0.7784653902053833,10,2026-05-25T17:31:36,TwoRobotScanMilkBox
rdt,rdt,unknown,rdt,15,unseen_scratch,L2_TwoRobotScanMilkBox-v1,L2,TwoRobotScanMilkBox,0.0,0.1984345749020576,10,2026-05-25T17:44:42,TwoRobotScanMilkBox
rdt,rdt,unknown,rdt,15,unseen_scratch,L3_TwoRobotScanMilkBox-v1,L3,TwoRobotScanMilkBox,0.3,0.6207565933465957,10,2026-05-25T17:56:29,TwoRobotScanMilkBox
rdt,rdt,unknown,rdt,15,unseen_scratch,L0_TwoRobotPourKettle-v1,L0,TwoRobotPourKettle,0.4,0.8557005763053894,10,2026-05-25T18:07:19,TwoRobotPourKettle
rdt,rdt,unknown,rdt,15,unseen_scratch,L1_TwoRobotPourKettle-v1,L1,TwoRobotPourKettle,0.0,0.1702949073165655,10,2026-05-25T18:17:38,TwoRobotPourKettle
rdt,rdt,unknown,rdt,15,unseen_scratch,L2_TwoRobotPourKettle-v1,L2,TwoRobotPourKettle,0.0,0.0108768543228507,10,2026-05-25T18:28:13,TwoRobotPourKettle
rdt,rdt,unknown,rdt,15,unseen_scratch,L3_TwoRobotPourKettle-v1,L3,TwoRobotPourKettle,0.3,0.5549030065536499,10,2026-05-25T18:38:20,TwoRobotPourKettle
rdt,rdt,unknown,rdt,15,unseen_scratch,L0_TwoRobotPickFood-v1,L0,TwoRobotPickFood,0.6,0.8675723850727082,10,2026-05-25T18:49:58,TwoRobotPickFood
rdt,rdt,unknown,rdt,15,unseen_scratch,L1_TwoRobotPickFood-v1,L1,TwoRobotPickFood,0.3,0.6842616945505142,10,2026-05-25T19:01:41,TwoRobotPickFood
rdt,rdt,unknown,rdt,15,unseen_scratch,L2_TwoRobotPickFood-v1,L2,TwoRobotPickFood,0.0,0.0698997095227241,10,2026-05-25T19:14:09,TwoRobotPickFood
rdt,rdt,unknown,rdt,15,unseen_scratch,L3_TwoRobotPickFood-v1,L3,TwoRobotPickFood,1.0,1.0,10,2026-05-25T19:26:19,TwoRobotPickFood
rdt,rdt,unknown,rdt,15,unseen_scratch,L0_TwoRobotFoldBox-v1,L0,TwoRobotFoldBox,0.0,0.0029658485902473,10,2026-05-25T19:36:04,TwoRobotFoldBox
rdt,rdt,unknown,rdt,15,unseen_scratch,L1_TwoRobotFoldBox-v1,L1,TwoRobotFoldBox,0.9,0.9021913958713412,10,2026-05-25T19:45:11,TwoRobotFoldBox
rdt,rdt,unknown,rdt,15,unseen_scratch,L2_TwoRobotFoldBox-v1,L2,TwoRobotFoldBox,1.0,1.0,10,2026-05-25T19:54:19,TwoRobotFoldBox
rdt,rdt,unknown,rdt,15,unseen_scratch,L3_TwoRobotFoldBox-v1,L3,TwoRobotFoldBox,0.5,0.5457073293626309,10,2026-05-25T20:03:11,TwoRobotFoldBox
uniskill,uniskill,unknown,uniskill,15,seen,L0_TwoRobotStirSpoon-v1,L0,TwoRobotStirSpoon,0.7,0.8798545986413956,10,20260520_075924,TwoRobotStirSpoon
uniskill,uniskill,unknown,uniskill,15,seen,L0_TwoRobotPlacePlateRack-v1,L0,TwoRobotPlacePlateRack,0.8,1.0,10,20260520_081603,TwoRobotPlacePlateRack
uniskill,uniskill,unknown,uniskill,15,seen,L0_TwoRobotPlaceFileFolder-v1,L0,TwoRobotPlaceFileFolder,0.9,0.9637683212757112,10,20260520_082714,TwoRobotPlaceFileFolder
uniskill,uniskill,unknown,uniskill,15,seen,L0_TwoRobotFoldTowel-v1,L0,TwoRobotFoldTowel,1.0,1.0,10,20260520_084126,TwoRobotFoldTowel
uniskill,uniskill,unknown,uniskill,15,seen,L0_TwoRobotPlaceMugRack-v1,L0,TwoRobotPlaceMugRack,0.9,1.0,10,20260520_085123,TwoRobotPlaceMugRack
uniskill,uniskill,unknown,uniskill,15,seen,L1_TwoRobotStirSpoon-v1,L1,TwoRobotStirSpoon,0.6,0.8323373466730117,10,20260520_075859,TwoRobotStirSpoon
uniskill,uniskill,unknown,uniskill,15,seen,L1_TwoRobotPlacePlateRack-v1,L1,TwoRobotPlacePlateRack,0.8,0.9336848199367525,10,20260520_081534,TwoRobotPlacePlateRack
uniskill,uniskill,unknown,uniskill,15,seen,L1_TwoRobotPlaceFileFolder-v1,L1,TwoRobotPlaceFileFolder,0.7,0.8693038761615753,10,20260520_082623,TwoRobotPlaceFileFolder
uniskill,uniskill,unknown,uniskill,15,seen,L1_TwoRobotFoldTowel-v1,L1,TwoRobotFoldTowel,1.0,1.0,10,20260520_084032,TwoRobotFoldTowel
uniskill,uniskill,unknown,uniskill,15,seen,L1_TwoRobotPlaceMugRack-v1,L1,TwoRobotPlaceMugRack,0.9,1.0,10,20260520_085039,TwoRobotPlaceMugRack
uniskill,uniskill,unknown,uniskill,15,seen,L2_TwoRobotStirSpoon-v1,L2,TwoRobotStirSpoon,0.6,0.9211181819438934,10,20260520_075910,TwoRobotStirSpoon
uniskill,uniskill,unknown,uniskill,15,seen,L2_TwoRobotPlacePlateRack-v1,L2,TwoRobotPlacePlateRack,0.5,1.0,10,20260520_081523,TwoRobotPlacePlateRack
uniskill,uniskill,unknown,uniskill,15,seen,L2_TwoRobotPlaceFileFolder-v1,L2,TwoRobotPlaceFileFolder,0.4,0.5402189120650291,10,20260520_082611,TwoRobotPlaceFileFolder
uniskill,uniskill,unknown,uniskill,15,seen,L2_TwoRobotFoldTowel-v1,L2,TwoRobotFoldTowel,0.9,0.93434519469738,10,20260520_084053,TwoRobotFoldTowel
uniskill,uniskill,unknown,uniskill,15,seen,L2_TwoRobotPlaceMugRack-v1,L2,TwoRobotPlaceMugRack,1.0,1.0,10,20260520_085104,TwoRobotPlaceMugRack
uniskill,uniskill,unknown,uniskill,15,seen,L3_TwoRobotStirSpoon-v1,L3,TwoRobotStirSpoon,0.3,0.6631731539964676,10,20260520_075900,TwoRobotStirSpoon
uniskill,uniskill,unknown,uniskill,15,seen,L3_TwoRobotPlacePlateRack-v1,L3,TwoRobotPlacePlateRack,1.0,1.0,10,20260520_080929,TwoRobotPlacePlateRack
uniskill,uniskill,unknown,uniskill,15,seen,L3_TwoRobotPlaceFileFolder-v1,L3,TwoRobotPlaceFileFolder,1.0,1.0,10,20260520_081841,TwoRobotPlaceFileFolder
uniskill,uniskill,unknown,uniskill,15,seen,L3_TwoRobotFoldTowel-v1,L3,TwoRobotFoldTowel,0.6,0.9522391617298126,10,20260520_083335,TwoRobotFoldTowel
uniskill,uniskill,unknown,uniskill,15,seen,L3_TwoRobotPlaceMugRack-v1,L3,TwoRobotPlaceMugRack,1.0,1.0,10,20260520_084304,TwoRobotPlaceMugRack
uniskill,uniskill,unknown,uniskill,15,unseen,L0_TwoRobotPickRemoteControl-v1,L0,TwoRobotPickRemoteControl,0.0,0.0567310102283954,10,20260520_080014,TwoRobotPickRemoteControl
uniskill,uniskill,unknown,uniskill,15,unseen,L0_TwoRobotScanMilkBox-v1,L0,TwoRobotScanMilkBox,0.0,0.3297468781471252,10,20260520_081437,TwoRobotScanMilkBox
uniskill,uniskill,unknown,uniskill,15,unseen,L0_TwoRobotPourKettle-v1,L0,TwoRobotPourKettle,0.0,0.1356914326548576,10,20260520_082532,TwoRobotPourKettle
uniskill,uniskill,unknown,uniskill,15,unseen,L0_TwoRobotPickFood-v1,L0,TwoRobotPickFood,0.0,0.1576792180538177,10,20260520_083813,TwoRobotPickFood
uniskill,uniskill,unknown,uniskill,15,unseen,L0_TwoRobotFoldBox-v1,L0,TwoRobotFoldBox,1.0,1.0,10,20260520_084748,TwoRobotFoldBox
uniskill,uniskill,unknown,uniskill,15,unseen,L1_TwoRobotPickRemoteControl-v1,L1,TwoRobotPickRemoteControl,0.0,0.0510482035577297,10,20260520_080013,TwoRobotPickRemoteControl
uniskill,uniskill,unknown,uniskill,15,unseen,L1_TwoRobotScanMilkBox-v1,L1,TwoRobotScanMilkBox,0.0,0.2970934838056564,10,20260520_081430,TwoRobotScanMilkBox
uniskill,uniskill,unknown,uniskill,15,unseen,L1_TwoRobotPourKettle-v1,L1,TwoRobotPourKettle,0.0,0.0711969170719385,10,20260520_082529,TwoRobotPourKettle
uniskill,uniskill,unknown,uniskill,15,unseen,L1_TwoRobotPickFood-v1,L1,TwoRobotPickFood,0.0,0.1705951750278473,10,20260520_083803,TwoRobotPickFood
uniskill,uniskill,unknown,uniskill,15,unseen,L1_TwoRobotFoldBox-v1,L1,TwoRobotFoldBox,0.3,0.5355332806706429,10,20260520_084735,TwoRobotFoldBox
uniskill,uniskill,unknown,uniskill,15,unseen,L2_TwoRobotPickRemoteControl-v1,L2,TwoRobotPickRemoteControl,0.0,0.007769033871591,10,20260520_075931,TwoRobotPickRemoteControl
uniskill,uniskill,unknown,uniskill,15,unseen,L2_TwoRobotScanMilkBox-v1,L2,TwoRobotScanMilkBox,0.0,0.052678386401385,10,20260520_081257,TwoRobotScanMilkBox
uniskill,uniskill,unknown,uniskill,15,unseen,L2_TwoRobotPourKettle-v1,L2,TwoRobotPourKettle,0.0,0.0047273675911128,10,20260520_082358,TwoRobotPourKettle
uniskill,uniskill,unknown,uniskill,15,unseen,L2_TwoRobotPickFood-v1,L2,TwoRobotPickFood,0.0,0.0120080977678298,10,20260520_083641,TwoRobotPickFood
uniskill,uniskill,unknown,uniskill,15,unseen,L2_TwoRobotFoldBox-v1,L2,TwoRobotFoldBox,0.3,0.3026833538431674,10,20260520_084633,TwoRobotFoldBox
uniskill,uniskill,unknown,uniskill,15,unseen,L3_TwoRobotPickRemoteControl-v1,L3,TwoRobotPickRemoteControl,0.0,0.0977139867842197,10,20260520_075950,TwoRobotPickRemoteControl
uniskill,uniskill,unknown,uniskill,15,unseen,L3_TwoRobotScanMilkBox-v1,L3,TwoRobotScanMilkBox,0.0,0.1762611046433448,10,20260520_081130,TwoRobotScanMilkBox
uniskill,uniskill,unknown,uniskill,15,unseen,L3_TwoRobotPourKettle-v1,L3,TwoRobotPourKettle,0.0,0.0644608378410339,10,20260520_082218,TwoRobotPourKettle
uniskill,uniskill,unknown,uniskill,15,unseen,L3_TwoRobotPickFood-v1,L3,TwoRobotPickFood,0.0,0.1818443775177002,10,20260520_083520,TwoRobotPickFood
uniskill,uniskill,unknown,uniskill,15,unseen,L3_TwoRobotFoldBox-v1,L3,TwoRobotFoldBox,0.1,0.1173064935952425,10,20260520_084524,TwoRobotFoldBox
uniskill,uniskill,unknown,uniskill,15,unseen_finetune,L0_TwoRobotPickRemoteControl-v1,L0,TwoRobotPickRemoteControl,1.0,1.0,10,20260520_082902,TwoRobotPickRemoteControl
uniskill,uniskill,unknown,uniskill,15,unseen_finetune,L0_TwoRobotScanMilkBox-v1,L0,TwoRobotScanMilkBox,0.7,0.908303529024124,10,20260520_085129,TwoRobotScanMilkBox
uniskill,uniskill,unknown,uniskill,15,unseen_finetune,L0_TwoRobotPourKettle-v1,L0,TwoRobotPourKettle,1.0,1.0,10,20260520_090642,TwoRobotPourKettle
uniskill,uniskill,unknown,uniskill,15,unseen_finetune,L0_TwoRobotPickFood-v1,L0,TwoRobotPickFood,0.3,0.7239699959754944,10,20260520_091902,TwoRobotPickFood
uniskill,uniskill,unknown,uniskill,15,unseen_finetune,L0_TwoRobotFoldBox-v1,L0,TwoRobotFoldBox,1.0,1.0,10,20260520_092821,TwoRobotFoldBox
uniskill,uniskill,unknown,uniskill,15,unseen_finetune,L1_TwoRobotPickRemoteControl-v1,L1,TwoRobotPickRemoteControl,1.0,1.0,10,20260520_082902,TwoRobotPickRemoteControl
uniskill,uniskill,unknown,uniskill,15,unseen_finetune,L1_TwoRobotScanMilkBox-v1,L1,TwoRobotScanMilkBox,0.3,0.7022913604974746,10,20260520_085144,TwoRobotScanMilkBox
uniskill,uniskill,unknown,uniskill,15,unseen_finetune,L1_TwoRobotPourKettle-v1,L1,TwoRobotPourKettle,0.6,0.7012286800891161,10,20260520_090645,TwoRobotPourKettle
uniskill,uniskill,unknown,uniskill,15,unseen_finetune,L1_TwoRobotPickFood-v1,L1,TwoRobotPickFood,0.0,0.6198469042778015,10,20260520_091911,TwoRobotPickFood
uniskill,uniskill,unknown,uniskill,15,unseen_finetune,L1_TwoRobotFoldBox-v1,L1,TwoRobotFoldBox,1.0,1.0,10,20260520_092832,TwoRobotFoldBox
uniskill,uniskill,unknown,uniskill,15,unseen_finetune,L2_TwoRobotPickRemoteControl-v1,L2,TwoRobotPickRemoteControl,1.0,1.0,10,20260520_082902,TwoRobotPickRemoteControl
uniskill,uniskill,unknown,uniskill,15,unseen_finetune,L2_TwoRobotScanMilkBox-v1,L2,TwoRobotScanMilkBox,0.1,0.2873713858425617,10,20260520_084938,TwoRobotScanMilkBox
uniskill,uniskill,unknown,uniskill,15,unseen_finetune,L2_TwoRobotPourKettle-v1,L2,TwoRobotPourKettle,0.0,0.0119595407973974,10,20260520_090531,TwoRobotPourKettle
uniskill,uniskill,unknown,uniskill,15,unseen_finetune,L2_TwoRobotPickFood-v1,L2,TwoRobotPickFood,0.1,0.516431237757206,10,20260520_091742,TwoRobotPickFood
uniskill,uniskill,unknown,uniskill,15,unseen_finetune,L2_TwoRobotFoldBox-v1,L2,TwoRobotFoldBox,0.9,1.0,10,20260520_092712,TwoRobotFoldBox
uniskill,uniskill,unknown,uniskill,15,unseen_finetune,L3_TwoRobotPickRemoteControl-v1,L3,TwoRobotPickRemoteControl,1.0,1.0,10,20260520_082901,TwoRobotPickRemoteControl
uniskill,uniskill,unknown,uniskill,15,unseen_finetune,L3_TwoRobotScanMilkBox-v1,L3,TwoRobotScanMilkBox,0.5,0.7091252952814102,10,20260520_084640,TwoRobotScanMilkBox
uniskill,uniskill,unknown,uniskill,15,unseen_finetune,L3_TwoRobotPourKettle-v1,L3,TwoRobotPourKettle,1.0,1.0,10,20260520_090346,TwoRobotPourKettle
uniskill,uniskill,unknown,uniskill,15,unseen_finetune,L3_TwoRobotPickFood-v1,L3,TwoRobotPickFood,0.5,0.8390348672866821,10,20260520_091603,TwoRobotPickFood
uniskill,uniskill,unknown,uniskill,15,unseen_finetune,L3_TwoRobotFoldBox-v1,L3,TwoRobotFoldBox,1.0,1.0,10,20260520_092542,TwoRobotFoldBox
uniskill,uniskill,unknown,uniskill,15,unseen_scratch,L0_TwoRobotPickRemoteControl-v1,L0,TwoRobotPickRemoteControl,1.0,1.0,10,20260520_082912,TwoRobotPickRemoteControl
uniskill,uniskill,unknown,uniskill,15,unseen_scratch,L0_TwoRobotScanMilkBox-v1,L0,TwoRobotScanMilkBox,0.0,0.5196111500263214,10,20260520_085130,TwoRobotScanMilkBox
uniskill,uniskill,unknown,uniskill,15,unseen_scratch,L0_TwoRobotPourKettle-v1,L0,TwoRobotPourKettle,0.3,0.601420171558857,10,20260520_090647,TwoRobotPourKettle
uniskill,uniskill,unknown,uniskill,15,unseen_scratch,L0_TwoRobotPickFood-v1,L0,TwoRobotPickFood,0.0,0.4432624220848083,10,20260520_091910,TwoRobotPickFood
uniskill,uniskill,unknown,uniskill,15,unseen_scratch,L0_TwoRobotFoldBox-v1,L0,TwoRobotFoldBox,0.6,0.6042833232320846,10,20260520_092834,TwoRobotFoldBox
uniskill,uniskill,unknown,uniskill,15,unseen_scratch,L1_TwoRobotPickRemoteControl-v1,L1,TwoRobotPickRemoteControl,0.7,0.8149392634630204,10,20260520_082857,TwoRobotPickRemoteControl
uniskill,uniskill,unknown,uniskill,15,unseen_scratch,L1_TwoRobotScanMilkBox-v1,L1,TwoRobotScanMilkBox,0.0,0.3927332609891891,10,20260520_085049,TwoRobotScanMilkBox
uniskill,uniskill,unknown,uniskill,15,unseen_scratch,L1_TwoRobotPourKettle-v1,L1,TwoRobotPourKettle,0.3,0.5601156495511532,10,20260520_090621,TwoRobotPourKettle
uniskill,uniskill,unknown,uniskill,15,unseen_scratch,L1_TwoRobotPickFood-v1,L1,TwoRobotPickFood,0.0,0.4264562726020813,10,20260520_091839,TwoRobotPickFood
uniskill,uniskill,unknown,uniskill,15,unseen_scratch,L1_TwoRobotFoldBox-v1,L1,TwoRobotFoldBox,1.0,1.0,10,20260520_092804,TwoRobotFoldBox
uniskill,uniskill,unknown,uniskill,15,unseen_scratch,L2_TwoRobotPickRemoteControl-v1,L2,TwoRobotPickRemoteControl,0.2,0.2063989805988967,10,20260520_082842,TwoRobotPickRemoteControl
uniskill,uniskill,unknown,uniskill,15,unseen_scratch,L2_TwoRobotScanMilkBox-v1,L2,TwoRobotScanMilkBox,0.0,0.1438653811812401,10,20260520_084932,TwoRobotScanMilkBox
uniskill,uniskill,unknown,uniskill,15,unseen_scratch,L2_TwoRobotPourKettle-v1,L2,TwoRobotPourKettle,0.0,0.0078343789093196,10,20260520_090533,TwoRobotPourKettle
uniskill,uniskill,unknown,uniskill,15,unseen_scratch,L2_TwoRobotPickFood-v1,L2,TwoRobotPickFood,0.0,0.070839774608612,10,20260520_091752,TwoRobotPickFood
uniskill,uniskill,unknown,uniskill,15,unseen_scratch,L2_TwoRobotFoldBox-v1,L2,TwoRobotFoldBox,0.2,0.2037942877737805,10,20260520_092731,TwoRobotFoldBox
uniskill,uniskill,unknown,uniskill,15,unseen_scratch,L3_TwoRobotPickRemoteControl-v1,L3,TwoRobotPickRemoteControl,0.8,0.9446041107177734,10,20260520_082911,TwoRobotPickRemoteControl
uniskill,uniskill,unknown,uniskill,15,unseen_scratch,L3_TwoRobotScanMilkBox-v1,L3,TwoRobotScanMilkBox,0.1,0.3727105483412742,10,20260520_084657,TwoRobotScanMilkBox
uniskill,uniskill,unknown,uniskill,15,unseen_scratch,L3_TwoRobotPourKettle-v1,L3,TwoRobotPourKettle,0.0,0.3507341802120208,10,20260520_090400,TwoRobotPourKettle
uniskill,uniskill,unknown,uniskill,15,unseen_scratch,L3_TwoRobotPickFood-v1,L3,TwoRobotPickFood,0.0,0.5631684690713883,10,20260520_091626,TwoRobotPickFood
uniskill,uniskill,unknown,uniskill,15,unseen_scratch,L3_TwoRobotFoldBox-v1,L3,TwoRobotFoldBox,1.0,1.0,10,20260520_092622,TwoRobotFoldBox
uniskill,uniskill,unknown,uniskill,30,seen,L0_TwoRobotStirSpoon-v1,L0,TwoRobotStirSpoon,0.7,0.9239818781614304,10,20260520_102052,TwoRobotStirSpoon
uniskill,uniskill,unknown,uniskill,30,seen,L0_TwoRobotPlacePlateRack-v1,L0,TwoRobotPlacePlateRack,0.8,0.8669504225254059,10,20260520_103417,TwoRobotPlacePlateRack
uniskill,uniskill,unknown,uniskill,30,seen,L0_TwoRobotPlaceFileFolder-v1,L0,TwoRobotPlaceFileFolder,0.0,0.4617861807346344,10,20260520_104302,TwoRobotPlaceFileFolder
uniskill,uniskill,unknown,uniskill,30,seen,L0_TwoRobotFoldTowel-v1,L0,TwoRobotFoldTowel,1.0,1.0,10,20260520_105651,TwoRobotFoldTowel
uniskill,uniskill,unknown,uniskill,30,seen,L0_TwoRobotPlaceMugRack-v1,L0,TwoRobotPlaceMugRack,1.0,1.0,10,20260520_110556,TwoRobotPlaceMugRack
uniskill,uniskill,unknown,uniskill,30,seen,L1_TwoRobotStirSpoon-v1,L1,TwoRobotStirSpoon,0.6,0.7539123386144638,10,20260520_102235,TwoRobotStirSpoon
uniskill,uniskill,unknown,uniskill,30,seen,L1_TwoRobotPlacePlateRack-v1,L1,TwoRobotPlacePlateRack,0.9,1.0,10,20260520_103859,TwoRobotPlacePlateRack
uniskill,uniskill,unknown,uniskill,30,seen,L1_TwoRobotPlaceFileFolder-v1,L1,TwoRobotPlaceFileFolder,0.0,0.4742242246866226,10,20260520_104901,TwoRobotPlaceFileFolder
uniskill,uniskill,unknown,uniskill,30,seen,L1_TwoRobotFoldTowel-v1,L1,TwoRobotFoldTowel,0.9,0.911750105023384,10,20260520_110322,TwoRobotFoldTowel
uniskill,uniskill,unknown,uniskill,30,seen,L1_TwoRobotPlaceMugRack-v1,L1,TwoRobotPlaceMugRack,1.0,1.0,10,20260520_111133,TwoRobotPlaceMugRack
uniskill,uniskill,unknown,uniskill,30,seen,L2_TwoRobotStirSpoon-v1,L2,TwoRobotStirSpoon,0.6,0.932663518190384,10,20260520_102035,TwoRobotStirSpoon
uniskill,uniskill,unknown,uniskill,30,seen,L2_TwoRobotPlacePlateRack-v1,L2,TwoRobotPlacePlateRack,0.8,1.0,10,20260520_103511,TwoRobotPlacePlateRack
uniskill,uniskill,unknown,uniskill,30,seen,L2_TwoRobotPlaceFileFolder-v1,L2,TwoRobotPlaceFileFolder,0.0,0.2372466519474983,10,20260520_104513,TwoRobotPlaceFileFolder
uniskill,uniskill,unknown,uniskill,30,seen,L2_TwoRobotFoldTowel-v1,L2,TwoRobotFoldTowel,0.8,0.925968152284622,10,20260520_105635,TwoRobotFoldTowel
uniskill,uniskill,unknown,uniskill,30,seen,L2_TwoRobotPlaceMugRack-v1,L2,TwoRobotPlaceMugRack,1.0,1.0,10,20260520_110503,TwoRobotPlaceMugRack
uniskill,uniskill,unknown,uniskill,30,seen,L3_TwoRobotStirSpoon-v1,L3,TwoRobotStirSpoon,0.3,0.725271487236023,10,20260520_102100,TwoRobotStirSpoon
uniskill,uniskill,unknown,uniskill,30,seen,L3_TwoRobotPlacePlateRack-v1,L3,TwoRobotPlacePlateRack,1.0,1.0,10,20260520_103125,TwoRobotPlacePlateRack
uniskill,uniskill,unknown,uniskill,30,seen,L3_TwoRobotPlaceFileFolder-v1,L3,TwoRobotPlaceFileFolder,1.0,1.0,10,20260520_104031,TwoRobotPlaceFileFolder
uniskill,uniskill,unknown,uniskill,30,seen,L3_TwoRobotFoldTowel-v1,L3,TwoRobotFoldTowel,0.8,0.9833333313465118,10,20260520_105510,TwoRobotFoldTowel
uniskill,uniskill,unknown,uniskill,30,seen,L3_TwoRobotPlaceMugRack-v1,L3,TwoRobotPlaceMugRack,0.7,1.0,10,20260520_110455,TwoRobotPlaceMugRack
uniskill,uniskill,unknown,uniskill,30,unseen,L0_TwoRobotPickRemoteControl-v1,L0,TwoRobotPickRemoteControl,0.0,0.0678406663239002,10,20260520_075953,TwoRobotPickRemoteControl
uniskill,uniskill,unknown,uniskill,30,unseen,L0_TwoRobotScanMilkBox-v1,L0,TwoRobotScanMilkBox,0.0,0.2079687565565109,10,20260520_081421,TwoRobotScanMilkBox
uniskill,uniskill,unknown,uniskill,30,unseen,L0_TwoRobotPourKettle-v1,L0,TwoRobotPourKettle,0.0,0.1060341872274875,10,20260520_082531,TwoRobotPourKettle
uniskill,uniskill,unknown,uniskill,30,unseen,L0_TwoRobotPickFood-v1,L0,TwoRobotPickFood,0.0,0.184438943862915,10,20260520_083811,TwoRobotPickFood
uniskill,uniskill,unknown,uniskill,30,unseen,L0_TwoRobotFoldBox-v1,L0,TwoRobotFoldBox,0.9,0.9083673894405364,10,20260520_084759,TwoRobotFoldBox
uniskill,uniskill,unknown,uniskill,30,unseen,L1_TwoRobotPickRemoteControl-v1,L1,TwoRobotPickRemoteControl,0.0,0.074020729213953,10,20260520_075956,TwoRobotPickRemoteControl
uniskill,uniskill,unknown,uniskill,30,unseen,L1_TwoRobotScanMilkBox-v1,L1,TwoRobotScanMilkBox,0.0,0.1824313372373581,10,20260520_081422,TwoRobotScanMilkBox
uniskill,uniskill,unknown,uniskill,30,unseen,L1_TwoRobotPourKettle-v1,L1,TwoRobotPourKettle,0.0,0.1047225393354892,10,20260520_082531,TwoRobotPourKettle
uniskill,uniskill,unknown,uniskill,30,unseen,L1_TwoRobotPickFood-v1,L1,TwoRobotPickFood,0.0,0.1528346046805381,10,20260520_083815,TwoRobotPickFood
uniskill,uniskill,unknown,uniskill,30,unseen,L1_TwoRobotFoldBox-v1,L1,TwoRobotFoldBox,0.9,0.9141626328229904,10,20260520_084754,TwoRobotFoldBox
uniskill,uniskill,unknown,uniskill,30,unseen,L2_TwoRobotPickRemoteControl-v1,L2,TwoRobotPickRemoteControl,0.0,0.0078490853309631,10,20260520_075945,TwoRobotPickRemoteControl
uniskill,uniskill,unknown,uniskill,30,unseen,L2_TwoRobotScanMilkBox-v1,L2,TwoRobotScanMilkBox,0.0,0.0168744922615587,10,20260520_081316,TwoRobotScanMilkBox
uniskill,uniskill,unknown,uniskill,30,unseen,L2_TwoRobotPourKettle-v1,L2,TwoRobotPourKettle,0.0,0.0043495019897818,10,20260520_082422,TwoRobotPourKettle
uniskill,uniskill,unknown,uniskill,30,unseen,L2_TwoRobotPickFood-v1,L2,TwoRobotPickFood,0.0,0.0107326611876487,10,20260520_083716,TwoRobotPickFood
uniskill,uniskill,unknown,uniskill,30,unseen,L2_TwoRobotFoldBox-v1,L2,TwoRobotFoldBox,0.0,0.0058380200993269,10,20260520_084717,TwoRobotFoldBox
uniskill,uniskill,unknown,uniskill,30,unseen,L3_TwoRobotPickRemoteControl-v1,L3,TwoRobotPickRemoteControl,0.0,0.1543769165873527,10,20260520_080002,TwoRobotPickRemoteControl
uniskill,uniskill,unknown,uniskill,30,unseen,L3_TwoRobotScanMilkBox-v1,L3,TwoRobotScanMilkBox,0.0,0.0929647788405418,10,20260520_081139,TwoRobotScanMilkBox
uniskill,uniskill,unknown,uniskill,30,unseen,L3_TwoRobotPourKettle-v1,L3,TwoRobotPourKettle,0.0,0.0195355532690882,10,20260520_082258,TwoRobotPourKettle
uniskill,uniskill,unknown,uniskill,30,unseen,L3_TwoRobotPickFood-v1,L3,TwoRobotPickFood,0.0,0.1716126218438148,10,20260520_083537,TwoRobotPickFood
uniskill,uniskill,unknown,uniskill,30,unseen,L3_TwoRobotFoldBox-v1,L3,TwoRobotFoldBox,0.0,0.0084664381109178,10,20260520_084542,TwoRobotFoldBox
uniskill,uniskill,unknown,uniskill,30,unseen_finetune,L0_TwoRobotPickRemoteControl-v1,L0,TwoRobotPickRemoteControl,1.0,1.0,10,20260520_082901,TwoRobotPickRemoteControl
uniskill,uniskill,unknown,uniskill,30,unseen_finetune,L0_TwoRobotScanMilkBox-v1,L0,TwoRobotScanMilkBox,0.2,0.6599172174930572,10,20260520_085125,TwoRobotScanMilkBox
uniskill,uniskill,unknown,uniskill,30,unseen_finetune,L0_TwoRobotPourKettle-v1,L0,TwoRobotPourKettle,1.0,1.0,10,20260520_090637,TwoRobotPourKettle
uniskill,uniskill,unknown,uniskill,30,unseen_finetune,L0_TwoRobotPickFood-v1,L0,TwoRobotPickFood,0.0,0.5378115922212601,10,20260520_091911,TwoRobotPickFood
uniskill,uniskill,unknown,uniskill,30,unseen_finetune,L0_TwoRobotFoldBox-v1,L0,TwoRobotFoldBox,0.9,0.9009963701479136,10,20260520_092829,TwoRobotFoldBox
uniskill,uniskill,unknown,uniskill,30,unseen_finetune,L1_TwoRobotPickRemoteControl-v1,L1,TwoRobotPickRemoteControl,1.0,1.0,10,20260520_082901,TwoRobotPickRemoteControl
uniskill,uniskill,unknown,uniskill,30,unseen_finetune,L1_TwoRobotScanMilkBox-v1,L1,TwoRobotScanMilkBox,0.2,0.6283349096775055,10,20260520_085124,TwoRobotScanMilkBox
uniskill,uniskill,unknown,uniskill,30,unseen_finetune,L1_TwoRobotPourKettle-v1,L1,TwoRobotPourKettle,0.5,0.7548085942864418,10,20260520_090634,TwoRobotPourKettle
uniskill,uniskill,unknown,uniskill,30,unseen_finetune,L1_TwoRobotPickFood-v1,L1,TwoRobotPickFood,0.1,0.6203908681869507,10,20260520_091902,TwoRobotPickFood
uniskill,uniskill,unknown,uniskill,30,unseen_finetune,L1_TwoRobotFoldBox-v1,L1,TwoRobotFoldBox,1.0,1.0,10,20260520_092821,TwoRobotFoldBox
uniskill,uniskill,unknown,uniskill,30,unseen_finetune,L2_TwoRobotPickRemoteControl-v1,L2,TwoRobotPickRemoteControl,0.7,0.7026632118038834,10,20260520_082901,TwoRobotPickRemoteControl
uniskill,uniskill,unknown,uniskill,30,unseen_finetune,L2_TwoRobotScanMilkBox-v1,L2,TwoRobotScanMilkBox,0.1,0.2964133977890014,10,20260520_084954,TwoRobotScanMilkBox
uniskill,uniskill,unknown,uniskill,30,unseen_finetune,L2_TwoRobotPourKettle-v1,L2,TwoRobotPourKettle,0.0,0.0141694106627255,10,20260520_090537,TwoRobotPourKettle
uniskill,uniskill,unknown,uniskill,30,unseen_finetune,L2_TwoRobotPickFood-v1,L2,TwoRobotPickFood,0.0,0.4684325575828552,10,20260520_091759,TwoRobotPickFood
uniskill,uniskill,unknown,uniskill,30,unseen_finetune,L2_TwoRobotFoldBox-v1,L2,TwoRobotFoldBox,1.0,1.0,10,20260520_092735,TwoRobotFoldBox
uniskill,uniskill,unknown,uniskill,30,unseen_finetune,L3_TwoRobotPickRemoteControl-v1,L3,TwoRobotPickRemoteControl,0.8,1.0,10,20260520_082902,TwoRobotPickRemoteControl
uniskill,uniskill,unknown,uniskill,30,unseen_finetune,L3_TwoRobotScanMilkBox-v1,L3,TwoRobotScanMilkBox,0.8,0.8917704373598099,10,20260520_084657,TwoRobotScanMilkBox
uniskill,uniskill,unknown,uniskill,30,unseen_finetune,L3_TwoRobotPourKettle-v1,L3,TwoRobotPourKettle,0.8,0.8555698588490486,10,20260520_090357,TwoRobotPourKettle
uniskill,uniskill,unknown,uniskill,30,unseen_finetune,L3_TwoRobotPickFood-v1,L3,TwoRobotPickFood,0.0,0.6495079696178436,10,20260520_091624,TwoRobotPickFood
uniskill,uniskill,unknown,uniskill,30,unseen_finetune,L3_TwoRobotFoldBox-v1,L3,TwoRobotFoldBox,1.0,1.0,10,20260520_092611,TwoRobotFoldBox
uniskill,uniskill,unknown,uniskill,30,unseen_scratch,L0_TwoRobotPickRemoteControl-v1,L0,TwoRobotPickRemoteControl,0.9,0.934918788075447,10,20260520_082859,TwoRobotPickRemoteControl
uniskill,uniskill,unknown,uniskill,30,unseen_scratch,L0_TwoRobotScanMilkBox-v1,L0,TwoRobotScanMilkBox,0.0,0.5396920502185821,10,20260520_085125,TwoRobotScanMilkBox
uniskill,uniskill,unknown,uniskill,30,unseen_scratch,L0_TwoRobotPourKettle-v1,L0,TwoRobotPourKettle,0.4,0.6654183864593506,10,20260520_090646,TwoRobotPourKettle
uniskill,uniskill,unknown,uniskill,30,unseen_scratch,L0_TwoRobotPickFood-v1,L0,TwoRobotPickFood,0.0,0.5165372490882874,10,20260520_091907,TwoRobotPickFood
uniskill,uniskill,unknown,uniskill,30,unseen_scratch,L0_TwoRobotFoldBox-v1,L0,TwoRobotFoldBox,0.9,0.9005091550759972,10,20260520_092832,TwoRobotFoldBox
uniskill,uniskill,unknown,uniskill,30,unseen_scratch,L1_TwoRobotPickRemoteControl-v1,L1,TwoRobotPickRemoteControl,0.9,0.929338401556015,10,20260520_082859,TwoRobotPickRemoteControl
uniskill,uniskill,unknown,uniskill,30,unseen_scratch,L1_TwoRobotScanMilkBox-v1,L1,TwoRobotScanMilkBox,0.0,0.3882374793291092,10,20260520_085105,TwoRobotScanMilkBox
uniskill,uniskill,unknown,uniskill,30,unseen_scratch,L1_TwoRobotPourKettle-v1,L1,TwoRobotPourKettle,0.3,0.5865843057632446,10,20260520_090627,TwoRobotPourKettle
uniskill,uniskill,unknown,uniskill,30,unseen_scratch,L1_TwoRobotPickFood-v1,L1,TwoRobotPickFood,0.0,0.4047545462846756,10,20260520_091840,TwoRobotPickFood
uniskill,uniskill,unknown,uniskill,30,unseen_scratch,L1_TwoRobotFoldBox-v1,L1,TwoRobotFoldBox,1.0,1.0,10,20260520_092802,TwoRobotFoldBox
uniskill,uniskill,unknown,uniskill,30,unseen_scratch,L2_TwoRobotPickRemoteControl-v1,L2,TwoRobotPickRemoteControl,0.1,0.1072118854615837,10,20260520_082853,TwoRobotPickRemoteControl
uniskill,uniskill,unknown,uniskill,30,unseen_scratch,L2_TwoRobotScanMilkBox-v1,L2,TwoRobotScanMilkBox,0.1,0.2091928757727146,10,20260520_084931,TwoRobotScanMilkBox
uniskill,uniskill,unknown,uniskill,30,unseen_scratch,L2_TwoRobotPourKettle-v1,L2,TwoRobotPourKettle,0.0,0.0047068238258361,10,20260520_090522,TwoRobotPourKettle
uniskill,uniskill,unknown,uniskill,30,unseen_scratch,L2_TwoRobotPickFood-v1,L2,TwoRobotPickFood,0.0,0.0699328303337097,10,20260520_091730,TwoRobotPickFood
uniskill,uniskill,unknown,uniskill,30,unseen_scratch,L2_TwoRobotFoldBox-v1,L2,TwoRobotFoldBox,0.5,0.5017982340184972,10,20260520_092703,TwoRobotFoldBox
uniskill,uniskill,unknown,uniskill,30,unseen_scratch,L3_TwoRobotPickRemoteControl-v1,L3,TwoRobotPickRemoteControl,0.9,0.9357620418071748,10,20260520_082901,TwoRobotPickRemoteControl
uniskill,uniskill,unknown,uniskill,30,unseen_scratch,L3_TwoRobotScanMilkBox-v1,L3,TwoRobotScanMilkBox,0.1,0.3551014304161072,10,20260520_084700,TwoRobotScanMilkBox
uniskill,uniskill,unknown,uniskill,30,unseen_scratch,L3_TwoRobotPourKettle-v1,L3,TwoRobotPourKettle,0.1,0.3686708018183708,10,20260520_090357,TwoRobotPourKettle
uniskill,uniskill,unknown,uniskill,30,unseen_scratch,L3_TwoRobotPickFood-v1,L3,TwoRobotPickFood,0.0,0.4720542728900909,10,20260520_091629,TwoRobotPickFood
uniskill,uniskill,unknown,uniskill,30,unseen_scratch,L3_TwoRobotFoldBox-v1,L3,TwoRobotFoldBox,1.0,1.0,10,20260520_092626,TwoRobotFoldBox
uniskill,uniskill,unknown,uniskill,45,seen,L0_TwoRobotStirSpoon-v1,L0,TwoRobotStirSpoon,0.4,0.7824438035488128,10,20260520_075850,TwoRobotStirSpoon
uniskill,uniskill,unknown,uniskill,45,seen,L0_TwoRobotPlacePlateRack-v1,L0,TwoRobotPlacePlateRack,0.8,0.8726593315601349,10,20260520_081519,TwoRobotPlacePlateRack
uniskill,uniskill,unknown,uniskill,45,seen,L0_TwoRobotPlaceFileFolder-v1,L0,TwoRobotPlaceFileFolder,0.9,0.9603045463562012,10,20260520_082617,TwoRobotPlaceFileFolder
uniskill,uniskill,unknown,uniskill,45,seen,L0_TwoRobotFoldTowel-v1,L0,TwoRobotFoldTowel,1.0,1.0,10,20260520_084034,TwoRobotFoldTowel
uniskill,uniskill,unknown,uniskill,45,seen,L0_TwoRobotPlaceMugRack-v1,L0,TwoRobotPlaceMugRack,0.9,0.9922497272491456,10,20260520_085054,TwoRobotPlaceMugRack
uniskill,uniskill,unknown,uniskill,45,seen,L1_TwoRobotStirSpoon-v1,L1,TwoRobotStirSpoon,0.7,0.8139976516366005,10,20260520_075858,TwoRobotStirSpoon
uniskill,uniskill,unknown,uniskill,45,seen,L1_TwoRobotPlacePlateRack-v1,L1,TwoRobotPlacePlateRack,0.6,0.7646064192056656,10,20260520_081519,TwoRobotPlacePlateRack
uniskill,uniskill,unknown,uniskill,45,seen,L1_TwoRobotPlaceFileFolder-v1,L1,TwoRobotPlaceFileFolder,0.2,0.6755117505788804,10,20260520_082618,TwoRobotPlaceFileFolder
uniskill,uniskill,unknown,uniskill,45,seen,L1_TwoRobotFoldTowel-v1,L1,TwoRobotFoldTowel,0.9,0.9117229305207728,10,20260520_084034,TwoRobotFoldTowel
uniskill,uniskill,unknown,uniskill,45,seen,L1_TwoRobotPlaceMugRack-v1,L1,TwoRobotPlaceMugRack,1.0,1.0,10,20260520_085053,TwoRobotPlaceMugRack
uniskill,uniskill,unknown,uniskill,45,seen,L2_TwoRobotStirSpoon-v1,L2,TwoRobotStirSpoon,0.8,0.9384666681289672,10,20260520_075917,TwoRobotStirSpoon
uniskill,uniskill,unknown,uniskill,45,seen,L2_TwoRobotPlacePlateRack-v1,L2,TwoRobotPlacePlateRack,0.9,1.0,10,20260520_081517,TwoRobotPlacePlateRack
uniskill,uniskill,unknown,uniskill,45,seen,L2_TwoRobotPlaceFileFolder-v1,L2,TwoRobotPlaceFileFolder,0.4,0.6202245026826858,10,20260520_082613,TwoRobotPlaceFileFolder
uniskill,uniskill,unknown,uniskill,45,seen,L2_TwoRobotFoldTowel-v1,L2,TwoRobotFoldTowel,1.0,1.0,10,20260520_084048,TwoRobotFoldTowel
uniskill,uniskill,unknown,uniskill,45,seen,L2_TwoRobotPlaceMugRack-v1,L2,TwoRobotPlaceMugRack,1.0,1.0,10,20260520_085110,TwoRobotPlaceMugRack
uniskill,uniskill,unknown,uniskill,45,seen,L3_TwoRobotStirSpoon-v1,L3,TwoRobotStirSpoon,0.2,0.5294845014810562,10,20260520_075922,TwoRobotStirSpoon
uniskill,uniskill,unknown,uniskill,45,seen,L3_TwoRobotPlacePlateRack-v1,L3,TwoRobotPlacePlateRack,1.0,1.0,10,20260520_080957,TwoRobotPlacePlateRack
uniskill,uniskill,unknown,uniskill,45,seen,L3_TwoRobotPlaceFileFolder-v1,L3,TwoRobotPlaceFileFolder,1.0,1.0,10,20260520_081934,TwoRobotPlaceFileFolder
uniskill,uniskill,unknown,uniskill,45,seen,L3_TwoRobotFoldTowel-v1,L3,TwoRobotFoldTowel,0.7,0.942365849018097,10,20260520_083455,TwoRobotFoldTowel
uniskill,uniskill,unknown,uniskill,45,seen,L3_TwoRobotPlaceMugRack-v1,L3,TwoRobotPlaceMugRack,0.9,1.0,10,20260520_084442,TwoRobotPlaceMugRack
uniskill,uniskill,unknown,uniskill,45,unseen,L0_TwoRobotPickRemoteControl-v1,L0,TwoRobotPickRemoteControl,0.0,0.1153548337519168,10,20260520_080006,TwoRobotPickRemoteControl
uniskill,uniskill,unknown,uniskill,45,unseen,L0_TwoRobotScanMilkBox-v1,L0,TwoRobotScanMilkBox,0.4,0.7633903652429581,10,20260520_081458,TwoRobotScanMilkBox
uniskill,uniskill,unknown,uniskill,45,unseen,L0_TwoRobotPourKettle-v1,L0,TwoRobotPourKettle,0.0,0.1185843259096145,10,20260520_082603,TwoRobotPourKettle
uniskill,uniskill,unknown,uniskill,45,unseen,L0_TwoRobotPickFood-v1,L0,TwoRobotPickFood,0.0,0.1512426227331161,10,20260520_083857,TwoRobotPickFood
uniskill,uniskill,unknown,uniskill,45,unseen,L0_TwoRobotFoldBox-v1,L0,TwoRobotFoldBox,0.5,0.577242242731154,10,20260520_084831,TwoRobotFoldBox
uniskill,uniskill,unknown,uniskill,45,unseen,L1_TwoRobotPickRemoteControl-v1,L1,TwoRobotPickRemoteControl,0.0,0.2025296732783317,10,20260520_080020,TwoRobotPickRemoteControl
uniskill,uniskill,unknown,uniskill,45,unseen,L1_TwoRobotScanMilkBox-v1,L1,TwoRobotScanMilkBox,0.0,0.2651409327983856,10,20260520_081444,TwoRobotScanMilkBox
uniskill,uniskill,unknown,uniskill,45,unseen,L1_TwoRobotPourKettle-v1,L1,TwoRobotPourKettle,0.0,0.0670072671025991,10,20260520_082606,TwoRobotPourKettle
uniskill,uniskill,unknown,uniskill,45,unseen,L1_TwoRobotPickFood-v1,L1,TwoRobotPickFood,0.0,0.1393698990345001,10,20260520_083849,TwoRobotPickFood
uniskill,uniskill,unknown,uniskill,45,unseen,L1_TwoRobotFoldBox-v1,L1,TwoRobotFoldBox,0.0,0.059525004401803,10,20260520_084816,TwoRobotFoldBox
uniskill,uniskill,unknown,uniskill,45,unseen,L2_TwoRobotPickRemoteControl-v1,L2,TwoRobotPickRemoteControl,0.0,0.0077698374632745,10,20260520_075941,TwoRobotPickRemoteControl
uniskill,uniskill,unknown,uniskill,45,unseen,L2_TwoRobotScanMilkBox-v1,L2,TwoRobotScanMilkBox,0.0,0.0864607729017734,10,20260520_081336,TwoRobotScanMilkBox
uniskill,uniskill,unknown,uniskill,45,unseen,L2_TwoRobotPourKettle-v1,L2,TwoRobotPourKettle,0.0,0.0059995730873197,10,20260520_082437,TwoRobotPourKettle
uniskill,uniskill,unknown,uniskill,45,unseen,L2_TwoRobotPickFood-v1,L2,TwoRobotPickFood,0.0,0.0044727578759193,10,20260520_083718,TwoRobotPickFood
uniskill,uniskill,unknown,uniskill,45,unseen,L2_TwoRobotFoldBox-v1,L2,TwoRobotFoldBox,0.0,0.0042963995132595,10,20260520_084708,TwoRobotFoldBox
uniskill,uniskill,unknown,uniskill,45,unseen,L3_TwoRobotPickRemoteControl-v1,L3,TwoRobotPickRemoteControl,0.0,0.2323062181472778,10,20260520_075954,TwoRobotPickRemoteControl
uniskill,uniskill,unknown,uniskill,45,unseen,L3_TwoRobotScanMilkBox-v1,L3,TwoRobotScanMilkBox,0.0,0.1761088073253631,10,20260520_081132,TwoRobotScanMilkBox
uniskill,uniskill,unknown,uniskill,45,unseen,L3_TwoRobotPourKettle-v1,L3,TwoRobotPourKettle,0.0,0.0201426905579865,10,20260520_082218,TwoRobotPourKettle
uniskill,uniskill,unknown,uniskill,45,unseen,L3_TwoRobotPickFood-v1,L3,TwoRobotPickFood,0.0,0.1445386856794357,10,20260520_083501,TwoRobotPickFood
uniskill,uniskill,unknown,uniskill,45,unseen,L3_TwoRobotFoldBox-v1,L3,TwoRobotFoldBox,0.0,0.041218101978302,10,20260520_084508,TwoRobotFoldBox
uniskill,uniskill,unknown,uniskill,45,unseen_finetune,L0_TwoRobotPickRemoteControl-v1,L0,TwoRobotPickRemoteControl,1.0,1.0,10,20260520_082900,TwoRobotPickRemoteControl
uniskill,uniskill,unknown,uniskill,45,unseen_finetune,L0_TwoRobotScanMilkBox-v1,L0,TwoRobotScanMilkBox,0.0,0.5361624240875245,10,20260520_085108,TwoRobotScanMilkBox
uniskill,uniskill,unknown,uniskill,45,unseen_finetune,L0_TwoRobotPourKettle-v1,L0,TwoRobotPourKettle,1.0,1.0,10,20260520_090629,TwoRobotPourKettle
uniskill,uniskill,unknown,uniskill,45,unseen_finetune,L0_TwoRobotPickFood-v1,L0,TwoRobotPickFood,0.0,0.5906318902969361,10,20260520_091900,TwoRobotPickFood
uniskill,uniskill,unknown,uniskill,45,unseen_finetune,L0_TwoRobotFoldBox-v1,L0,TwoRobotFoldBox,1.0,1.0,10,20260520_092822,TwoRobotFoldBox
uniskill,uniskill,unknown,uniskill,45,unseen_finetune,L1_TwoRobotPickRemoteControl-v1,L1,TwoRobotPickRemoteControl,0.9,0.9472949743270874,10,20260520_082900,TwoRobotPickRemoteControl
uniskill,uniskill,unknown,uniskill,45,unseen_finetune,L1_TwoRobotScanMilkBox-v1,L1,TwoRobotScanMilkBox,0.3,0.6540380716323853,10,20260520_085114,TwoRobotScanMilkBox
uniskill,uniskill,unknown,uniskill,45,unseen_finetune,L1_TwoRobotPourKettle-v1,L1,TwoRobotPourKettle,0.5,0.5470465149730444,10,20260520_090632,TwoRobotPourKettle
uniskill,uniskill,unknown,uniskill,45,unseen_finetune,L1_TwoRobotPickFood-v1,L1,TwoRobotPickFood,0.0,0.5918674826622009,10,20260520_091855,TwoRobotPickFood
uniskill,uniskill,unknown,uniskill,45,unseen_finetune,L1_TwoRobotFoldBox-v1,L1,TwoRobotFoldBox,1.0,1.0,10,20260520_092814,TwoRobotFoldBox
uniskill,uniskill,unknown,uniskill,45,unseen_finetune,L2_TwoRobotPickRemoteControl-v1,L2,TwoRobotPickRemoteControl,0.7,0.702705907728523,10,20260520_082853,TwoRobotPickRemoteControl
uniskill,uniskill,unknown,uniskill,45,unseen_finetune,L2_TwoRobotScanMilkBox-v1,L2,TwoRobotScanMilkBox,0.1,0.2868428736925125,10,20260520_084927,TwoRobotScanMilkBox
uniskill,uniskill,unknown,uniskill,45,unseen_finetune,L2_TwoRobotPourKettle-v1,L2,TwoRobotPourKettle,0.0,0.0137433371506631,10,20260520_090530,TwoRobotPourKettle
uniskill,uniskill,unknown,uniskill,45,unseen_finetune,L2_TwoRobotPickFood-v1,L2,TwoRobotPickFood,0.0,0.4681635558605194,10,20260520_091745,TwoRobotPickFood
uniskill,uniskill,unknown,uniskill,45,unseen_finetune,L2_TwoRobotFoldBox-v1,L2,TwoRobotFoldBox,1.0,1.0,10,20260520_092722,TwoRobotFoldBox
uniskill,uniskill,unknown,uniskill,45,unseen_finetune,L3_TwoRobotPickRemoteControl-v1,L3,TwoRobotPickRemoteControl,0.9,1.0,10,20260520_082901,TwoRobotPickRemoteControl
uniskill,uniskill,unknown,uniskill,45,unseen_finetune,L3_TwoRobotScanMilkBox-v1,L3,TwoRobotScanMilkBox,0.8,0.9014252603054048,10,20260520_084642,TwoRobotScanMilkBox
uniskill,uniskill,unknown,uniskill,45,unseen_finetune,L3_TwoRobotPourKettle-v1,L3,TwoRobotPourKettle,0.8,0.8449841842055321,10,20260520_090353,TwoRobotPourKettle
uniskill,uniskill,unknown,uniskill,45,unseen_finetune,L3_TwoRobotPickFood-v1,L3,TwoRobotPickFood,0.2,0.7138457238674164,10,20260520_091614,TwoRobotPickFood
uniskill,uniskill,unknown,uniskill,45,unseen_finetune,L3_TwoRobotFoldBox-v1,L3,TwoRobotFoldBox,1.0,1.0,10,20260520_092605,TwoRobotFoldBox
uniskill,uniskill,unknown,uniskill,45,unseen_scratch,L0_TwoRobotPickRemoteControl-v1,L0,TwoRobotPickRemoteControl,0.8,0.8917482554912567,10,20260520_102038,TwoRobotPickRemoteControl
uniskill,uniskill,unknown,uniskill,45,unseen_scratch,L0_TwoRobotScanMilkBox-v1,L0,TwoRobotScanMilkBox,0.0,0.5163346290588379,10,20260520_103219,TwoRobotScanMilkBox
uniskill,uniskill,unknown,uniskill,45,unseen_scratch,L0_TwoRobotPourKettle-v1,L0,TwoRobotPourKettle,0.4,0.5150337815284729,10,20260520_104114,TwoRobotPourKettle
uniskill,uniskill,unknown,uniskill,45,unseen_scratch,L0_TwoRobotPickFood-v1,L0,TwoRobotPickFood,0.0,0.421815401315689,10,20260520_105253,TwoRobotPickFood
uniskill,uniskill,unknown,uniskill,45,unseen_scratch,L0_TwoRobotFoldBox-v1,L0,TwoRobotFoldBox,0.4,0.4059757450129836,10,20260520_110225,TwoRobotFoldBox
uniskill,uniskill,unknown,uniskill,45,unseen_scratch,L1_TwoRobotPickRemoteControl-v1,L1,TwoRobotPickRemoteControl,1.0,1.0,10,20260520_102223,TwoRobotPickRemoteControl
uniskill,uniskill,unknown,uniskill,45,unseen_scratch,L1_TwoRobotScanMilkBox-v1,L1,TwoRobotScanMilkBox,0.0,0.4010645657777786,10,20260520_103405,TwoRobotScanMilkBox
uniskill,uniskill,unknown,uniskill,45,unseen_scratch,L1_TwoRobotPourKettle-v1,L1,TwoRobotPourKettle,0.1,0.353863899409771,10,20260520_104330,TwoRobotPourKettle
uniskill,uniskill,unknown,uniskill,45,unseen_scratch,L1_TwoRobotPickFood-v1,L1,TwoRobotPickFood,0.0,0.4608766883611679,10,20260520_105629,TwoRobotPickFood
uniskill,uniskill,unknown,uniskill,45,unseen_scratch,L1_TwoRobotFoldBox-v1,L1,TwoRobotFoldBox,0.9,1.0,10,20260520_110521,TwoRobotFoldBox
uniskill,uniskill,unknown,uniskill,45,unseen_scratch,L2_TwoRobotPickRemoteControl-v1,L2,TwoRobotPickRemoteControl,0.3,0.3051147747319191,10,20260520_102305,TwoRobotPickRemoteControl
uniskill,uniskill,unknown,uniskill,45,unseen_scratch,L2_TwoRobotScanMilkBox-v1,L2,TwoRobotScanMilkBox,0.0,0.1048805527389049,10,20260520_103708,TwoRobotScanMilkBox
uniskill,uniskill,unknown,uniskill,45,unseen_scratch,L2_TwoRobotPourKettle-v1,L2,TwoRobotPourKettle,0.0,0.0070571818854659,10,20260520_104553,TwoRobotPourKettle
uniskill,uniskill,unknown,uniskill,45,unseen_scratch,L2_TwoRobotPickFood-v1,L2,TwoRobotPickFood,0.0,0.2197183921933174,10,20260520_105547,TwoRobotPickFood
uniskill,uniskill,unknown,uniskill,45,unseen_scratch,L2_TwoRobotFoldBox-v1,L2,TwoRobotFoldBox,0.7,0.7081663253018633,10,20260520_110408,TwoRobotFoldBox
uniskill,uniskill,unknown,uniskill,45,unseen_scratch,L3_TwoRobotPickRemoteControl-v1,L3,TwoRobotPickRemoteControl,0.7,0.8094785869121551,10,20260520_102312,TwoRobotPickRemoteControl
uniskill,uniskill,unknown,uniskill,45,unseen_scratch,L3_TwoRobotScanMilkBox-v1,L3,TwoRobotScanMilkBox,0.4,0.59600610435009,10,20260520_103407,TwoRobotScanMilkBox
uniskill,uniskill,unknown,uniskill,45,unseen_scratch,L3_TwoRobotPourKettle-v1,L3,TwoRobotPourKettle,0.1,0.3911305382847786,10,20260520_104409,TwoRobotPourKettle
uniskill,uniskill,unknown,uniskill,45,unseen_scratch,L3_TwoRobotPickFood-v1,L3,TwoRobotPickFood,0.0,0.5544861286878586,10,20260520_105427,TwoRobotPickFood
uniskill,uniskill,unknown,uniskill,45,unseen_scratch,L3_TwoRobotFoldBox-v1,L3,TwoRobotFoldBox,1.0,1.0,10,20260520_110307,TwoRobotFoldBox
va,act,dinov2_vitl14,act / dinov2_vitl14,15,seen,L0_TwoRobotStirSpoon-v1,L0,TwoRobotStirSpoon,0.4,0.8102761417627334,10,20260512_032911,TwoRobotStirSpoon
va,act,dinov2_vitl14,act / dinov2_vitl14,15,seen,L1_TwoRobotStirSpoon-v1,L1,TwoRobotStirSpoon,0.1,0.7346922561526299,10,20260512_034558,TwoRobotStirSpoon
va,act,dinov2_vitl14,act / dinov2_vitl14,15,seen,L2_TwoRobotStirSpoon-v1,L2,TwoRobotStirSpoon,0.5,0.8972327649593353,10,20260512_035736,TwoRobotStirSpoon
va,act,dinov2_vitl14,act / dinov2_vitl14,15,seen,L3_TwoRobotStirSpoon-v1,L3,TwoRobotStirSpoon,0.8,0.8514983534812928,10,20260512_040817,TwoRobotStirSpoon
va,act,dinov2_vitl14,act / dinov2_vitl14,15,seen,L0_TwoRobotPlacePlateRack-v1,L0,TwoRobotPlacePlateRack,0.8,0.939480409026146,10,20260512_042212,TwoRobotPlacePlateRack
va,act,dinov2_vitl14,act / dinov2_vitl14,15,seen,L1_TwoRobotPlacePlateRack-v1,L1,TwoRobotPlacePlateRack,0.7,0.8485353648662567,10,20260512_043612,TwoRobotPlacePlateRack
va,act,dinov2_vitl14,act / dinov2_vitl14,15,seen,L2_TwoRobotPlacePlateRack-v1,L2,TwoRobotPlacePlateRack,0.5,1.0,10,20260512_045000,TwoRobotPlacePlateRack
va,act,dinov2_vitl14,act / dinov2_vitl14,15,seen,L3_TwoRobotPlacePlateRack-v1,L3,TwoRobotPlacePlateRack,1.0,1.0,10,20260512_045804,TwoRobotPlacePlateRack
va,act,dinov2_vitl14,act / dinov2_vitl14,15,seen,L0_TwoRobotPlaceFileFolder-v1,L0,TwoRobotPlaceFileFolder,0.9,0.9507183790206908,10,20260512_050526,TwoRobotPlaceFileFolder
va,act,dinov2_vitl14,act / dinov2_vitl14,15,seen,L1_TwoRobotPlaceFileFolder-v1,L1,TwoRobotPlaceFileFolder,1.0,1.0,10,20260512_051248,TwoRobotPlaceFileFolder
va,act,dinov2_vitl14,act / dinov2_vitl14,15,seen,L2_TwoRobotPlaceFileFolder-v1,L2,TwoRobotPlaceFileFolder,1.0,1.0,10,20260512_052004,TwoRobotPlaceFileFolder
va,act,dinov2_vitl14,act / dinov2_vitl14,15,seen,L3_TwoRobotPlaceFileFolder-v1,L3,TwoRobotPlaceFileFolder,1.0,1.0,10,20260512_052646,TwoRobotPlaceFileFolder
va,act,dinov2_vitl14,act / dinov2_vitl14,15,seen,L0_TwoRobotFoldTowel-v1,L0,TwoRobotFoldTowel,0.8,1.0,10,20260512_054043,TwoRobotFoldTowel
va,act,dinov2_vitl14,act / dinov2_vitl14,15,seen,L1_TwoRobotFoldTowel-v1,L1,TwoRobotFoldTowel,1.0,1.0,10,20260512_055451,TwoRobotFoldTowel
va,act,dinov2_vitl14,act / dinov2_vitl14,15,seen,L2_TwoRobotFoldTowel-v1,L2,TwoRobotFoldTowel,1.0,1.0,10,20260512_060901,TwoRobotFoldTowel
va,act,dinov2_vitl14,act / dinov2_vitl14,15,seen,L3_TwoRobotFoldTowel-v1,L3,TwoRobotFoldTowel,0.9,0.9833333313465118,10,20260512_062401,TwoRobotFoldTowel
va,act,dinov2_vitl14,act / dinov2_vitl14,15,seen,L0_TwoRobotPlaceMugRack-v1,L0,TwoRobotPlaceMugRack,1.0,1.0,10,20260512_063141,TwoRobotPlaceMugRack
va,act,dinov2_vitl14,act / dinov2_vitl14,15,seen,L1_TwoRobotPlaceMugRack-v1,L1,TwoRobotPlaceMugRack,0.7,1.0,10,20260512_063910,TwoRobotPlaceMugRack
va,act,dinov2_vitl14,act / dinov2_vitl14,15,seen,L2_TwoRobotPlaceMugRack-v1,L2,TwoRobotPlaceMugRack,1.0,1.0,10,20260512_064643,TwoRobotPlaceMugRack
va,act,dinov2_vitl14,act / dinov2_vitl14,15,seen,L3_TwoRobotPlaceMugRack-v1,L3,TwoRobotPlaceMugRack,1.0,1.0,10,20260512_065317,TwoRobotPlaceMugRack
va,act,dinov2_vitl14,act / dinov2_vitl14,15,unseen,L0_TwoRobotPickRemoteControl-v1,L0,TwoRobotPickRemoteControl,0.0,0.0371323585510253,10,20260510_010424,TwoRobotPickRemoteControl
va,act,dinov2_vitl14,act / dinov2_vitl14,15,unseen,L1_TwoRobotPickRemoteControl-v1,L1,TwoRobotPickRemoteControl,0.0,0.0384747482836246,10,20260510_011654,TwoRobotPickRemoteControl
va,act,dinov2_vitl14,act / dinov2_vitl14,15,unseen,L2_TwoRobotPickRemoteControl-v1,L2,TwoRobotPickRemoteControl,0.0,0.0080223346594721,10,20260510_012522,TwoRobotPickRemoteControl
va,act,dinov2_vitl14,act / dinov2_vitl14,15,unseen,L3_TwoRobotPickRemoteControl-v1,L3,TwoRobotPickRemoteControl,0.0,0.1422742791473865,10,20260510_013402,TwoRobotPickRemoteControl
va,act,dinov2_vitl14,act / dinov2_vitl14,15,unseen,L0_TwoRobotScanMilkBox-v1,L0,TwoRobotScanMilkBox,0.0,0.2643624797463417,10,20260510_014201,TwoRobotScanMilkBox
va,act,dinov2_vitl14,act / dinov2_vitl14,15,unseen,L1_TwoRobotScanMilkBox-v1,L1,TwoRobotScanMilkBox,0.0,0.2136973440647125,10,20260510_015009,TwoRobotScanMilkBox
va,act,dinov2_vitl14,act / dinov2_vitl14,15,unseen,L2_TwoRobotScanMilkBox-v1,L2,TwoRobotScanMilkBox,0.0,0.1987434722483158,10,20260510_015716,TwoRobotScanMilkBox
va,act,dinov2_vitl14,act / dinov2_vitl14,15,unseen,L3_TwoRobotScanMilkBox-v1,L3,TwoRobotScanMilkBox,0.0,0.1505928300321102,10,20260510_020255,TwoRobotScanMilkBox
va,act,dinov2_vitl14,act / dinov2_vitl14,15,unseen,L0_TwoRobotPourKettle-v1,L0,TwoRobotPourKettle,0.0,0.1399641767144203,10,20260510_020657,TwoRobotPourKettle
va,act,dinov2_vitl14,act / dinov2_vitl14,15,unseen,L1_TwoRobotPourKettle-v1,L1,TwoRobotPourKettle,0.0,0.0840639628469944,10,20260510_021057,TwoRobotPourKettle
va,act,dinov2_vitl14,act / dinov2_vitl14,15,unseen,L2_TwoRobotPourKettle-v1,L2,TwoRobotPourKettle,0.0,0.0044676860794425,10,20260510_021457,TwoRobotPourKettle
va,act,dinov2_vitl14,act / dinov2_vitl14,15,unseen,L3_TwoRobotPourKettle-v1,L3,TwoRobotPourKettle,0.0,0.1958227708935737,10,20260510_021920,TwoRobotPourKettle
va,act,dinov2_vitl14,act / dinov2_vitl14,15,unseen,L0_TwoRobotPickFood-v1,L0,TwoRobotPickFood,0.0,0.1553044497966766,10,20260510_022516,TwoRobotPickFood
va,act,dinov2_vitl14,act / dinov2_vitl14,15,unseen,L1_TwoRobotPickFood-v1,L1,TwoRobotPickFood,0.0,0.2275504350662231,10,20260510_023136,TwoRobotPickFood
va,act,dinov2_vitl14,act / dinov2_vitl14,15,unseen,L2_TwoRobotPickFood-v1,L2,TwoRobotPickFood,0.0,0.0113570556044578,10,20260510_023753,TwoRobotPickFood
va,act,dinov2_vitl14,act / dinov2_vitl14,15,unseen,L3_TwoRobotPickFood-v1,L3,TwoRobotPickFood,0.0,0.1828362792730331,10,20260510_024338,TwoRobotPickFood
va,act,dinov2_vitl14,act / dinov2_vitl14,15,unseen,L0_TwoRobotFoldBox-v1,L0,TwoRobotFoldBox,0.0,0.0024727279553189,10,20260510_024642,TwoRobotFoldBox
va,act,dinov2_vitl14,act / dinov2_vitl14,15,unseen,L1_TwoRobotFoldBox-v1,L1,TwoRobotFoldBox,0.9,0.9054828461259604,10,20260510_024923,TwoRobotFoldBox
va,act,dinov2_vitl14,act / dinov2_vitl14,15,unseen,L2_TwoRobotFoldBox-v1,L2,TwoRobotFoldBox,0.0,0.0036777566419914,10,20260510_025212,TwoRobotFoldBox
va,act,dinov2_vitl14,act / dinov2_vitl14,15,unseen,L3_TwoRobotFoldBox-v1,L3,TwoRobotFoldBox,0.0,0.0120495561510324,10,20260510_025503,TwoRobotFoldBox
va,act,dinov2_vitl14,act / dinov2_vitl14,15,unseen_finetune,L0_TwoRobotPickRemoteControl-v1,L0,TwoRobotPickRemoteControl,1.0,1.0,10,20260510_221938,TwoRobotPickRemoteControl
va,act,dinov2_vitl14,act / dinov2_vitl14,15,unseen_finetune,L1_TwoRobotPickRemoteControl-v1,L1,TwoRobotPickRemoteControl,0.9,0.9462770402431488,10,20260510_223757,TwoRobotPickRemoteControl
va,act,dinov2_vitl14,act / dinov2_vitl14,15,unseen_finetune,L2_TwoRobotPickRemoteControl-v1,L2,TwoRobotPickRemoteControl,0.9,0.9007974052801728,10,20260510_225530,TwoRobotPickRemoteControl
va,act,dinov2_vitl14,act / dinov2_vitl14,15,unseen_finetune,L3_TwoRobotPickRemoteControl-v1,L3,TwoRobotPickRemoteControl,1.0,1.0,10,20260510_231326,TwoRobotPickRemoteControl
va,act,dinov2_vitl14,act / dinov2_vitl14,15,unseen_finetune,L0_TwoRobotScanMilkBox-v1,L0,TwoRobotScanMilkBox,1.0,1.0,10,20260510_232702,TwoRobotScanMilkBox
va,act,dinov2_vitl14,act / dinov2_vitl14,15,unseen_finetune,L1_TwoRobotScanMilkBox-v1,L1,TwoRobotScanMilkBox,1.0,1.0,10,20260510_233721,TwoRobotScanMilkBox
va,act,dinov2_vitl14,act / dinov2_vitl14,15,unseen_finetune,L2_TwoRobotScanMilkBox-v1,L2,TwoRobotScanMilkBox,0.8,0.8406589686870575,10,20260510_235806,TwoRobotScanMilkBox
va,act,dinov2_vitl14,act / dinov2_vitl14,15,unseen_finetune,L3_TwoRobotScanMilkBox-v1,L3,TwoRobotScanMilkBox,0.4,0.6932865619659424,10,20260511_000858,TwoRobotScanMilkBox
va,act,dinov2_vitl14,act / dinov2_vitl14,15,unseen_finetune,L0_TwoRobotPourKettle-v1,L0,TwoRobotPourKettle,1.0,1.0,10,20260511_001726,TwoRobotPourKettle
va,act,dinov2_vitl14,act / dinov2_vitl14,15,unseen_finetune,L1_TwoRobotPourKettle-v1,L1,TwoRobotPourKettle,0.4,0.5611825026571751,10,20260511_002636,TwoRobotPourKettle
va,act,dinov2_vitl14,act / dinov2_vitl14,15,unseen_finetune,L2_TwoRobotPourKettle-v1,L2,TwoRobotPourKettle,0.0,0.0125460546929389,10,20260511_003555,TwoRobotPourKettle
va,act,dinov2_vitl14,act / dinov2_vitl14,15,unseen_finetune,L3_TwoRobotPourKettle-v1,L3,TwoRobotPourKettle,1.0,1.0,10,20260511_004512,TwoRobotPourKettle
va,act,dinov2_vitl14,act / dinov2_vitl14,15,unseen_finetune,L0_TwoRobotPickFood-v1,L0,TwoRobotPickFood,1.0,1.0,10,20260511_005437,TwoRobotPickFood
va,act,dinov2_vitl14,act / dinov2_vitl14,15,unseen_finetune,L1_TwoRobotPickFood-v1,L1,TwoRobotPickFood,1.0,1.0,10,20260511_010157,TwoRobotPickFood
va,act,dinov2_vitl14,act / dinov2_vitl14,15,unseen_finetune,L2_TwoRobotPickFood-v1,L2,TwoRobotPickFood,0.0,0.3162734434008598,10,20260511_010835,TwoRobotPickFood
va,act,dinov2_vitl14,act / dinov2_vitl14,15,unseen_finetune,L3_TwoRobotPickFood-v1,L3,TwoRobotPickFood,1.0,1.0,10,20260511_011520,TwoRobotPickFood
va,act,dinov2_vitl14,act / dinov2_vitl14,15,unseen_finetune,L0_TwoRobotFoldBox-v1,L0,TwoRobotFoldBox,1.0,1.0,10,20260511_011932,TwoRobotFoldBox
va,act,dinov2_vitl14,act / dinov2_vitl14,15,unseen_finetune,L1_TwoRobotFoldBox-v1,L1,TwoRobotFoldBox,1.0,1.0,10,20260511_012402,TwoRobotFoldBox
va,act,dinov2_vitl14,act / dinov2_vitl14,15,unseen_finetune,L2_TwoRobotFoldBox-v1,L2,TwoRobotFoldBox,1.0,1.0,10,20260511_012902,TwoRobotFoldBox
va,act,dinov2_vitl14,act / dinov2_vitl14,15,unseen_finetune,L3_TwoRobotFoldBox-v1,L3,TwoRobotFoldBox,1.0,1.0,10,20260511_013430,TwoRobotFoldBox
va,act,dinov2_vitl14,act / dinov2_vitl14,15,unseen_scratch,L0_TwoRobotPickRemoteControl-v1,L0,TwoRobotPickRemoteControl,1.0,1.0,10,20260514_191906,TwoRobotPickRemoteControl
va,act,dinov2_vitl14,act / dinov2_vitl14,15,unseen_scratch,L1_TwoRobotPickRemoteControl-v1,L1,TwoRobotPickRemoteControl,1.0,1.0,10,20260514_193125,TwoRobotPickRemoteControl
va,act,dinov2_vitl14,act / dinov2_vitl14,15,unseen_scratch,L2_TwoRobotPickRemoteControl-v1,L2,TwoRobotPickRemoteControl,1.0,1.0,10,20260514_194326,TwoRobotPickRemoteControl
va,act,dinov2_vitl14,act / dinov2_vitl14,15,unseen_scratch,L3_TwoRobotPickRemoteControl-v1,L3,TwoRobotPickRemoteControl,0.9,1.0,10,20260514_195609,TwoRobotPickRemoteControl
va,act,dinov2_vitl14,act / dinov2_vitl14,15,unseen_scratch,L0_TwoRobotScanMilkBox-v1,L0,TwoRobotScanMilkBox,0.8,0.933766496181488,10,20260514_200611,TwoRobotScanMilkBox
va,act,dinov2_vitl14,act / dinov2_vitl14,15,unseen_scratch,L1_TwoRobotScanMilkBox-v1,L1,TwoRobotScanMilkBox,0.9,0.9668769419193268,10,20260514_201442,TwoRobotScanMilkBox
va,act,dinov2_vitl14,act / dinov2_vitl14,15,unseen_scratch,L2_TwoRobotScanMilkBox-v1,L2,TwoRobotScanMilkBox,1.0,1.0,10,20260514_202216,TwoRobotScanMilkBox
va,act,dinov2_vitl14,act / dinov2_vitl14,15,unseen_scratch,L3_TwoRobotScanMilkBox-v1,L3,TwoRobotScanMilkBox,1.0,1.0,10,20260514_202824,TwoRobotScanMilkBox
va,act,dinov2_vitl14,act / dinov2_vitl14,15,unseen_scratch,L0_TwoRobotPourKettle-v1,L0,TwoRobotPourKettle,1.0,1.0,10,20260514_203520,TwoRobotPourKettle
va,act,dinov2_vitl14,act / dinov2_vitl14,15,unseen_scratch,L1_TwoRobotPourKettle-v1,L1,TwoRobotPourKettle,0.3,0.4046245321631431,10,20260514_204203,TwoRobotPourKettle
va,act,dinov2_vitl14,act / dinov2_vitl14,15,unseen_scratch,L2_TwoRobotPourKettle-v1,L2,TwoRobotPourKettle,0.0,0.0045632362365722,10,20260514_204744,TwoRobotPourKettle
va,act,dinov2_vitl14,act / dinov2_vitl14,15,unseen_scratch,L3_TwoRobotPourKettle-v1,L3,TwoRobotPourKettle,0.9,0.929755249619484,10,20260514_205340,TwoRobotPourKettle
va,act,dinov2_vitl14,act / dinov2_vitl14,15,unseen_scratch,L0_TwoRobotPickFood-v1,L0,TwoRobotPickFood,1.0,1.0,10,20260514_210019,TwoRobotPickFood
va,act,dinov2_vitl14,act / dinov2_vitl14,15,unseen_scratch,L1_TwoRobotPickFood-v1,L1,TwoRobotPickFood,0.7,0.9024641931056976,10,20260514_210648,TwoRobotPickFood
va,act,dinov2_vitl14,act / dinov2_vitl14,15,unseen_scratch,L2_TwoRobotPickFood-v1,L2,TwoRobotPickFood,0.1,0.6131065517663956,10,20260514_211304,TwoRobotPickFood
va,act,dinov2_vitl14,act / dinov2_vitl14,15,unseen_scratch,L3_TwoRobotPickFood-v1,L3,TwoRobotPickFood,0.8,0.9199217677116394,10,20260514_211833,TwoRobotPickFood
va,act,dinov2_vitl14,act / dinov2_vitl14,15,unseen_scratch,L0_TwoRobotFoldBox-v1,L0,TwoRobotFoldBox,1.0,1.0,10,20260514_212128,TwoRobotFoldBox
va,act,dinov2_vitl14,act / dinov2_vitl14,15,unseen_scratch,L1_TwoRobotFoldBox-v1,L1,TwoRobotFoldBox,1.0,1.0,10,20260514_212424,TwoRobotFoldBox
va,act,dinov2_vitl14,act / dinov2_vitl14,15,unseen_scratch,L2_TwoRobotFoldBox-v1,L2,TwoRobotFoldBox,1.0,1.0,10,20260514_212731,TwoRobotFoldBox
va,act,dinov2_vitl14,act / dinov2_vitl14,15,unseen_scratch,L3_TwoRobotFoldBox-v1,L3,TwoRobotFoldBox,1.0,1.0,10,20260514_213039,TwoRobotFoldBox
va,act,dinov2_vitl14,act / dinov2_vitl14,30,seen,L0_TwoRobotStirSpoon-v1,L0,TwoRobotStirSpoon,0.7,0.8681458711624146,10,20260509_172951,TwoRobotStirSpoon
va,act,dinov2_vitl14,act / dinov2_vitl14,30,seen,L1_TwoRobotStirSpoon-v1,L1,TwoRobotStirSpoon,0.6,0.8048433899879456,10,20260509_173931,TwoRobotStirSpoon
va,act,dinov2_vitl14,act / dinov2_vitl14,30,seen,L2_TwoRobotStirSpoon-v1,L2,TwoRobotStirSpoon,0.2,0.8115282773971557,10,20260509_174737,TwoRobotStirSpoon
va,act,dinov2_vitl14,act / dinov2_vitl14,30,seen,L3_TwoRobotStirSpoon-v1,L3,TwoRobotStirSpoon,0.6,0.7175008207559586,10,20260509_175504,TwoRobotStirSpoon
va,act,dinov2_vitl14,act / dinov2_vitl14,30,seen,L0_TwoRobotPlacePlateRack-v1,L0,TwoRobotPlacePlateRack,1.0,1.0,10,20260509_180702,TwoRobotPlacePlateRack
va,act,dinov2_vitl14,act / dinov2_vitl14,30,seen,L1_TwoRobotPlacePlateRack-v1,L1,TwoRobotPlacePlateRack,0.8,0.8639010816812516,10,20260509_181855,TwoRobotPlacePlateRack
va,act,dinov2_vitl14,act / dinov2_vitl14,30,seen,L2_TwoRobotPlacePlateRack-v1,L2,TwoRobotPlacePlateRack,0.8,1.0,10,20260509_182943,TwoRobotPlacePlateRack
va,act,dinov2_vitl14,act / dinov2_vitl14,30,seen,L3_TwoRobotPlacePlateRack-v1,L3,TwoRobotPlacePlateRack,0.9,0.932351040840149,10,20260509_183618,TwoRobotPlacePlateRack
va,act,dinov2_vitl14,act / dinov2_vitl14,30,seen,L0_TwoRobotPlaceFileFolder-v1,L0,TwoRobotPlaceFileFolder,0.7,0.8567948579788208,10,20260509_184221,TwoRobotPlaceFileFolder
va,act,dinov2_vitl14,act / dinov2_vitl14,30,seen,L1_TwoRobotPlaceFileFolder-v1,L1,TwoRobotPlaceFileFolder,0.9,0.960129690170288,10,20260509_184826,TwoRobotPlaceFileFolder
va,act,dinov2_vitl14,act / dinov2_vitl14,30,seen,L2_TwoRobotPlaceFileFolder-v1,L2,TwoRobotPlaceFileFolder,0.6,0.6952120631933212,10,20260509_185445,TwoRobotPlaceFileFolder
va,act,dinov2_vitl14,act / dinov2_vitl14,30,seen,L3_TwoRobotPlaceFileFolder-v1,L3,TwoRobotPlaceFileFolder,1.0,1.0,10,20260509_190048,TwoRobotPlaceFileFolder
va,act,dinov2_vitl14,act / dinov2_vitl14,30,seen,L0_TwoRobotFoldTowel-v1,L0,TwoRobotFoldTowel,1.0,1.0,10,20260509_191713,TwoRobotFoldTowel
va,act,dinov2_vitl14,act / dinov2_vitl14,30,seen,L1_TwoRobotFoldTowel-v1,L1,TwoRobotFoldTowel,1.0,1.0,10,20260509_193333,TwoRobotFoldTowel
va,act,dinov2_vitl14,act / dinov2_vitl14,30,seen,L2_TwoRobotFoldTowel-v1,L2,TwoRobotFoldTowel,0.9,0.9833333313465118,10,20260509_195005,TwoRobotFoldTowel
va,act,dinov2_vitl14,act / dinov2_vitl14,30,seen,L3_TwoRobotFoldTowel-v1,L3,TwoRobotFoldTowel,0.9,0.9833333313465118,10,20260509_201058,TwoRobotFoldTowel
va,act,dinov2_vitl14,act / dinov2_vitl14,30,seen,L0_TwoRobotPlaceMugRack-v1,L0,TwoRobotPlaceMugRack,1.0,1.0,10,20260509_201809,TwoRobotPlaceMugRack
va,act,dinov2_vitl14,act / dinov2_vitl14,30,seen,L1_TwoRobotPlaceMugRack-v1,L1,TwoRobotPlaceMugRack,0.9,1.0,10,20260509_202536,TwoRobotPlaceMugRack
va,act,dinov2_vitl14,act / dinov2_vitl14,30,seen,L2_TwoRobotPlaceMugRack-v1,L2,TwoRobotPlaceMugRack,0.8,0.991723108291626,10,20260509_203307,TwoRobotPlaceMugRack
va,act,dinov2_vitl14,act / dinov2_vitl14,30,seen,L3_TwoRobotPlaceMugRack-v1,L3,TwoRobotPlaceMugRack,1.0,1.0,10,20260509_203846,TwoRobotPlaceMugRack
va,act,dinov2_vitl14,act / dinov2_vitl14,30,unseen,L3_TwoRobotPickRemoteControl-v1,L3,TwoRobotPickRemoteControl,0.0,0.2330500207841396,10,20260510_142700,TwoRobotPickRemoteControl
va,act,dinov2_vitl14,act / dinov2_vitl14,30,unseen,L0_TwoRobotScanMilkBox-v1,L0,TwoRobotScanMilkBox,0.0,0.2656978875398635,10,20260510_144050,TwoRobotScanMilkBox
va,act,dinov2_vitl14,act / dinov2_vitl14,30,unseen,L1_TwoRobotScanMilkBox-v1,L1,TwoRobotScanMilkBox,0.0,0.1170402564108371,10,20260510_145445,TwoRobotScanMilkBox
va,act,dinov2_vitl14,act / dinov2_vitl14,30,unseen,L2_TwoRobotScanMilkBox-v1,L2,TwoRobotScanMilkBox,0.0,0.0883582210168242,10,20260510_150738,TwoRobotScanMilkBox
va,act,dinov2_vitl14,act / dinov2_vitl14,30,unseen,L3_TwoRobotScanMilkBox-v1,L3,TwoRobotScanMilkBox,0.0,0.1831480950117111,10,20260510_151755,TwoRobotScanMilkBox
va,act,dinov2_vitl14,act / dinov2_vitl14,30,unseen,L0_TwoRobotPourKettle-v1,L0,TwoRobotPourKettle,0.0,0.2019369013607502,10,20260510_152541,TwoRobotPourKettle
va,act,dinov2_vitl14,act / dinov2_vitl14,30,unseen,L1_TwoRobotPourKettle-v1,L1,TwoRobotPourKettle,0.0,0.0702413126826286,10,20260510_153304,TwoRobotPourKettle
va,act,dinov2_vitl14,act / dinov2_vitl14,30,unseen,L2_TwoRobotPourKettle-v1,L2,TwoRobotPourKettle,0.0,0.0044414599891752,10,20260510_154052,TwoRobotPourKettle
va,act,dinov2_vitl14,act / dinov2_vitl14,30,unseen,L3_TwoRobotPourKettle-v1,L3,TwoRobotPourKettle,0.0,0.024279411509633,10,20260510_154851,TwoRobotPourKettle
va,act,dinov2_vitl14,act / dinov2_vitl14,30,unseen,L0_TwoRobotPickFood-v1,L0,TwoRobotPickFood,0.0,0.2358061581850052,10,20260510_155901,TwoRobotPickFood
va,act,dinov2_vitl14,act / dinov2_vitl14,30,unseen,L1_TwoRobotPickFood-v1,L1,TwoRobotPickFood,0.0,0.1516999915242195,10,20260510_160843,TwoRobotPickFood
va,act,dinov2_vitl14,act / dinov2_vitl14,30,unseen,L2_TwoRobotPickFood-v1,L2,TwoRobotPickFood,0.0,0.0057806313037872,10,20260510_161741,TwoRobotPickFood
va,act,dinov2_vitl14,act / dinov2_vitl14,30,unseen,L3_TwoRobotPickFood-v1,L3,TwoRobotPickFood,0.0,0.2362054973840713,10,20260510_162552,TwoRobotPickFood
va,act,dinov2_vitl14,act / dinov2_vitl14,30,unseen,L0_TwoRobotFoldBox-v1,L0,TwoRobotFoldBox,0.0,0.0027841824805364,10,20260510_163015,TwoRobotFoldBox
va,act,dinov2_vitl14,act / dinov2_vitl14,30,unseen,L1_TwoRobotFoldBox-v1,L1,TwoRobotFoldBox,0.0,0.0219594890251755,10,20260510_163431,TwoRobotFoldBox
va,act,dinov2_vitl14,act / dinov2_vitl14,30,unseen,L2_TwoRobotFoldBox-v1,L2,TwoRobotFoldBox,0.2,0.2087652613176032,10,20260510_163854,TwoRobotFoldBox
va,act,dinov2_vitl14,act / dinov2_vitl14,30,unseen,L3_TwoRobotFoldBox-v1,L3,TwoRobotFoldBox,0.0,0.0131751681212335,10,20260510_164305,TwoRobotFoldBox
va,act,dinov2_vitl14,act / dinov2_vitl14,30,unseen,L0_TwoRobotPickRemoteControl-v1,L0,TwoRobotPickRemoteControl,0.0,0.0364103339612483,10,20260510_132721,TwoRobotPickRemoteControl
va,act,dinov2_vitl14,act / dinov2_vitl14,30,unseen,L1_TwoRobotPickRemoteControl-v1,L1,TwoRobotPickRemoteControl,0.0,0.0282660221680998,10,20260510_134505,TwoRobotPickRemoteControl
va,act,dinov2_vitl14,act / dinov2_vitl14,30,unseen,L2_TwoRobotPickRemoteControl-v1,L2,TwoRobotPickRemoteControl,0.0,0.0078937101643532,10,20260510_140057,TwoRobotPickRemoteControl
va,act,dinov2_vitl14,act / dinov2_vitl14,30,unseen_finetune,L0_TwoRobotPickRemoteControl-v1,L0,TwoRobotPickRemoteControl,1.0,1.0,10,20260511_000032,TwoRobotPickRemoteControl
va,act,dinov2_vitl14,act / dinov2_vitl14,30,unseen_finetune,L1_TwoRobotPickRemoteControl-v1,L1,TwoRobotPickRemoteControl,0.9,0.950538718700409,10,20260511_001703,TwoRobotPickRemoteControl
va,act,dinov2_vitl14,act / dinov2_vitl14,30,unseen_finetune,L2_TwoRobotPickRemoteControl-v1,L2,TwoRobotPickRemoteControl,0.9,0.9006967782974243,10,20260511_003437,TwoRobotPickRemoteControl
va,act,dinov2_vitl14,act / dinov2_vitl14,30,unseen_finetune,L3_TwoRobotPickRemoteControl-v1,L3,TwoRobotPickRemoteControl,0.5,0.6368077822029591,10,20260511_005103,TwoRobotPickRemoteControl
va,act,dinov2_vitl14,act / dinov2_vitl14,30,unseen_finetune,L0_TwoRobotScanMilkBox-v1,L0,TwoRobotScanMilkBox,1.0,1.0,10,20260511_010151,TwoRobotScanMilkBox
va,act,dinov2_vitl14,act / dinov2_vitl14,30,unseen_finetune,L1_TwoRobotScanMilkBox-v1,L1,TwoRobotScanMilkBox,1.0,1.0,10,20260511_011130,TwoRobotScanMilkBox
va,act,dinov2_vitl14,act / dinov2_vitl14,30,unseen_finetune,L2_TwoRobotScanMilkBox-v1,L2,TwoRobotScanMilkBox,1.0,1.0,10,20260511_012028,TwoRobotScanMilkBox
va,act,dinov2_vitl14,act / dinov2_vitl14,30,unseen_finetune,L3_TwoRobotScanMilkBox-v1,L3,TwoRobotScanMilkBox,1.0,1.0,10,20260511_012832,TwoRobotScanMilkBox
va,act,dinov2_vitl14,act / dinov2_vitl14,30,unseen_finetune,L0_TwoRobotPourKettle-v1,L0,TwoRobotPourKettle,1.0,1.0,10,20260511_013514,TwoRobotPourKettle
va,act,dinov2_vitl14,act / dinov2_vitl14,30,unseen_finetune,L1_TwoRobotPourKettle-v1,L1,TwoRobotPourKettle,0.5,0.5925162132829428,10,20260511_014101,TwoRobotPourKettle
va,act,dinov2_vitl14,act / dinov2_vitl14,30,unseen_finetune,L2_TwoRobotPourKettle-v1,L2,TwoRobotPourKettle,0.0,0.0076993664959445,10,20260511_020813,TwoRobotPourKettle
va,act,dinov2_vitl14,act / dinov2_vitl14,30,unseen_finetune,L3_TwoRobotPourKettle-v1,L3,TwoRobotPourKettle,1.0,1.0,10,20260511_021911,TwoRobotPourKettle
va,act,dinov2_vitl14,act / dinov2_vitl14,30,unseen_finetune,L0_TwoRobotPickFood-v1,L0,TwoRobotPickFood,1.0,1.0,10,20260511_023233,TwoRobotPickFood
va,act,dinov2_vitl14,act / dinov2_vitl14,30,unseen_finetune,L1_TwoRobotPickFood-v1,L1,TwoRobotPickFood,1.0,1.0,10,20260511_024323,TwoRobotPickFood
va,act,dinov2_vitl14,act / dinov2_vitl14,30,unseen_finetune,L2_TwoRobotPickFood-v1,L2,TwoRobotPickFood,0.3,0.6600845038890839,10,20260511_025321,TwoRobotPickFood
va,act,dinov2_vitl14,act / dinov2_vitl14,30,unseen_finetune,L3_TwoRobotPickFood-v1,L3,TwoRobotPickFood,1.0,1.0,10,20260511_030219,TwoRobotPickFood
va,act,dinov2_vitl14,act / dinov2_vitl14,30,unseen_finetune,L0_TwoRobotFoldBox-v1,L0,TwoRobotFoldBox,1.0,1.0,10,20260511_030614,TwoRobotFoldBox
va,act,dinov2_vitl14,act / dinov2_vitl14,30,unseen_finetune,L1_TwoRobotFoldBox-v1,L1,TwoRobotFoldBox,1.0,1.0,10,20260511_030934,TwoRobotFoldBox
va,act,dinov2_vitl14,act / dinov2_vitl14,30,unseen_finetune,L2_TwoRobotFoldBox-v1,L2,TwoRobotFoldBox,1.0,1.0,10,20260511_031258,TwoRobotFoldBox
va,act,dinov2_vitl14,act / dinov2_vitl14,30,unseen_finetune,L3_TwoRobotFoldBox-v1,L3,TwoRobotFoldBox,1.0,1.0,10,20260511_031623,TwoRobotFoldBox
va,act,dinov2_vitl14,act / dinov2_vitl14,30,unseen_scratch,L0_TwoRobotPickRemoteControl-v1,L0,TwoRobotPickRemoteControl,1.0,1.0,10,20260514_235851,TwoRobotPickRemoteControl
va,act,dinov2_vitl14,act / dinov2_vitl14,30,unseen_scratch,L1_TwoRobotPickRemoteControl-v1,L1,TwoRobotPickRemoteControl,1.0,1.0,10,20260515_001302,TwoRobotPickRemoteControl
va,act,dinov2_vitl14,act / dinov2_vitl14,30,unseen_scratch,L2_TwoRobotPickRemoteControl-v1,L2,TwoRobotPickRemoteControl,1.0,1.0,10,20260515_002513,TwoRobotPickRemoteControl
va,act,dinov2_vitl14,act / dinov2_vitl14,30,unseen_scratch,L3_TwoRobotPickRemoteControl-v1,L3,TwoRobotPickRemoteControl,1.0,1.0,10,20260515_003325,TwoRobotPickRemoteControl
va,act,dinov2_vitl14,act / dinov2_vitl14,30,unseen_scratch,L0_TwoRobotScanMilkBox-v1,L0,TwoRobotScanMilkBox,0.9,0.9631064236164092,10,20260515_004155,TwoRobotScanMilkBox
va,act,dinov2_vitl14,act / dinov2_vitl14,30,unseen_scratch,L1_TwoRobotScanMilkBox-v1,L1,TwoRobotScanMilkBox,1.0,1.0,10,20260515_005055,TwoRobotScanMilkBox
va,act,dinov2_vitl14,act / dinov2_vitl14,30,unseen_scratch,L2_TwoRobotScanMilkBox-v1,L2,TwoRobotScanMilkBox,0.7,0.7642619520425796,10,20260515_005857,TwoRobotScanMilkBox
va,act,dinov2_vitl14,act / dinov2_vitl14,30,unseen_scratch,L3_TwoRobotScanMilkBox-v1,L3,TwoRobotScanMilkBox,0.9,0.9507100939750672,10,20260515_010542,TwoRobotScanMilkBox
va,act,dinov2_vitl14,act / dinov2_vitl14,30,unseen_scratch,L0_TwoRobotPourKettle-v1,L0,TwoRobotPourKettle,1.0,1.0,10,20260515_011103,TwoRobotPourKettle
va,act,dinov2_vitl14,act / dinov2_vitl14,30,unseen_scratch,L1_TwoRobotPourKettle-v1,L1,TwoRobotPourKettle,0.2,0.2615824576467275,10,20260515_011613,TwoRobotPourKettle
va,act,dinov2_vitl14,act / dinov2_vitl14,30,unseen_scratch,L2_TwoRobotPourKettle-v1,L2,TwoRobotPourKettle,0.0,0.0057190655963495,10,20260515_012122,TwoRobotPourKettle
va,act,dinov2_vitl14,act / dinov2_vitl14,30,unseen_scratch,L3_TwoRobotPourKettle-v1,L3,TwoRobotPourKettle,0.6,0.7309773683547973,10,20260515_012645,TwoRobotPourKettle
va,act,dinov2_vitl14,act / dinov2_vitl14,30,unseen_scratch,L0_TwoRobotPickFood-v1,L0,TwoRobotPickFood,0.9,0.9768103897571564,10,20260515_013344,TwoRobotPickFood
va,act,dinov2_vitl14,act / dinov2_vitl14,30,unseen_scratch,L1_TwoRobotPickFood-v1,L1,TwoRobotPickFood,0.7,0.9269599556922912,10,20260515_013950,TwoRobotPickFood
va,act,dinov2_vitl14,act / dinov2_vitl14,30,unseen_scratch,L2_TwoRobotPickFood-v1,L2,TwoRobotPickFood,0.1,0.6610810935497284,10,20260515_014528,TwoRobotPickFood
va,act,dinov2_vitl14,act / dinov2_vitl14,30,unseen_scratch,L3_TwoRobotPickFood-v1,L3,TwoRobotPickFood,0.8,0.9310298085212708,10,20260515_015142,TwoRobotPickFood
va,act,dinov2_vitl14,act / dinov2_vitl14,30,unseen_scratch,L0_TwoRobotFoldBox-v1,L0,TwoRobotFoldBox,1.0,1.0,10,20260515_015514,TwoRobotFoldBox
va,act,dinov2_vitl14,act / dinov2_vitl14,30,unseen_scratch,L1_TwoRobotFoldBox-v1,L1,TwoRobotFoldBox,1.0,1.0,10,20260515_015846,TwoRobotFoldBox
va,act,dinov2_vitl14,act / dinov2_vitl14,30,unseen_scratch,L2_TwoRobotFoldBox-v1,L2,TwoRobotFoldBox,1.0,1.0,10,20260515_020157,TwoRobotFoldBox
va,act,dinov2_vitl14,act / dinov2_vitl14,30,unseen_scratch,L3_TwoRobotFoldBox-v1,L3,TwoRobotFoldBox,1.0,1.0,10,20260515_020430,TwoRobotFoldBox
va,act,dinov2_vitl14,act / dinov2_vitl14,45,seen,L0_TwoRobotStirSpoon-v1,L0,TwoRobotStirSpoon,1.0,1.0,10,20260512_032907,TwoRobotStirSpoon
va,act,dinov2_vitl14,act / dinov2_vitl14,45,seen,L1_TwoRobotStirSpoon-v1,L1,TwoRobotStirSpoon,0.4,0.8431282132863999,10,20260512_034221,TwoRobotStirSpoon
va,act,dinov2_vitl14,act / dinov2_vitl14,45,seen,L2_TwoRobotStirSpoon-v1,L2,TwoRobotStirSpoon,0.6,0.9268553555011748,10,20260512_035322,TwoRobotStirSpoon
va,act,dinov2_vitl14,act / dinov2_vitl14,45,seen,L3_TwoRobotStirSpoon-v1,L3,TwoRobotStirSpoon,0.5,0.6129347562789917,10,20260512_040248,TwoRobotStirSpoon
va,act,dinov2_vitl14,act / dinov2_vitl14,45,seen,L0_TwoRobotPlacePlateRack-v1,L0,TwoRobotPlacePlateRack,1.0,1.0,10,20260512_041652,TwoRobotPlacePlateRack
va,act,dinov2_vitl14,act / dinov2_vitl14,45,seen,L1_TwoRobotPlacePlateRack-v1,L1,TwoRobotPlacePlateRack,0.9,1.0,10,20260512_043113,TwoRobotPlacePlateRack
va,act,dinov2_vitl14,act / dinov2_vitl14,45,seen,L2_TwoRobotPlacePlateRack-v1,L2,TwoRobotPlacePlateRack,0.7,1.0,10,20260512_044520,TwoRobotPlacePlateRack
va,act,dinov2_vitl14,act / dinov2_vitl14,45,seen,L3_TwoRobotPlacePlateRack-v1,L3,TwoRobotPlacePlateRack,0.8,0.8697437852621078,10,20260512_045331,TwoRobotPlacePlateRack
va,act,dinov2_vitl14,act / dinov2_vitl14,45,seen,L0_TwoRobotPlaceFileFolder-v1,L0,TwoRobotPlaceFileFolder,0.8,0.9163462400436402,10,20260512_050111,TwoRobotPlaceFileFolder
va,act,dinov2_vitl14,act / dinov2_vitl14,45,seen,L1_TwoRobotPlaceFileFolder-v1,L1,TwoRobotPlaceFileFolder,0.6,0.8118918836116791,10,20260512_050847,TwoRobotPlaceFileFolder
va,act,dinov2_vitl14,act / dinov2_vitl14,45,seen,L2_TwoRobotPlaceFileFolder-v1,L2,TwoRobotPlaceFileFolder,0.5,0.6194665655493736,10,20260512_051633,TwoRobotPlaceFileFolder
va,act,dinov2_vitl14,act / dinov2_vitl14,45,seen,L3_TwoRobotPlaceFileFolder-v1,L3,TwoRobotPlaceFileFolder,0.9,0.930998921394348,10,20260512_052343,TwoRobotPlaceFileFolder
va,act,dinov2_vitl14,act / dinov2_vitl14,45,seen,L0_TwoRobotFoldTowel-v1,L0,TwoRobotFoldTowel,1.0,1.0,10,20260512_053832,TwoRobotFoldTowel
va,act,dinov2_vitl14,act / dinov2_vitl14,45,seen,L1_TwoRobotFoldTowel-v1,L1,TwoRobotFoldTowel,1.0,1.0,10,20260512_055323,TwoRobotFoldTowel
va,act,dinov2_vitl14,act / dinov2_vitl14,45,seen,L2_TwoRobotFoldTowel-v1,L2,TwoRobotFoldTowel,0.7,0.8908872932195664,10,20260512_060824,TwoRobotFoldTowel
va,act,dinov2_vitl14,act / dinov2_vitl14,45,seen,L3_TwoRobotFoldTowel-v1,L3,TwoRobotFoldTowel,0.9,0.935219457745552,10,20260512_062350,TwoRobotFoldTowel
va,act,dinov2_vitl14,act / dinov2_vitl14,45,seen,L0_TwoRobotPlaceMugRack-v1,L0,TwoRobotPlaceMugRack,0.9,1.0,10,20260512_063123,TwoRobotPlaceMugRack
va,act,dinov2_vitl14,act / dinov2_vitl14,45,seen,L1_TwoRobotPlaceMugRack-v1,L1,TwoRobotPlaceMugRack,0.9,1.0,10,20260512_063859,TwoRobotPlaceMugRack
va,act,dinov2_vitl14,act / dinov2_vitl14,45,seen,L2_TwoRobotPlaceMugRack-v1,L2,TwoRobotPlaceMugRack,1.0,1.0,10,20260512_064626,TwoRobotPlaceMugRack
va,act,dinov2_vitl14,act / dinov2_vitl14,45,seen,L3_TwoRobotPlaceMugRack-v1,L3,TwoRobotPlaceMugRack,1.0,1.0,10,20260512_065253,TwoRobotPlaceMugRack
va,act,dinov2_vitl14,act / dinov2_vitl14,45,unseen,L0_TwoRobotPickRemoteControl-v1,L0,TwoRobotPickRemoteControl,0.0,0.1328184649348259,10,20260509_212806,TwoRobotPickRemoteControl
va,act,dinov2_vitl14,act / dinov2_vitl14,45,unseen,L1_TwoRobotPickRemoteControl-v1,L1,TwoRobotPickRemoteControl,0.0,0.0791735880076885,10,20260509_213804,TwoRobotPickRemoteControl
va,act,dinov2_vitl14,act / dinov2_vitl14,45,unseen,L2_TwoRobotPickRemoteControl-v1,L2,TwoRobotPickRemoteControl,0.0,0.0078712201211601,10,20260509_214851,TwoRobotPickRemoteControl
va,act,dinov2_vitl14,act / dinov2_vitl14,45,unseen,L3_TwoRobotPickRemoteControl-v1,L3,TwoRobotPickRemoteControl,0.0,0.202468391507864,10,20260509_220136,TwoRobotPickRemoteControl
va,act,dinov2_vitl14,act / dinov2_vitl14,45,unseen,L0_TwoRobotScanMilkBox-v1,L0,TwoRobotScanMilkBox,0.0,0.5035404056310654,10,20260509_221425,TwoRobotScanMilkBox
va,act,dinov2_vitl14,act / dinov2_vitl14,45,unseen,L1_TwoRobotScanMilkBox-v1,L1,TwoRobotScanMilkBox,0.0,0.2009374693036079,10,20260509_222655,TwoRobotScanMilkBox
va,act,dinov2_vitl14,act / dinov2_vitl14,45,unseen,L2_TwoRobotScanMilkBox-v1,L2,TwoRobotScanMilkBox,0.1,0.2174230396747589,10,20260509_223816,TwoRobotScanMilkBox
va,act,dinov2_vitl14,act / dinov2_vitl14,45,unseen,L3_TwoRobotScanMilkBox-v1,L3,TwoRobotScanMilkBox,0.0,0.1738699615001678,10,20260509_224748,TwoRobotScanMilkBox
va,act,dinov2_vitl14,act / dinov2_vitl14,45,unseen,L0_TwoRobotPourKettle-v1,L0,TwoRobotPourKettle,0.0,0.1342365279793739,10,20260509_225544,TwoRobotPourKettle
va,act,dinov2_vitl14,act / dinov2_vitl14,45,unseen,L1_TwoRobotPourKettle-v1,L1,TwoRobotPourKettle,0.0,0.0568451322615146,10,20260509_230357,TwoRobotPourKettle
va,act,dinov2_vitl14,act / dinov2_vitl14,45,unseen,L2_TwoRobotPourKettle-v1,L2,TwoRobotPourKettle,0.0,0.0043747703079134,10,20260509_231134,TwoRobotPourKettle
va,act,dinov2_vitl14,act / dinov2_vitl14,45,unseen,L3_TwoRobotPourKettle-v1,L3,TwoRobotPourKettle,0.0,0.0160970170982182,10,20260509_231833,TwoRobotPourKettle
va,act,dinov2_vitl14,act / dinov2_vitl14,45,unseen,L0_TwoRobotPickFood-v1,L0,TwoRobotPickFood,0.0,0.1921460211277008,10,20260509_232733,TwoRobotPickFood
va,act,dinov2_vitl14,act / dinov2_vitl14,45,unseen,L1_TwoRobotPickFood-v1,L1,TwoRobotPickFood,0.0,0.1694289863109588,10,20260509_233618,TwoRobotPickFood
va,act,dinov2_vitl14,act / dinov2_vitl14,45,unseen,L2_TwoRobotPickFood-v1,L2,TwoRobotPickFood,0.0,0.0107854560017585,10,20260509_234419,TwoRobotPickFood
va,act,dinov2_vitl14,act / dinov2_vitl14,45,unseen,L3_TwoRobotPickFood-v1,L3,TwoRobotPickFood,0.0,0.233404067158699,10,20260509_235209,TwoRobotPickFood
va,act,dinov2_vitl14,act / dinov2_vitl14,45,unseen,L0_TwoRobotFoldBox-v1,L0,TwoRobotFoldBox,0.0,0.0023843430681154,10,20260509_235731,TwoRobotFoldBox
va,act,dinov2_vitl14,act / dinov2_vitl14,45,unseen,L1_TwoRobotFoldBox-v1,L1,TwoRobotFoldBox,0.0,0.0205092715099453,10,20260510_000258,TwoRobotFoldBox
va,act,dinov2_vitl14,act / dinov2_vitl14,45,unseen,L2_TwoRobotFoldBox-v1,L2,TwoRobotFoldBox,0.1,0.1154426600784063,10,20260510_001500,TwoRobotFoldBox
va,act,dinov2_vitl14,act / dinov2_vitl14,45,unseen,L3_TwoRobotFoldBox-v1,L3,TwoRobotFoldBox,0.0,0.0117031199391931,10,20260510_002131,TwoRobotFoldBox
va,act,dinov2_vitl14,act / dinov2_vitl14,45,unseen_finetune,L1_TwoRobotScanMilkBox-v1,L1,TwoRobotScanMilkBox,1.0,1.0,10,20260511_001711,TwoRobotScanMilkBox
va,act,dinov2_vitl14,act / dinov2_vitl14,45,unseen_finetune,L2_TwoRobotScanMilkBox-v1,L2,TwoRobotScanMilkBox,0.9,0.920920856297016,10,20260511_003224,TwoRobotScanMilkBox
va,act,dinov2_vitl14,act / dinov2_vitl14,45,unseen_finetune,L3_TwoRobotScanMilkBox-v1,L3,TwoRobotScanMilkBox,1.0,1.0,10,20260511_004418,TwoRobotScanMilkBox
va,act,dinov2_vitl14,act / dinov2_vitl14,45,unseen_finetune,L0_TwoRobotPourKettle-v1,L0,TwoRobotPourKettle,1.0,1.0,10,20260511_005113,TwoRobotPourKettle
va,act,dinov2_vitl14,act / dinov2_vitl14,45,unseen_finetune,L1_TwoRobotPourKettle-v1,L1,TwoRobotPourKettle,0.7,0.7178917050361633,10,20260511_005704,TwoRobotPourKettle
va,act,dinov2_vitl14,act / dinov2_vitl14,45,unseen_finetune,L2_TwoRobotPourKettle-v1,L2,TwoRobotPourKettle,0.0,0.0077227117028087,10,20260511_010208,TwoRobotPourKettle
va,act,dinov2_vitl14,act / dinov2_vitl14,45,unseen_finetune,L3_TwoRobotPourKettle-v1,L3,TwoRobotPourKettle,1.0,1.0,10,20260511_010709,TwoRobotPourKettle
va,act,dinov2_vitl14,act / dinov2_vitl14,45,unseen_finetune,L0_TwoRobotPickFood-v1,L0,TwoRobotPickFood,0.9,0.971623158454895,10,20260511_011354,TwoRobotPickFood
va,act,dinov2_vitl14,act / dinov2_vitl14,45,unseen_finetune,L1_TwoRobotPickFood-v1,L1,TwoRobotPickFood,0.9,0.9755736887454988,10,20260511_012119,TwoRobotPickFood
va,act,dinov2_vitl14,act / dinov2_vitl14,45,unseen_finetune,L2_TwoRobotPickFood-v1,L2,TwoRobotPickFood,0.0,0.5656258702278137,10,20260511_012922,TwoRobotPickFood
va,act,dinov2_vitl14,act / dinov2_vitl14,45,unseen_finetune,L3_TwoRobotPickFood-v1,L3,TwoRobotPickFood,1.0,1.0,10,20260511_013732,TwoRobotPickFood
va,act,dinov2_vitl14,act / dinov2_vitl14,45,unseen_finetune,L0_TwoRobotPickRemoteControl-v1,L0,TwoRobotPickRemoteControl,1.0,1.0,10,20260510_223402,TwoRobotPickRemoteControl
va,act,dinov2_vitl14,act / dinov2_vitl14,45,unseen_finetune,L1_TwoRobotPickRemoteControl-v1,L1,TwoRobotPickRemoteControl,1.0,1.0,10,20260510_225625,TwoRobotPickRemoteControl
va,act,dinov2_vitl14,act / dinov2_vitl14,45,unseen_finetune,L2_TwoRobotPickRemoteControl-v1,L2,TwoRobotPickRemoteControl,1.0,1.0,10,20260510_231714,TwoRobotPickRemoteControl
va,act,dinov2_vitl14,act / dinov2_vitl14,45,unseen_finetune,L3_TwoRobotPickRemoteControl-v1,L3,TwoRobotPickRemoteControl,0.8,0.9090101078152656,10,20260510_233156,TwoRobotPickRemoteControl
va,act,dinov2_vitl14,act / dinov2_vitl14,45,unseen_finetune,L0_TwoRobotScanMilkBox-v1,L0,TwoRobotScanMilkBox,0.9,0.9636406421661377,10,20260510_234148,TwoRobotScanMilkBox
va,act,dinov2_vitl14,act / dinov2_vitl14,45,unseen_finetune,L0_TwoRobotFoldBox-v1,L0,TwoRobotFoldBox,1.0,1.0,10,20260511_020917,TwoRobotFoldBox
va,act,dinov2_vitl14,act / dinov2_vitl14,45,unseen_finetune,L1_TwoRobotFoldBox-v1,L1,TwoRobotFoldBox,1.0,1.0,10,20260511_021505,TwoRobotFoldBox
va,act,dinov2_vitl14,act / dinov2_vitl14,45,unseen_finetune,L2_TwoRobotFoldBox-v1,L2,TwoRobotFoldBox,1.0,1.0,10,20260511_022054,TwoRobotFoldBox
va,act,dinov2_vitl14,act / dinov2_vitl14,45,unseen_finetune,L3_TwoRobotFoldBox-v1,L3,TwoRobotFoldBox,1.0,1.0,10,20260511_022641,TwoRobotFoldBox
va,act,dinov2_vitl14,act / dinov2_vitl14,45,unseen_scratch,L0_TwoRobotPickRemoteControl-v1,L0,TwoRobotPickRemoteControl,1.0,1.0,10,20260514_204732,TwoRobotPickRemoteControl
va,act,dinov2_vitl14,act / dinov2_vitl14,45,unseen_scratch,L1_TwoRobotPickRemoteControl-v1,L1,TwoRobotPickRemoteControl,1.0,1.0,10,20260514_205727,TwoRobotPickRemoteControl
va,act,dinov2_vitl14,act / dinov2_vitl14,45,unseen_scratch,L2_TwoRobotPickRemoteControl-v1,L2,TwoRobotPickRemoteControl,0.9,0.9008730053901672,10,20260514_210547,TwoRobotPickRemoteControl
va,act,dinov2_vitl14,act / dinov2_vitl14,45,unseen_scratch,L3_TwoRobotPickRemoteControl-v1,L3,TwoRobotPickRemoteControl,1.0,1.0,10,20260514_211408,TwoRobotPickRemoteControl
va,act,dinov2_vitl14,act / dinov2_vitl14,45,unseen_scratch,L0_TwoRobotScanMilkBox-v1,L0,TwoRobotScanMilkBox,1.0,1.0,10,20260514_212212,TwoRobotScanMilkBox
va,act,dinov2_vitl14,act / dinov2_vitl14,45,unseen_scratch,L1_TwoRobotScanMilkBox-v1,L1,TwoRobotScanMilkBox,0.9,0.9668905019760132,10,20260514_213037,TwoRobotScanMilkBox
va,act,dinov2_vitl14,act / dinov2_vitl14,45,unseen_scratch,L2_TwoRobotScanMilkBox-v1,L2,TwoRobotScanMilkBox,0.8,0.838693180680275,10,20260514_213741,TwoRobotScanMilkBox
va,act,dinov2_vitl14,act / dinov2_vitl14,45,unseen_scratch,L3_TwoRobotScanMilkBox-v1,L3,TwoRobotScanMilkBox,0.9,0.9505374610424042,10,20260514_214259,TwoRobotScanMilkBox
va,act,dinov2_vitl14,act / dinov2_vitl14,45,unseen_scratch,L0_TwoRobotPourKettle-v1,L0,TwoRobotPourKettle,1.0,1.0,10,20260514_214659,TwoRobotPourKettle
va,act,dinov2_vitl14,act / dinov2_vitl14,45,unseen_scratch,L1_TwoRobotPourKettle-v1,L1,TwoRobotPourKettle,0.4,0.4340192757546902,10,20260514_215058,TwoRobotPourKettle
va,act,dinov2_vitl14,act / dinov2_vitl14,45,unseen_scratch,L2_TwoRobotPourKettle-v1,L2,TwoRobotPourKettle,0.0,0.004436989640817,10,20260514_215459,TwoRobotPourKettle
va,act,dinov2_vitl14,act / dinov2_vitl14,45,unseen_scratch,L3_TwoRobotPourKettle-v1,L3,TwoRobotPourKettle,0.4,0.5761739686131477,10,20260514_215907,TwoRobotPourKettle
va,act,dinov2_vitl14,act / dinov2_vitl14,45,unseen_scratch,L0_TwoRobotPickFood-v1,L0,TwoRobotPickFood,0.9,0.959847366809845,10,20260514_220422,TwoRobotPickFood
va,act,dinov2_vitl14,act / dinov2_vitl14,45,unseen_scratch,L1_TwoRobotPickFood-v1,L1,TwoRobotPickFood,0.8,0.9475671648979188,10,20260514_220921,TwoRobotPickFood
va,act,dinov2_vitl14,act / dinov2_vitl14,45,unseen_scratch,L2_TwoRobotPickFood-v1,L2,TwoRobotPickFood,0.3,0.7113584160804749,10,20260514_221418,TwoRobotPickFood
va,act,dinov2_vitl14,act / dinov2_vitl14,45,unseen_scratch,L3_TwoRobotPickFood-v1,L3,TwoRobotPickFood,0.7,0.8630681008100509,10,20260514_221918,TwoRobotPickFood
va,act,dinov2_vitl14,act / dinov2_vitl14,45,unseen_scratch,L0_TwoRobotFoldBox-v1,L0,TwoRobotFoldBox,1.0,1.0,10,20260514_222212,TwoRobotFoldBox
va,act,dinov2_vitl14,act / dinov2_vitl14,45,unseen_scratch,L1_TwoRobotFoldBox-v1,L1,TwoRobotFoldBox,1.0,1.0,10,20260514_222507,TwoRobotFoldBox
va,act,dinov2_vitl14,act / dinov2_vitl14,45,unseen_scratch,L2_TwoRobotFoldBox-v1,L2,TwoRobotFoldBox,1.0,1.0,10,20260514_222803,TwoRobotFoldBox
va,act,dinov2_vitl14,act / dinov2_vitl14,45,unseen_scratch,L3_TwoRobotFoldBox-v1,L3,TwoRobotFoldBox,1.0,1.0,10,20260514_223054,TwoRobotFoldBox
va,act,siglip2_so400m,act / siglip2_so400m,15,seen,L0_TwoRobotStirSpoon-v1,L0,TwoRobotStirSpoon,0.8,0.8788233518600463,10,20260512_142456,TwoRobotStirSpoon
va,act,siglip2_so400m,act / siglip2_so400m,15,seen,L1_TwoRobotStirSpoon-v1,L1,TwoRobotStirSpoon,0.6,0.9492659389972686,10,20260512_143349,TwoRobotStirSpoon
va,act,siglip2_so400m,act / siglip2_so400m,15,seen,L2_TwoRobotStirSpoon-v1,L2,TwoRobotStirSpoon,0.8,0.948316776752472,10,20260512_144212,TwoRobotStirSpoon
va,act,siglip2_so400m,act / siglip2_so400m,15,seen,L3_TwoRobotStirSpoon-v1,L3,TwoRobotStirSpoon,0.5,0.7167962044477463,10,20260512_145033,TwoRobotStirSpoon
va,act,siglip2_so400m,act / siglip2_so400m,15,seen,L0_TwoRobotPlacePlateRack-v1,L0,TwoRobotPlacePlateRack,0.7,0.9348879635334016,10,20260512_150514,TwoRobotPlacePlateRack
va,act,siglip2_so400m,act / siglip2_so400m,15,seen,L1_TwoRobotPlacePlateRack-v1,L1,TwoRobotPlacePlateRack,0.8,0.9255142867565156,10,20260512_151733,TwoRobotPlacePlateRack
va,act,siglip2_so400m,act / siglip2_so400m,15,seen,L2_TwoRobotPlacePlateRack-v1,L2,TwoRobotPlacePlateRack,0.7,1.0,10,20260512_152736,TwoRobotPlacePlateRack
va,act,siglip2_so400m,act / siglip2_so400m,15,seen,L3_TwoRobotPlacePlateRack-v1,L3,TwoRobotPlacePlateRack,1.0,1.0,10,20260512_153527,TwoRobotPlacePlateRack
va,act,siglip2_so400m,act / siglip2_so400m,15,seen,L0_TwoRobotPlaceFileFolder-v1,L0,TwoRobotPlaceFileFolder,0.6,0.8260514616966248,10,20260512_154227,TwoRobotPlaceFileFolder
va,act,siglip2_so400m,act / siglip2_so400m,15,seen,L1_TwoRobotPlaceFileFolder-v1,L1,TwoRobotPlaceFileFolder,1.0,1.0,10,20260512_154929,TwoRobotPlaceFileFolder
va,act,siglip2_so400m,act / siglip2_so400m,15,seen,L2_TwoRobotPlaceFileFolder-v1,L2,TwoRobotPlaceFileFolder,0.8,0.847501277923584,10,20260512_155632,TwoRobotPlaceFileFolder
va,act,siglip2_so400m,act / siglip2_so400m,15,seen,L3_TwoRobotPlaceFileFolder-v1,L3,TwoRobotPlaceFileFolder,0.8,0.8742527574300766,10,20260512_160302,TwoRobotPlaceFileFolder
va,act,siglip2_so400m,act / siglip2_so400m,15,seen,L0_TwoRobotFoldTowel-v1,L0,TwoRobotFoldTowel,1.0,1.0,10,20260512_161833,TwoRobotFoldTowel
va,act,siglip2_so400m,act / siglip2_so400m,15,seen,L1_TwoRobotFoldTowel-v1,L1,TwoRobotFoldTowel,1.0,1.0,10,20260512_163307,TwoRobotFoldTowel
va,act,siglip2_so400m,act / siglip2_so400m,15,seen,L2_TwoRobotFoldTowel-v1,L2,TwoRobotFoldTowel,1.0,1.0,10,20260512_164551,TwoRobotFoldTowel
va,act,siglip2_so400m,act / siglip2_so400m,15,seen,L3_TwoRobotFoldTowel-v1,L3,TwoRobotFoldTowel,0.6,0.9499999940395356,10,20260512_165935,TwoRobotFoldTowel
va,act,siglip2_so400m,act / siglip2_so400m,15,seen,L0_TwoRobotPlaceMugRack-v1,L0,TwoRobotPlaceMugRack,1.0,1.0,10,20260512_170603,TwoRobotPlaceMugRack
va,act,siglip2_so400m,act / siglip2_so400m,15,seen,L1_TwoRobotPlaceMugRack-v1,L1,TwoRobotPlaceMugRack,0.8,1.0,10,20260512_171245,TwoRobotPlaceMugRack
va,act,siglip2_so400m,act / siglip2_so400m,15,seen,L2_TwoRobotPlaceMugRack-v1,L2,TwoRobotPlaceMugRack,0.9,0.9915679395198822,10,20260512_171915,TwoRobotPlaceMugRack
va,act,siglip2_so400m,act / siglip2_so400m,15,seen,L3_TwoRobotPlaceMugRack-v1,L3,TwoRobotPlaceMugRack,1.0,1.0,10,20260512_172503,TwoRobotPlaceMugRack
va,act,siglip2_so400m,act / siglip2_so400m,15,unseen,L2_TwoRobotPickRemoteControl-v1,L2,TwoRobotPickRemoteControl,0.0,0.0077717257197946,10,20260510_010418,TwoRobotPickRemoteControl
va,act,siglip2_so400m,act / siglip2_so400m,15,unseen,L3_TwoRobotPickRemoteControl-v1,L3,TwoRobotPickRemoteControl,0.0,0.1489935554563999,10,20260510_011654,TwoRobotPickRemoteControl
va,act,siglip2_so400m,act / siglip2_so400m,15,unseen,L0_TwoRobotScanMilkBox-v1,L0,TwoRobotScanMilkBox,0.0,0.2568652331829071,10,20260510_012555,TwoRobotScanMilkBox
va,act,siglip2_so400m,act / siglip2_so400m,15,unseen,L1_TwoRobotScanMilkBox-v1,L1,TwoRobotScanMilkBox,0.0,0.2361867241561412,10,20260510_013446,TwoRobotScanMilkBox
va,act,siglip2_so400m,act / siglip2_so400m,15,unseen,L2_TwoRobotScanMilkBox-v1,L2,TwoRobotScanMilkBox,0.0,0.0605962801724672,10,20260510_014206,TwoRobotScanMilkBox
va,act,siglip2_so400m,act / siglip2_so400m,15,unseen,L3_TwoRobotScanMilkBox-v1,L3,TwoRobotScanMilkBox,0.0,0.0964567184448242,10,20260510_014807,TwoRobotScanMilkBox
va,act,siglip2_so400m,act / siglip2_so400m,15,unseen,L3_TwoRobotPickFood-v1,L3,TwoRobotPickFood,0.0,0.1634444162249565,10,20260510_141943,TwoRobotPickFood
va,act,siglip2_so400m,act / siglip2_so400m,15,unseen,L0_TwoRobotFoldBox-v1,L0,TwoRobotFoldBox,0.0,0.0040968482149764,10,20260510_142449,TwoRobotFoldBox
va,act,siglip2_so400m,act / siglip2_so400m,15,unseen,L1_TwoRobotFoldBox-v1,L1,TwoRobotFoldBox,1.0,1.0,10,20260510_143004,TwoRobotFoldBox
va,act,siglip2_so400m,act / siglip2_so400m,15,unseen,L2_TwoRobotFoldBox-v1,L2,TwoRobotFoldBox,0.0,0.0263597959652543,10,20260510_143506,TwoRobotFoldBox
va,act,siglip2_so400m,act / siglip2_so400m,15,unseen,L3_TwoRobotFoldBox-v1,L3,TwoRobotFoldBox,0.0,0.0115265425294637,10,20260510_144022,TwoRobotFoldBox
va,act,siglip2_so400m,act / siglip2_so400m,15,unseen,L1_TwoRobotPourKettle-v1,L1,TwoRobotPourKettle,0.0,0.0656609620898962,10,20260510_131758,TwoRobotPourKettle
va,act,siglip2_so400m,act / siglip2_so400m,15,unseen,L2_TwoRobotPourKettle-v1,L2,TwoRobotPourKettle,0.0,0.0045851231086999,10,20260510_132715,TwoRobotPourKettle
va,act,siglip2_so400m,act / siglip2_so400m,15,unseen,L3_TwoRobotPourKettle-v1,L3,TwoRobotPourKettle,0.0,0.1641891241073608,10,20260510_133614,TwoRobotPourKettle
va,act,siglip2_so400m,act / siglip2_so400m,15,unseen,L0_TwoRobotPickFood-v1,L0,TwoRobotPickFood,0.0,0.1701069444417953,10,20260510_134750,TwoRobotPickFood
va,act,siglip2_so400m,act / siglip2_so400m,15,unseen,L1_TwoRobotPickFood-v1,L1,TwoRobotPickFood,0.0,0.1732003644108772,10,20260510_135854,TwoRobotPickFood
va,act,siglip2_so400m,act / siglip2_so400m,15,unseen,L2_TwoRobotPickFood-v1,L2,TwoRobotPickFood,0.0,0.0066446304321289,10,20260510_140900,TwoRobotPickFood
va,act,siglip2_so400m,act / siglip2_so400m,15,unseen,L0_TwoRobotPickRemoteControl-v1,L0,TwoRobotPickRemoteControl,0.0,0.06622074842453,10,20260510_002239,TwoRobotPickRemoteControl
va,act,siglip2_so400m,act / siglip2_so400m,15,unseen,L1_TwoRobotPickRemoteControl-v1,L1,TwoRobotPickRemoteControl,0.0,0.0945427134633064,10,20260510_003559,TwoRobotPickRemoteControl
va,act,siglip2_so400m,act / siglip2_so400m,15,unseen,L0_TwoRobotPourKettle-v1,L0,TwoRobotPourKettle,0.0,0.1173318661749363,10,20260510_125117,TwoRobotPourKettle
va,act,siglip2_so400m,act / siglip2_so400m,15,unseen_finetune,L0_TwoRobotPickRemoteControl-v1,L0,TwoRobotPickRemoteControl,1.0,1.0,10,20260512_154036,TwoRobotPickRemoteControl
va,act,siglip2_so400m,act / siglip2_so400m,15,unseen_finetune,L1_TwoRobotPickRemoteControl-v1,L1,TwoRobotPickRemoteControl,0.9,0.9356293380260468,10,20260512_155625,TwoRobotPickRemoteControl
va,act,siglip2_so400m,act / siglip2_so400m,15,unseen_finetune,L2_TwoRobotPickRemoteControl-v1,L2,TwoRobotPickRemoteControl,0.6,0.6031877326779067,10,20260512_161259,TwoRobotPickRemoteControl
va,act,siglip2_so400m,act / siglip2_so400m,15,unseen_finetune,L3_TwoRobotPickRemoteControl-v1,L3,TwoRobotPickRemoteControl,0.1,0.177442967146635,10,20260512_162943,TwoRobotPickRemoteControl
va,act,siglip2_so400m,act / siglip2_so400m,15,unseen_finetune,L0_TwoRobotScanMilkBox-v1,L0,TwoRobotScanMilkBox,1.0,1.0,10,20260512_164157,TwoRobotScanMilkBox
va,act,siglip2_so400m,act / siglip2_so400m,15,unseen_finetune,L1_TwoRobotScanMilkBox-v1,L1,TwoRobotScanMilkBox,1.0,1.0,10,20260512_165352,TwoRobotScanMilkBox
va,act,siglip2_so400m,act / siglip2_so400m,15,unseen_finetune,L2_TwoRobotScanMilkBox-v1,L2,TwoRobotScanMilkBox,0.9,0.9192075490951538,10,20260512_170434,TwoRobotScanMilkBox
va,act,siglip2_so400m,act / siglip2_so400m,15,unseen_finetune,L3_TwoRobotScanMilkBox-v1,L3,TwoRobotScanMilkBox,1.0,1.0,10,20260512_171311,TwoRobotScanMilkBox
va,act,siglip2_so400m,act / siglip2_so400m,15,unseen_finetune,L0_TwoRobotPourKettle-v1,L0,TwoRobotPourKettle,1.0,1.0,10,20260512_171939,TwoRobotPourKettle
va,act,siglip2_so400m,act / siglip2_so400m,15,unseen_finetune,L1_TwoRobotPourKettle-v1,L1,TwoRobotPourKettle,0.3,0.4242056485265493,10,20260512_172605,TwoRobotPourKettle
va,act,siglip2_so400m,act / siglip2_so400m,15,unseen_finetune,L2_TwoRobotPourKettle-v1,L2,TwoRobotPourKettle,0.0,0.0158352771773934,10,20260512_173146,TwoRobotPourKettle
va,act,siglip2_so400m,act / siglip2_so400m,15,unseen_finetune,L3_TwoRobotPourKettle-v1,L3,TwoRobotPourKettle,1.0,1.0,10,20260512_173636,TwoRobotPourKettle
va,act,siglip2_so400m,act / siglip2_so400m,15,unseen_finetune,L0_TwoRobotPickFood-v1,L0,TwoRobotPickFood,0.6,0.8504860460758209,10,20260512_174210,TwoRobotPickFood
va,act,siglip2_so400m,act / siglip2_so400m,15,unseen_finetune,L1_TwoRobotPickFood-v1,L1,TwoRobotPickFood,0.9,0.975616455078125,10,20260512_174745,TwoRobotPickFood
va,act,siglip2_so400m,act / siglip2_so400m,15,unseen_finetune,L2_TwoRobotPickFood-v1,L2,TwoRobotPickFood,0.0,0.5171095728874207,10,20260512_175257,TwoRobotPickFood
va,act,siglip2_so400m,act / siglip2_so400m,15,unseen_finetune,L3_TwoRobotPickFood-v1,L3,TwoRobotPickFood,0.5,0.800542414188385,10,20260512_175827,TwoRobotPickFood
va,act,siglip2_so400m,act / siglip2_so400m,15,unseen_finetune,L0_TwoRobotFoldBox-v1,L0,TwoRobotFoldBox,1.0,1.0,10,20260512_180202,TwoRobotFoldBox
va,act,siglip2_so400m,act / siglip2_so400m,15,unseen_finetune,L1_TwoRobotFoldBox-v1,L1,TwoRobotFoldBox,1.0,1.0,10,20260512_180542,TwoRobotFoldBox
va,act,siglip2_so400m,act / siglip2_so400m,15,unseen_finetune,L2_TwoRobotFoldBox-v1,L2,TwoRobotFoldBox,1.0,1.0,10,20260512_180931,TwoRobotFoldBox
va,act,siglip2_so400m,act / siglip2_so400m,15,unseen_finetune,L3_TwoRobotFoldBox-v1,L3,TwoRobotFoldBox,1.0,1.0,10,20260512_181235,TwoRobotFoldBox
va,act,siglip2_so400m,act / siglip2_so400m,15,unseen_scratch,L0_TwoRobotPickRemoteControl-v1,L0,TwoRobotPickRemoteControl,1.0,1.0,10,20260514_192325,TwoRobotPickRemoteControl
va,act,siglip2_so400m,act / siglip2_so400m,15,unseen_scratch,L1_TwoRobotPickRemoteControl-v1,L1,TwoRobotPickRemoteControl,1.0,1.0,10,20260514_193638,TwoRobotPickRemoteControl
va,act,siglip2_so400m,act / siglip2_so400m,15,unseen_scratch,L2_TwoRobotPickRemoteControl-v1,L2,TwoRobotPickRemoteControl,1.0,1.0,10,20260514_195002,TwoRobotPickRemoteControl
va,act,siglip2_so400m,act / siglip2_so400m,15,unseen_scratch,L3_TwoRobotPickRemoteControl-v1,L3,TwoRobotPickRemoteControl,1.0,1.0,10,20260514_200245,TwoRobotPickRemoteControl
va,act,siglip2_so400m,act / siglip2_so400m,15,unseen_scratch,L0_TwoRobotScanMilkBox-v1,L0,TwoRobotScanMilkBox,1.0,1.0,10,20260514_201342,TwoRobotScanMilkBox
va,act,siglip2_so400m,act / siglip2_so400m,15,unseen_scratch,L1_TwoRobotScanMilkBox-v1,L1,TwoRobotScanMilkBox,0.8,0.9306433856487274,10,20260514_202510,TwoRobotScanMilkBox
va,act,siglip2_so400m,act / siglip2_so400m,15,unseen_scratch,L2_TwoRobotScanMilkBox-v1,L2,TwoRobotScanMilkBox,0.9,0.9198649540543556,10,20260514_203745,TwoRobotScanMilkBox
va,act,siglip2_so400m,act / siglip2_so400m,15,unseen_scratch,L3_TwoRobotScanMilkBox-v1,L3,TwoRobotScanMilkBox,0.8,0.9012624204158785,10,20260514_204814,TwoRobotScanMilkBox
va,act,siglip2_so400m,act / siglip2_so400m,15,unseen_scratch,L0_TwoRobotPourKettle-v1,L0,TwoRobotPourKettle,0.9,0.9689078569412232,10,20260514_205605,TwoRobotPourKettle
va,act,siglip2_so400m,act / siglip2_so400m,15,unseen_scratch,L1_TwoRobotPourKettle-v1,L1,TwoRobotPourKettle,0.2,0.2458991564810276,10,20260514_210314,TwoRobotPourKettle
va,act,siglip2_so400m,act / siglip2_so400m,15,unseen_scratch,L2_TwoRobotPourKettle-v1,L2,TwoRobotPourKettle,0.0,0.005937409447506,10,20260514_211017,TwoRobotPourKettle
va,act,siglip2_so400m,act / siglip2_so400m,15,unseen_scratch,L3_TwoRobotPourKettle-v1,L3,TwoRobotPourKettle,0.6,0.7226108461618423,10,20260514_211713,TwoRobotPourKettle
va,act,siglip2_so400m,act / siglip2_so400m,15,unseen_scratch,L0_TwoRobotPickFood-v1,L0,TwoRobotPickFood,1.0,1.0,10,20260514_212517,TwoRobotPickFood
va,act,siglip2_so400m,act / siglip2_so400m,15,unseen_scratch,L1_TwoRobotPickFood-v1,L1,TwoRobotPickFood,0.8,0.933995145559311,10,20260514_213327,TwoRobotPickFood
va,act,siglip2_so400m,act / siglip2_so400m,15,unseen_scratch,L2_TwoRobotPickFood-v1,L2,TwoRobotPickFood,0.0,0.4679437860846519,10,20260514_214112,TwoRobotPickFood
va,act,siglip2_so400m,act / siglip2_so400m,15,unseen_scratch,L3_TwoRobotPickFood-v1,L3,TwoRobotPickFood,0.5,0.6562468260526657,10,20260514_214857,TwoRobotPickFood
va,act,siglip2_so400m,act / siglip2_so400m,15,unseen_scratch,L0_TwoRobotFoldBox-v1,L0,TwoRobotFoldBox,1.0,1.0,10,20260514_215420,TwoRobotFoldBox
va,act,siglip2_so400m,act / siglip2_so400m,15,unseen_scratch,L1_TwoRobotFoldBox-v1,L1,TwoRobotFoldBox,1.0,1.0,10,20260514_215940,TwoRobotFoldBox
va,act,siglip2_so400m,act / siglip2_so400m,15,unseen_scratch,L2_TwoRobotFoldBox-v1,L2,TwoRobotFoldBox,1.0,1.0,10,20260514_220458,TwoRobotFoldBox
va,act,siglip2_so400m,act / siglip2_so400m,15,unseen_scratch,L3_TwoRobotFoldBox-v1,L3,TwoRobotFoldBox,1.0,1.0,10,20260514_221011,TwoRobotFoldBox
va,act,siglip2_so400m,act / siglip2_so400m,30,seen,L0_TwoRobotStirSpoon-v1,L0,TwoRobotStirSpoon,0.5,0.7813919752836227,10,20260509_231516,TwoRobotStirSpoon
va,act,siglip2_so400m,act / siglip2_so400m,30,seen,L1_TwoRobotStirSpoon-v1,L1,TwoRobotStirSpoon,0.6,0.8586690157651902,10,20260509_232106,TwoRobotStirSpoon
va,act,siglip2_so400m,act / siglip2_so400m,30,seen,L2_TwoRobotStirSpoon-v1,L2,TwoRobotStirSpoon,0.2,0.7563780406955629,10,20260509_232710,TwoRobotStirSpoon
va,act,siglip2_so400m,act / siglip2_so400m,30,seen,L3_TwoRobotStirSpoon-v1,L3,TwoRobotStirSpoon,0.7,0.7774252355098724,10,20260509_233311,TwoRobotStirSpoon
va,act,siglip2_so400m,act / siglip2_so400m,30,seen,L0_TwoRobotPlacePlateRack-v1,L0,TwoRobotPlacePlateRack,0.7,0.93357412815094,10,20260509_234333,TwoRobotPlacePlateRack
va,act,siglip2_so400m,act / siglip2_so400m,30,seen,L1_TwoRobotPlacePlateRack-v1,L1,TwoRobotPlacePlateRack,0.9,1.0,10,20260509_235318,TwoRobotPlacePlateRack
va,act,siglip2_so400m,act / siglip2_so400m,30,seen,L2_TwoRobotPlacePlateRack-v1,L2,TwoRobotPlacePlateRack,0.8,1.0,10,20260510_000243,TwoRobotPlacePlateRack
va,act,siglip2_so400m,act / siglip2_so400m,30,seen,L3_TwoRobotPlacePlateRack-v1,L3,TwoRobotPlacePlateRack,0.9,0.9337433278560638,10,20260510_001752,TwoRobotPlacePlateRack
va,act,siglip2_so400m,act / siglip2_so400m,30,seen,L0_TwoRobotPlaceFileFolder-v1,L0,TwoRobotPlaceFileFolder,0.9,0.9440731525421142,10,20260510_002513,TwoRobotPlaceFileFolder
va,act,siglip2_so400m,act / siglip2_so400m,30,seen,L1_TwoRobotPlaceFileFolder-v1,L1,TwoRobotPlaceFileFolder,0.6,0.8063468903303146,10,20260510_003218,TwoRobotPlaceFileFolder
va,act,siglip2_so400m,act / siglip2_so400m,30,seen,L2_TwoRobotPlaceFileFolder-v1,L2,TwoRobotPlaceFileFolder,0.3,0.4677663907408714,10,20260510_003918,TwoRobotPlaceFileFolder
va,act,siglip2_so400m,act / siglip2_so400m,30,seen,L3_TwoRobotPlaceFileFolder-v1,L3,TwoRobotPlaceFileFolder,1.0,1.0,10,20260510_004541,TwoRobotPlaceFileFolder
va,act,siglip2_so400m,act / siglip2_so400m,30,seen,L0_TwoRobotFoldTowel-v1,L0,TwoRobotFoldTowel,0.9,1.0,10,20260510_010500,TwoRobotFoldTowel
va,act,siglip2_so400m,act / siglip2_so400m,30,seen,L1_TwoRobotFoldTowel-v1,L1,TwoRobotFoldTowel,1.0,1.0,10,20260510_011712,TwoRobotFoldTowel
va,act,siglip2_so400m,act / siglip2_so400m,30,seen,L2_TwoRobotFoldTowel-v1,L2,TwoRobotFoldTowel,0.9,1.0,10,20260510_012623,TwoRobotFoldTowel
va,act,siglip2_so400m,act / siglip2_so400m,30,seen,L3_TwoRobotFoldTowel-v1,L3,TwoRobotFoldTowel,0.8,0.9354575872421264,10,20260510_013552,TwoRobotFoldTowel
va,act,siglip2_so400m,act / siglip2_so400m,30,seen,L0_TwoRobotPlaceMugRack-v1,L0,TwoRobotPlaceMugRack,0.9,1.0,10,20260510_014000,TwoRobotPlaceMugRack
va,act,siglip2_so400m,act / siglip2_so400m,30,seen,L1_TwoRobotPlaceMugRack-v1,L1,TwoRobotPlaceMugRack,0.7,1.0,10,20260510_014417,TwoRobotPlaceMugRack
va,act,siglip2_so400m,act / siglip2_so400m,30,seen,L2_TwoRobotPlaceMugRack-v1,L2,TwoRobotPlaceMugRack,1.0,1.0,10,20260510_014839,TwoRobotPlaceMugRack
va,act,siglip2_so400m,act / siglip2_so400m,30,seen,L3_TwoRobotPlaceMugRack-v1,L3,TwoRobotPlaceMugRack,1.0,1.0,10,20260510_015229,TwoRobotPlaceMugRack
va,act,siglip2_so400m,act / siglip2_so400m,30,unseen,L0_TwoRobotPickRemoteControl-v1,L0,TwoRobotPickRemoteControl,0.0,0.0360795900225639,10,20260510_025319,TwoRobotPickRemoteControl
va,act,siglip2_so400m,act / siglip2_so400m,30,unseen,L1_TwoRobotPickRemoteControl-v1,L1,TwoRobotPickRemoteControl,0.0,0.0976201687008142,10,20260510_025931,TwoRobotPickRemoteControl
va,act,siglip2_so400m,act / siglip2_so400m,30,unseen,L2_TwoRobotPickRemoteControl-v1,L2,TwoRobotPickRemoteControl,0.0,0.0075581311713904,10,20260510_030524,TwoRobotPickRemoteControl
va,act,siglip2_so400m,act / siglip2_so400m,30,unseen,L3_TwoRobotPickRemoteControl-v1,L3,TwoRobotPickRemoteControl,0.0,0.1310286991298198,10,20260510_031129,TwoRobotPickRemoteControl
va,act,siglip2_so400m,act / siglip2_so400m,30,unseen,L0_TwoRobotScanMilkBox-v1,L0,TwoRobotScanMilkBox,0.0,0.2824731051921844,10,20260510_031819,TwoRobotScanMilkBox
va,act,siglip2_so400m,act / siglip2_so400m,30,unseen,L1_TwoRobotScanMilkBox-v1,L1,TwoRobotScanMilkBox,0.0,0.173485392332077,10,20260510_032510,TwoRobotScanMilkBox
va,act,siglip2_so400m,act / siglip2_so400m,30,unseen,L2_TwoRobotScanMilkBox-v1,L2,TwoRobotScanMilkBox,0.0,0.1475215677171945,10,20260510_033118,TwoRobotScanMilkBox
va,act,siglip2_so400m,act / siglip2_so400m,30,unseen,L3_TwoRobotScanMilkBox-v1,L3,TwoRobotScanMilkBox,0.0,0.0682206612080335,10,20260510_033605,TwoRobotScanMilkBox
va,act,siglip2_so400m,act / siglip2_so400m,30,unseen,L0_TwoRobotPourKettle-v1,L0,TwoRobotPourKettle,0.0,0.1024810023605823,10,20260510_033933,TwoRobotPourKettle
va,act,siglip2_so400m,act / siglip2_so400m,30,unseen,L1_TwoRobotPourKettle-v1,L1,TwoRobotPourKettle,0.0,0.0656031135469675,10,20260510_034258,TwoRobotPourKettle
va,act,siglip2_so400m,act / siglip2_so400m,30,unseen,L2_TwoRobotPourKettle-v1,L2,TwoRobotPourKettle,0.0,0.0045161803718656,10,20260510_034626,TwoRobotPourKettle
va,act,siglip2_so400m,act / siglip2_so400m,30,unseen,L3_TwoRobotPourKettle-v1,L3,TwoRobotPourKettle,0.0,0.0542172589339315,10,20260510_034956,TwoRobotPourKettle
va,act,siglip2_so400m,act / siglip2_so400m,30,unseen,L0_TwoRobotPickFood-v1,L0,TwoRobotPickFood,0.0,0.2427009329199791,10,20260510_035445,TwoRobotPickFood
va,act,siglip2_so400m,act / siglip2_so400m,30,unseen,L1_TwoRobotPickFood-v1,L1,TwoRobotPickFood,0.0,0.12026789188385,10,20260510_035917,TwoRobotPickFood
va,act,siglip2_so400m,act / siglip2_so400m,30,unseen,L2_TwoRobotPickFood-v1,L2,TwoRobotPickFood,0.0,0.014078551530838,10,20260510_040350,TwoRobotPickFood
va,act,siglip2_so400m,act / siglip2_so400m,30,unseen,L3_TwoRobotPickFood-v1,L3,TwoRobotPickFood,0.0,0.2528116300702095,10,20260510_040824,TwoRobotPickFood
va,act,siglip2_so400m,act / siglip2_so400m,30,unseen,L0_TwoRobotFoldBox-v1,L0,TwoRobotFoldBox,0.0,0.0026457893662154,10,20260510_041049,TwoRobotFoldBox
va,act,siglip2_so400m,act / siglip2_so400m,30,unseen,L1_TwoRobotFoldBox-v1,L1,TwoRobotFoldBox,0.0,0.024470368027687,10,20260510_041313,TwoRobotFoldBox
va,act,siglip2_so400m,act / siglip2_so400m,30,unseen,L2_TwoRobotFoldBox-v1,L2,TwoRobotFoldBox,0.0,0.0137590548489242,10,20260510_041549,TwoRobotFoldBox
va,act,siglip2_so400m,act / siglip2_so400m,30,unseen,L3_TwoRobotFoldBox-v1,L3,TwoRobotFoldBox,0.1,0.1681499665603041,10,20260510_041822,TwoRobotFoldBox
va,act,siglip2_so400m,act / siglip2_so400m,30,unseen_finetune,L1_TwoRobotScanMilkBox-v1,L1,TwoRobotScanMilkBox,0.9,0.9668827295303344,10,20260511_015634,TwoRobotScanMilkBox
va,act,siglip2_so400m,act / siglip2_so400m,30,unseen_finetune,L2_TwoRobotScanMilkBox-v1,L2,TwoRobotScanMilkBox,1.0,1.0,10,20260511_062739,TwoRobotScanMilkBox
va,act,siglip2_so400m,act / siglip2_so400m,30,unseen_finetune,L3_TwoRobotScanMilkBox-v1,L3,TwoRobotScanMilkBox,1.0,1.0,10,20260511_063347,TwoRobotScanMilkBox
va,act,siglip2_so400m,act / siglip2_so400m,30,unseen_finetune,L0_TwoRobotPourKettle-v1,L0,TwoRobotPourKettle,1.0,1.0,10,20260511_063819,TwoRobotPourKettle
va,act,siglip2_so400m,act / siglip2_so400m,30,unseen_finetune,L1_TwoRobotPourKettle-v1,L1,TwoRobotPourKettle,0.6,0.6223008718341589,10,20260511_064252,TwoRobotPourKettle
va,act,siglip2_so400m,act / siglip2_so400m,30,unseen_finetune,L2_TwoRobotPourKettle-v1,L2,TwoRobotPourKettle,0.0,0.0076693892944604,10,20260511_064728,TwoRobotPourKettle
va,act,siglip2_so400m,act / siglip2_so400m,30,unseen_finetune,L3_TwoRobotPourKettle-v1,L3,TwoRobotPourKettle,1.0,1.0,10,20260511_065226,TwoRobotPourKettle
va,act,siglip2_so400m,act / siglip2_so400m,30,unseen_finetune,L0_TwoRobotPickFood-v1,L0,TwoRobotPickFood,0.9,0.9571598410606384,10,20260511_065812,TwoRobotPickFood
va,act,siglip2_so400m,act / siglip2_so400m,30,unseen_finetune,L1_TwoRobotPickFood-v1,L1,TwoRobotPickFood,1.0,1.0,10,20260511_070322,TwoRobotPickFood
va,act,siglip2_so400m,act / siglip2_so400m,30,unseen_finetune,L2_TwoRobotPickFood-v1,L2,TwoRobotPickFood,0.1,0.5148913964629174,10,20260511_070824,TwoRobotPickFood
va,act,siglip2_so400m,act / siglip2_so400m,30,unseen_finetune,L3_TwoRobotPickFood-v1,L3,TwoRobotPickFood,0.9,0.957854413986206,10,20260511_071320,TwoRobotPickFood
va,act,siglip2_so400m,act / siglip2_so400m,30,unseen_finetune,L0_TwoRobotFoldBox-v1,L0,TwoRobotFoldBox,1.0,1.0,10,20260511_071556,TwoRobotFoldBox
va,act,siglip2_so400m,act / siglip2_so400m,30,unseen_finetune,L1_TwoRobotFoldBox-v1,L1,TwoRobotFoldBox,1.0,1.0,10,20260511_071832,TwoRobotFoldBox
va,act,siglip2_so400m,act / siglip2_so400m,30,unseen_finetune,L2_TwoRobotFoldBox-v1,L2,TwoRobotFoldBox,1.0,1.0,10,20260511_072115,TwoRobotFoldBox
va,act,siglip2_so400m,act / siglip2_so400m,30,unseen_finetune,L3_TwoRobotFoldBox-v1,L3,TwoRobotFoldBox,1.0,1.0,10,20260511_072359,TwoRobotFoldBox
va,act,siglip2_so400m,act / siglip2_so400m,30,unseen_finetune,L0_TwoRobotPickRemoteControl-v1,L0,TwoRobotPickRemoteControl,1.0,1.0,10,20260510_223406,TwoRobotPickRemoteControl
va,act,siglip2_so400m,act / siglip2_so400m,30,unseen_finetune,L1_TwoRobotPickRemoteControl-v1,L1,TwoRobotPickRemoteControl,1.0,1.0,10,20260510_225632,TwoRobotPickRemoteControl
va,act,siglip2_so400m,act / siglip2_so400m,30,unseen_finetune,L2_TwoRobotPickRemoteControl-v1,L2,TwoRobotPickRemoteControl,0.9,0.9007355308625848,10,20260510_231722,TwoRobotPickRemoteControl
va,act,siglip2_so400m,act / siglip2_so400m,30,unseen_finetune,L3_TwoRobotPickRemoteControl-v1,L3,TwoRobotPickRemoteControl,0.6,0.7171519592404365,10,20260510_233209,TwoRobotPickRemoteControl
va,act,siglip2_so400m,act / siglip2_so400m,30,unseen_finetune,L0_TwoRobotScanMilkBox-v1,L0,TwoRobotScanMilkBox,0.7,0.9002196669578553,10,20260510_234158,TwoRobotScanMilkBox
va,act,siglip2_so400m,act / siglip2_so400m,30,unseen_scratch,L0_TwoRobotPickRemoteControl-v1,L0,TwoRobotPickRemoteControl,1.0,1.0,10,20260514_234610,TwoRobotPickRemoteControl
va,act,siglip2_so400m,act / siglip2_so400m,30,unseen_scratch,L1_TwoRobotPickRemoteControl-v1,L1,TwoRobotPickRemoteControl,1.0,1.0,10,20260515_000313,TwoRobotPickRemoteControl
va,act,siglip2_so400m,act / siglip2_so400m,30,unseen_scratch,L2_TwoRobotPickRemoteControl-v1,L2,TwoRobotPickRemoteControl,1.0,1.0,10,20260515_001750,TwoRobotPickRemoteControl
va,act,siglip2_so400m,act / siglip2_so400m,30,unseen_scratch,L3_TwoRobotPickRemoteControl-v1,L3,TwoRobotPickRemoteControl,0.9,1.0,10,20260515_002843,TwoRobotPickRemoteControl
va,act,siglip2_so400m,act / siglip2_so400m,30,unseen_scratch,L0_TwoRobotScanMilkBox-v1,L0,TwoRobotScanMilkBox,0.9,0.9628423869609832,10,20260515_003707,TwoRobotScanMilkBox
va,act,siglip2_so400m,act / siglip2_so400m,30,unseen_scratch,L1_TwoRobotScanMilkBox-v1,L1,TwoRobotScanMilkBox,0.8,0.9337609767913818,10,20260515_004552,TwoRobotScanMilkBox
va,act,siglip2_so400m,act / siglip2_so400m,30,unseen_scratch,L2_TwoRobotScanMilkBox-v1,L2,TwoRobotScanMilkBox,0.9,0.9230728819966316,10,20260515_005348,TwoRobotScanMilkBox
va,act,siglip2_so400m,act / siglip2_so400m,30,unseen_scratch,L3_TwoRobotScanMilkBox-v1,L3,TwoRobotScanMilkBox,1.0,1.0,10,20260515_010009,TwoRobotScanMilkBox
va,act,siglip2_so400m,act / siglip2_so400m,30,unseen_scratch,L0_TwoRobotPourKettle-v1,L0,TwoRobotPourKettle,0.7,0.9024227857589722,10,20260515_010525,TwoRobotPourKettle
va,act,siglip2_so400m,act / siglip2_so400m,30,unseen_scratch,L1_TwoRobotPourKettle-v1,L1,TwoRobotPourKettle,0.3,0.4010999221354723,10,20260515_011042,TwoRobotPourKettle
va,act,siglip2_so400m,act / siglip2_so400m,30,unseen_scratch,L2_TwoRobotPourKettle-v1,L2,TwoRobotPourKettle,0.0,0.0046097755432128,10,20260515_011553,TwoRobotPourKettle
va,act,siglip2_so400m,act / siglip2_so400m,30,unseen_scratch,L3_TwoRobotPourKettle-v1,L3,TwoRobotPourKettle,0.4,0.6585468843579292,10,20260515_012111,TwoRobotPourKettle
va,act,siglip2_so400m,act / siglip2_so400m,30,unseen_scratch,L0_TwoRobotPickFood-v1,L0,TwoRobotPickFood,0.9,0.9769205033779144,10,20260515_012826,TwoRobotPickFood
va,act,siglip2_so400m,act / siglip2_so400m,30,unseen_scratch,L1_TwoRobotPickFood-v1,L1,TwoRobotPickFood,0.8,0.9072642922401428,10,20260515_013530,TwoRobotPickFood
va,act,siglip2_so400m,act / siglip2_so400m,30,unseen_scratch,L2_TwoRobotPickFood-v1,L2,TwoRobotPickFood,0.0,0.5672937154769897,10,20260515_014115,TwoRobotPickFood
va,act,siglip2_so400m,act / siglip2_so400m,30,unseen_scratch,L3_TwoRobotPickFood-v1,L3,TwoRobotPickFood,0.7,0.8839869439601898,10,20260515_014701,TwoRobotPickFood
va,act,siglip2_so400m,act / siglip2_so400m,30,unseen_scratch,L0_TwoRobotFoldBox-v1,L0,TwoRobotFoldBox,1.0,1.0,10,20260515_015033,TwoRobotFoldBox
va,act,siglip2_so400m,act / siglip2_so400m,30,unseen_scratch,L1_TwoRobotFoldBox-v1,L1,TwoRobotFoldBox,1.0,1.0,10,20260515_015410,TwoRobotFoldBox
va,act,siglip2_so400m,act / siglip2_so400m,30,unseen_scratch,L2_TwoRobotFoldBox-v1,L2,TwoRobotFoldBox,1.0,1.0,10,20260515_015752,TwoRobotFoldBox
va,act,siglip2_so400m,act / siglip2_so400m,30,unseen_scratch,L3_TwoRobotFoldBox-v1,L3,TwoRobotFoldBox,1.0,1.0,10,20260515_020121,TwoRobotFoldBox
va,act,siglip2_so400m,act / siglip2_so400m,45,seen,L0_TwoRobotStirSpoon-v1,L0,TwoRobotStirSpoon,0.7,0.935842990875244,10,20260512_123506,TwoRobotStirSpoon
va,act,siglip2_so400m,act / siglip2_so400m,45,seen,L1_TwoRobotStirSpoon-v1,L1,TwoRobotStirSpoon,0.5,0.848952728509903,10,20260512_124309,TwoRobotStirSpoon
va,act,siglip2_so400m,act / siglip2_so400m,45,seen,L2_TwoRobotStirSpoon-v1,L2,TwoRobotStirSpoon,0.0,0.72312793135643,10,20260512_125115,TwoRobotStirSpoon
va,act,siglip2_so400m,act / siglip2_so400m,45,seen,L3_TwoRobotStirSpoon-v1,L3,TwoRobotStirSpoon,0.7,0.8531649857759476,10,20260512_125930,TwoRobotStirSpoon
va,act,siglip2_so400m,act / siglip2_so400m,45,seen,L0_TwoRobotPlacePlateRack-v1,L0,TwoRobotPlacePlateRack,0.9,1.0,10,20260512_131253,TwoRobotPlacePlateRack
va,act,siglip2_so400m,act / siglip2_so400m,45,seen,L1_TwoRobotPlacePlateRack-v1,L1,TwoRobotPlacePlateRack,0.9,0.9247223228216171,10,20260512_132534,TwoRobotPlacePlateRack
va,act,siglip2_so400m,act / siglip2_so400m,45,seen,L3_TwoRobotPlacePlateRack-v1,L3,TwoRobotPlacePlateRack,0.8,0.9333051919937134,10,20260512_133207,TwoRobotPlacePlateRack
va,act,siglip2_so400m,act / siglip2_so400m,45,seen,L0_TwoRobotPlaceFileFolder-v1,L0,TwoRobotPlaceFileFolder,1.0,1.0,10,20260512_133815,TwoRobotPlaceFileFolder
va,act,siglip2_so400m,act / siglip2_so400m,45,seen,L1_TwoRobotPlaceFileFolder-v1,L1,TwoRobotPlaceFileFolder,0.6,0.8131273984909058,10,20260512_134426,TwoRobotPlaceFileFolder
va,act,siglip2_so400m,act / siglip2_so400m,45,seen,L2_TwoRobotPlaceFileFolder-v1,L2,TwoRobotPlaceFileFolder,0.9,0.923758378624916,10,20260512_135047,TwoRobotPlaceFileFolder
va,act,siglip2_so400m,act / siglip2_so400m,45,seen,L2_TwoRobotPlacePlateRack-v1,L2,TwoRobotPlacePlateRack,0.7,1.0,10,20260512_040130,TwoRobotPlacePlateRack
va,act,siglip2_so400m,act / siglip2_so400m,45,seen,L3_TwoRobotPlaceFileFolder-v1,L3,TwoRobotPlaceFileFolder,0.8,0.8666087239980698,10,20260512_142011,TwoRobotPlaceFileFolder
va,act,siglip2_so400m,act / siglip2_so400m,45,seen,L0_TwoRobotFoldTowel-v1,L0,TwoRobotFoldTowel,1.0,1.0,10,20260512_143338,TwoRobotFoldTowel
va,act,siglip2_so400m,act / siglip2_so400m,45,seen,L1_TwoRobotFoldTowel-v1,L1,TwoRobotFoldTowel,0.9,1.0,10,20260512_144623,TwoRobotFoldTowel
va,act,siglip2_so400m,act / siglip2_so400m,45,seen,L2_TwoRobotFoldTowel-v1,L2,TwoRobotFoldTowel,0.5,0.8169460818171501,10,20260512_145830,TwoRobotFoldTowel
va,act,siglip2_so400m,act / siglip2_so400m,45,seen,L3_TwoRobotFoldTowel-v1,L3,TwoRobotFoldTowel,0.7,0.9544515073299408,10,20260512_151055,TwoRobotFoldTowel
va,act,siglip2_so400m,act / siglip2_so400m,45,seen,L0_TwoRobotPlaceMugRack-v1,L0,TwoRobotPlaceMugRack,1.0,1.0,10,20260512_151550,TwoRobotPlaceMugRack
va,act,siglip2_so400m,act / siglip2_so400m,45,seen,L1_TwoRobotPlaceMugRack-v1,L1,TwoRobotPlaceMugRack,0.9,1.0,10,20260512_151957,TwoRobotPlaceMugRack
va,act,siglip2_so400m,act / siglip2_so400m,45,seen,L2_TwoRobotPlaceMugRack-v1,L2,TwoRobotPlaceMugRack,1.0,1.0,10,20260512_152404,TwoRobotPlaceMugRack
va,act,siglip2_so400m,act / siglip2_so400m,45,seen,L3_TwoRobotPlaceMugRack-v1,L3,TwoRobotPlaceMugRack,1.0,1.0,10,20260512_152808,TwoRobotPlaceMugRack
va,act,siglip2_so400m,act / siglip2_so400m,45,unseen,L0_TwoRobotPickRemoteControl-v1,L0,TwoRobotPickRemoteControl,0.0,0.0883979395031929,10,20260510_002346,TwoRobotPickRemoteControl
va,act,siglip2_so400m,act / siglip2_so400m,45,unseen,L1_TwoRobotPickRemoteControl-v1,L1,TwoRobotPickRemoteControl,0.0,0.0300843833014369,10,20260510_003729,TwoRobotPickRemoteControl
va,act,siglip2_so400m,act / siglip2_so400m,45,unseen,L2_TwoRobotPickRemoteControl-v1,L2,TwoRobotPickRemoteControl,0.0,0.0079723381903022,10,20260510_142509,TwoRobotPickRemoteControl
va,act,siglip2_so400m,act / siglip2_so400m,45,unseen,L3_TwoRobotPickRemoteControl-v1,L3,TwoRobotPickRemoteControl,0.0,0.1133886501193046,10,20260510_144021,TwoRobotPickRemoteControl
va,act,siglip2_so400m,act / siglip2_so400m,45,unseen,L0_TwoRobotScanMilkBox-v1,L0,TwoRobotScanMilkBox,0.0,0.2839396581053733,10,20260510_145413,TwoRobotScanMilkBox
va,act,siglip2_so400m,act / siglip2_so400m,45,unseen,L1_TwoRobotScanMilkBox-v1,L1,TwoRobotScanMilkBox,0.0,0.210759225487709,10,20260510_150819,TwoRobotScanMilkBox
va,act,siglip2_so400m,act / siglip2_so400m,45,unseen,L2_TwoRobotScanMilkBox-v1,L2,TwoRobotScanMilkBox,0.0,0.0927602335810661,10,20260510_152117,TwoRobotScanMilkBox
va,act,siglip2_so400m,act / siglip2_so400m,45,unseen,L3_TwoRobotScanMilkBox-v1,L3,TwoRobotScanMilkBox,0.0,0.160486289858818,10,20260510_153118,TwoRobotScanMilkBox
va,act,siglip2_so400m,act / siglip2_so400m,45,unseen,L0_TwoRobotPourKettle-v1,L0,TwoRobotPourKettle,0.0,0.1240298986434936,10,20260510_153908,TwoRobotPourKettle
va,act,siglip2_so400m,act / siglip2_so400m,45,unseen,L1_TwoRobotPourKettle-v1,L1,TwoRobotPourKettle,0.0,0.072390242293477,10,20260510_154705,TwoRobotPourKettle
va,act,siglip2_so400m,act / siglip2_so400m,45,unseen,L2_TwoRobotPourKettle-v1,L2,TwoRobotPourKettle,0.0,0.0045212904922664,10,20260510_155455,TwoRobotPourKettle
va,act,siglip2_so400m,act / siglip2_so400m,45,unseen,L3_TwoRobotPourKettle-v1,L3,TwoRobotPourKettle,0.0,0.1171736973337829,10,20260510_160217,TwoRobotPourKettle
va,act,siglip2_so400m,act / siglip2_so400m,45,unseen,L0_TwoRobotPickFood-v1,L0,TwoRobotPickFood,0.0,0.2205224722623825,10,20260510_161212,TwoRobotPickFood
va,act,siglip2_so400m,act / siglip2_so400m,45,unseen,L1_TwoRobotPickFood-v1,L1,TwoRobotPickFood,0.0,0.1437620803713798,10,20260510_162106,TwoRobotPickFood
va,act,siglip2_so400m,act / siglip2_so400m,45,unseen,L2_TwoRobotPickFood-v1,L2,TwoRobotPickFood,0.0,0.009019649028778,10,20260510_162902,TwoRobotPickFood
va,act,siglip2_so400m,act / siglip2_so400m,45,unseen,L3_TwoRobotPickFood-v1,L3,TwoRobotPickFood,0.0,0.2069215580821037,10,20260510_163641,TwoRobotPickFood
va,act,siglip2_so400m,act / siglip2_so400m,45,unseen,L0_TwoRobotFoldBox-v1,L0,TwoRobotFoldBox,0.4,0.4054087040945887,10,20260510_164111,TwoRobotFoldBox
va,act,siglip2_so400m,act / siglip2_so400m,45,unseen,L1_TwoRobotFoldBox-v1,L1,TwoRobotFoldBox,0.0,0.0185841750353574,10,20260510_164444,TwoRobotFoldBox
va,act,siglip2_so400m,act / siglip2_so400m,45,unseen,L2_TwoRobotFoldBox-v1,L2,TwoRobotFoldBox,0.0,0.0132537513971328,10,20260510_164735,TwoRobotFoldBox
va,act,siglip2_so400m,act / siglip2_so400m,45,unseen,L3_TwoRobotFoldBox-v1,L3,TwoRobotFoldBox,0.0,0.022027769871056,10,20260510_165033,TwoRobotFoldBox
va,act,siglip2_so400m,act / siglip2_so400m,45,unseen_finetune,L0_TwoRobotPickRemoteControl-v1,L0,TwoRobotPickRemoteControl,1.0,1.0,10,20260511_000046,TwoRobotPickRemoteControl
va,act,siglip2_so400m,act / siglip2_so400m,45,unseen_finetune,L1_TwoRobotPickRemoteControl-v1,L1,TwoRobotPickRemoteControl,1.0,1.0,10,20260511_001729,TwoRobotPickRemoteControl
va,act,siglip2_so400m,act / siglip2_so400m,45,unseen_finetune,L2_TwoRobotPickRemoteControl-v1,L2,TwoRobotPickRemoteControl,1.0,1.0,10,20260511_003509,TwoRobotPickRemoteControl
va,act,siglip2_so400m,act / siglip2_so400m,45,unseen_finetune,L3_TwoRobotPickRemoteControl-v1,L3,TwoRobotPickRemoteControl,0.3,0.6043869078159332,10,20260511_005139,TwoRobotPickRemoteControl
va,act,siglip2_so400m,act / siglip2_so400m,45,unseen_finetune,L0_TwoRobotScanMilkBox-v1,L0,TwoRobotScanMilkBox,0.9,0.9683173418045044,10,20260511_010205,TwoRobotScanMilkBox
va,act,siglip2_so400m,act / siglip2_so400m,45,unseen_finetune,L1_TwoRobotScanMilkBox-v1,L1,TwoRobotScanMilkBox,1.0,1.0,10,20260511_011126,TwoRobotScanMilkBox
va,act,siglip2_so400m,act / siglip2_so400m,45,unseen_finetune,L2_TwoRobotScanMilkBox-v1,L2,TwoRobotScanMilkBox,1.0,1.0,10,20260511_012007,TwoRobotScanMilkBox
va,act,siglip2_so400m,act / siglip2_so400m,45,unseen_finetune,L3_TwoRobotScanMilkBox-v1,L3,TwoRobotScanMilkBox,0.9,0.9418955653905868,10,20260511_012747,TwoRobotScanMilkBox
va,act,siglip2_so400m,act / siglip2_so400m,45,unseen_finetune,L0_TwoRobotPourKettle-v1,L0,TwoRobotPourKettle,1.0,1.0,10,20260511_013408,TwoRobotPourKettle
va,act,siglip2_so400m,act / siglip2_so400m,45,unseen_finetune,L1_TwoRobotPourKettle-v1,L1,TwoRobotPourKettle,0.6,0.6233936827629805,10,20260511_013939,TwoRobotPourKettle
va,act,siglip2_so400m,act / siglip2_so400m,45,unseen_finetune,L2_TwoRobotPourKettle-v1,L2,TwoRobotPourKettle,0.0,0.008841335773468,10,20260511_014858,TwoRobotPourKettle
va,act,siglip2_so400m,act / siglip2_so400m,45,unseen_finetune,L3_TwoRobotPourKettle-v1,L3,TwoRobotPourKettle,1.0,1.0,10,20260511_015517,TwoRobotPourKettle
va,act,siglip2_so400m,act / siglip2_so400m,45,unseen_finetune,L0_TwoRobotPickFood-v1,L0,TwoRobotPickFood,0.9,0.9767725229263304,10,20260511_020507,TwoRobotPickFood
va,act,siglip2_so400m,act / siglip2_so400m,45,unseen_finetune,L1_TwoRobotPickFood-v1,L1,TwoRobotPickFood,0.9,0.9755559980869292,10,20260511_021612,TwoRobotPickFood
va,act,siglip2_so400m,act / siglip2_so400m,45,unseen_finetune,L2_TwoRobotPickFood-v1,L2,TwoRobotPickFood,0.0,0.5164083272218705,10,20260511_022703,TwoRobotPickFood
va,act,siglip2_so400m,act / siglip2_so400m,45,unseen_finetune,L3_TwoRobotPickFood-v1,L3,TwoRobotPickFood,1.0,1.0,10,20260511_023745,TwoRobotPickFood
va,act,siglip2_so400m,act / siglip2_so400m,45,unseen_finetune,L0_TwoRobotFoldBox-v1,L0,TwoRobotFoldBox,1.0,1.0,10,20260511_024502,TwoRobotFoldBox
va,act,siglip2_so400m,act / siglip2_so400m,45,unseen_finetune,L1_TwoRobotFoldBox-v1,L1,TwoRobotFoldBox,1.0,1.0,10,20260511_025136,TwoRobotFoldBox
va,act,siglip2_so400m,act / siglip2_so400m,45,unseen_finetune,L2_TwoRobotFoldBox-v1,L2,TwoRobotFoldBox,1.0,1.0,10,20260511_025745,TwoRobotFoldBox
va,act,siglip2_so400m,act / siglip2_so400m,45,unseen_finetune,L3_TwoRobotFoldBox-v1,L3,TwoRobotFoldBox,1.0,1.0,10,20260511_030250,TwoRobotFoldBox
va,act,siglip2_so400m,act / siglip2_so400m,45,unseen_scratch,L0_TwoRobotPickRemoteControl-v1,L0,TwoRobotPickRemoteControl,1.0,1.0,10,20260514_234449,TwoRobotPickRemoteControl
va,act,siglip2_so400m,act / siglip2_so400m,45,unseen_scratch,L1_TwoRobotPickRemoteControl-v1,L1,TwoRobotPickRemoteControl,0.9,0.9689182996749878,10,20260515_000208,TwoRobotPickRemoteControl
va,act,siglip2_so400m,act / siglip2_so400m,45,unseen_scratch,L2_TwoRobotPickRemoteControl-v1,L2,TwoRobotPickRemoteControl,1.0,1.0,10,20260515_001646,TwoRobotPickRemoteControl
va,act,siglip2_so400m,act / siglip2_so400m,45,unseen_scratch,L3_TwoRobotPickRemoteControl-v1,L3,TwoRobotPickRemoteControl,1.0,1.0,10,20260515_002804,TwoRobotPickRemoteControl
va,act,siglip2_so400m,act / siglip2_so400m,45,unseen_scratch,L0_TwoRobotScanMilkBox-v1,L0,TwoRobotScanMilkBox,0.8,0.9269898295402528,10,20260515_003629,TwoRobotScanMilkBox
va,act,siglip2_so400m,act / siglip2_so400m,45,unseen_scratch,L1_TwoRobotScanMilkBox-v1,L1,TwoRobotScanMilkBox,0.9,0.966890412569046,10,20260515_004511,TwoRobotScanMilkBox
va,act,siglip2_so400m,act / siglip2_so400m,45,unseen_scratch,L2_TwoRobotScanMilkBox-v1,L2,TwoRobotScanMilkBox,0.5,0.5998177796602249,10,20260515_005306,TwoRobotScanMilkBox
va,act,siglip2_so400m,act / siglip2_so400m,45,unseen_scratch,L3_TwoRobotScanMilkBox-v1,L3,TwoRobotScanMilkBox,0.9,0.9506445407867432,10,20260515_005927,TwoRobotScanMilkBox
va,act,siglip2_so400m,act / siglip2_so400m,45,unseen_scratch,L0_TwoRobotPourKettle-v1,L0,TwoRobotPourKettle,0.9,0.9756212413311004,10,20260515_010432,TwoRobotPourKettle
va,act,siglip2_so400m,act / siglip2_so400m,45,unseen_scratch,L1_TwoRobotPourKettle-v1,L1,TwoRobotPourKettle,0.1,0.3601151742041111,10,20260515_010944,TwoRobotPourKettle
va,act,siglip2_so400m,act / siglip2_so400m,45,unseen_scratch,L2_TwoRobotPourKettle-v1,L2,TwoRobotPourKettle,0.0,0.0045524636749178,10,20260515_011454,TwoRobotPourKettle
va,act,siglip2_so400m,act / siglip2_so400m,45,unseen_scratch,L3_TwoRobotPourKettle-v1,L3,TwoRobotPourKettle,0.5,0.6563112199306488,10,20260515_012011,TwoRobotPourKettle
va,act,siglip2_so400m,act / siglip2_so400m,45,unseen_scratch,L0_TwoRobotPickFood-v1,L0,TwoRobotPickFood,0.9,0.9768490970134736,10,20260515_012726,TwoRobotPickFood
va,act,siglip2_so400m,act / siglip2_so400m,45,unseen_scratch,L1_TwoRobotPickFood-v1,L1,TwoRobotPickFood,0.1,0.6471986472606659,10,20260515_013420,TwoRobotPickFood
va,act,siglip2_so400m,act / siglip2_so400m,45,unseen_scratch,L2_TwoRobotPickFood-v1,L2,TwoRobotPickFood,0.0,0.5195539951324463,10,20260515_014016,TwoRobotPickFood
va,act,siglip2_so400m,act / siglip2_so400m,45,unseen_scratch,L3_TwoRobotPickFood-v1,L3,TwoRobotPickFood,0.2,0.4734139144420624,10,20260515_014558,TwoRobotPickFood
va,act,siglip2_so400m,act / siglip2_so400m,45,unseen_scratch,L0_TwoRobotFoldBox-v1,L0,TwoRobotFoldBox,0.9,0.9002145453356206,10,20260515_014929,TwoRobotFoldBox
va,act,siglip2_so400m,act / siglip2_so400m,45,unseen_scratch,L1_TwoRobotFoldBox-v1,L1,TwoRobotFoldBox,1.0,1.0,10,20260515_015307,TwoRobotFoldBox
va,act,siglip2_so400m,act / siglip2_so400m,45,unseen_scratch,L2_TwoRobotFoldBox-v1,L2,TwoRobotFoldBox,1.0,1.0,10,20260515_015651,TwoRobotFoldBox
va,act,siglip2_so400m,act / siglip2_so400m,45,unseen_scratch,L3_TwoRobotFoldBox-v1,L3,TwoRobotFoldBox,1.0,1.0,10,20260515_020030,TwoRobotFoldBox
va,act,videomae_large,act / videomae_large,15,seen,L0_TwoRobotStirSpoon-v1,L0,TwoRobotStirSpoon,0.9,0.9915523290634156,10,20260512_032846,TwoRobotStirSpoon
va,act,videomae_large,act / videomae_large,15,seen,L1_TwoRobotStirSpoon-v1,L1,TwoRobotStirSpoon,0.4,0.9000158786773682,10,20260512_033729,TwoRobotStirSpoon
va,act,videomae_large,act / videomae_large,15,seen,L2_TwoRobotStirSpoon-v1,L2,TwoRobotStirSpoon,0.4,0.8439505755901336,10,20260512_035103,TwoRobotStirSpoon
va,act,videomae_large,act / videomae_large,15,seen,L3_TwoRobotStirSpoon-v1,L3,TwoRobotStirSpoon,0.6,0.746464592218399,10,20260512_040115,TwoRobotStirSpoon
va,act,videomae_large,act / videomae_large,15,seen,L0_TwoRobotPlacePlateRack-v1,L0,TwoRobotPlacePlateRack,0.9,0.9339790105819702,10,20260512_041440,TwoRobotPlacePlateRack
va,act,videomae_large,act / videomae_large,15,seen,L1_TwoRobotPlacePlateRack-v1,L1,TwoRobotPlacePlateRack,1.0,1.0,10,20260512_042829,TwoRobotPlacePlateRack
va,act,videomae_large,act / videomae_large,15,seen,L2_TwoRobotPlacePlateRack-v1,L2,TwoRobotPlacePlateRack,0.5,1.0,10,20260512_044144,TwoRobotPlacePlateRack
va,act,videomae_large,act / videomae_large,15,seen,L3_TwoRobotPlacePlateRack-v1,L3,TwoRobotPlacePlateRack,1.0,1.0,10,20260512_044911,TwoRobotPlacePlateRack
va,act,videomae_large,act / videomae_large,15,seen,L0_TwoRobotPlaceFileFolder-v1,L0,TwoRobotPlaceFileFolder,0.8,0.9074991822242736,10,20260512_045618,TwoRobotPlaceFileFolder
va,act,videomae_large,act / videomae_large,15,seen,L1_TwoRobotPlaceFileFolder-v1,L1,TwoRobotPlaceFileFolder,0.9,0.9563815772533416,10,20260512_050330,TwoRobotPlaceFileFolder
va,act,videomae_large,act / videomae_large,15,seen,L2_TwoRobotPlaceFileFolder-v1,L2,TwoRobotPlaceFileFolder,0.6,0.6956161260604858,10,20260512_051034,TwoRobotPlaceFileFolder
va,act,videomae_large,act / videomae_large,15,seen,L3_TwoRobotPlaceFileFolder-v1,L3,TwoRobotPlaceFileFolder,0.9,0.9425294876098632,10,20260512_051710,TwoRobotPlaceFileFolder
va,act,videomae_large,act / videomae_large,15,seen,L0_TwoRobotFoldTowel-v1,L0,TwoRobotFoldTowel,1.0,1.0,10,20260512_053048,TwoRobotFoldTowel
va,act,videomae_large,act / videomae_large,15,seen,L1_TwoRobotFoldTowel-v1,L1,TwoRobotFoldTowel,1.0,1.0,10,20260512_054506,TwoRobotFoldTowel
va,act,videomae_large,act / videomae_large,15,seen,L2_TwoRobotFoldTowel-v1,L2,TwoRobotFoldTowel,0.9,1.0,10,20260512_055942,TwoRobotFoldTowel
va,act,videomae_large,act / videomae_large,15,seen,L3_TwoRobotFoldTowel-v1,L3,TwoRobotFoldTowel,0.8,0.968996387720108,10,20260512_061457,TwoRobotFoldTowel
va,act,videomae_large,act / videomae_large,15,seen,L0_TwoRobotPlaceMugRack-v1,L0,TwoRobotPlaceMugRack,1.0,1.0,10,20260512_062245,TwoRobotPlaceMugRack
va,act,videomae_large,act / videomae_large,15,seen,L1_TwoRobotPlaceMugRack-v1,L1,TwoRobotPlaceMugRack,0.8,1.0,10,20260512_063008,TwoRobotPlaceMugRack
va,act,videomae_large,act / videomae_large,15,seen,L2_TwoRobotPlaceMugRack-v1,L2,TwoRobotPlaceMugRack,0.8,1.0,10,20260512_063722,TwoRobotPlaceMugRack
va,act,videomae_large,act / videomae_large,15,seen,L3_TwoRobotPlaceMugRack-v1,L3,TwoRobotPlaceMugRack,0.9,1.0,10,20260512_064408,TwoRobotPlaceMugRack
va,act,videomae_large,act / videomae_large,15,unseen,L0_TwoRobotPickRemoteControl-v1,L0,TwoRobotPickRemoteControl,0.0,0.0387292891740798,10,20260510_010442,TwoRobotPickRemoteControl
va,act,videomae_large,act / videomae_large,15,unseen,L1_TwoRobotPickRemoteControl-v1,L1,TwoRobotPickRemoteControl,0.0,0.0271518567577004,10,20260510_011713,TwoRobotPickRemoteControl
va,act,videomae_large,act / videomae_large,15,unseen,L2_TwoRobotPickRemoteControl-v1,L2,TwoRobotPickRemoteControl,0.0,0.0079042959958314,10,20260510_012541,TwoRobotPickRemoteControl
va,act,videomae_large,act / videomae_large,15,unseen,L3_TwoRobotPickRemoteControl-v1,L3,TwoRobotPickRemoteControl,0.0,0.089192645996809,10,20260510_013428,TwoRobotPickRemoteControl
va,act,videomae_large,act / videomae_large,15,unseen,L0_TwoRobotPourKettle-v1,L0,TwoRobotPourKettle,0.0,0.1641411006450653,10,20260510_142611,TwoRobotPourKettle
va,act,videomae_large,act / videomae_large,15,unseen,L1_TwoRobotPourKettle-v1,L1,TwoRobotPourKettle,0.0,0.0869325928390026,10,20260510_143338,TwoRobotPourKettle
va,act,videomae_large,act / videomae_large,15,unseen,L2_TwoRobotPourKettle-v1,L2,TwoRobotPourKettle,0.0,0.0047137260437011,10,20260510_144107,TwoRobotPourKettle
va,act,videomae_large,act / videomae_large,15,unseen,L3_TwoRobotPourKettle-v1,L3,TwoRobotPourKettle,0.0,0.1720775865018367,10,20260510_144835,TwoRobotPourKettle
va,act,videomae_large,act / videomae_large,15,unseen,L0_TwoRobotPickFood-v1,L0,TwoRobotPickFood,0.0,0.1465832293033599,10,20260510_145904,TwoRobotPickFood
va,act,videomae_large,act / videomae_large,15,unseen,L1_TwoRobotPickFood-v1,L1,TwoRobotPickFood,0.0,0.1606690362095832,10,20260510_150917,TwoRobotPickFood
va,act,videomae_large,act / videomae_large,15,unseen,L2_TwoRobotPickFood-v1,L2,TwoRobotPickFood,0.0,0.0052183583378791,10,20260510_151932,TwoRobotPickFood
va,act,videomae_large,act / videomae_large,15,unseen,L3_TwoRobotPickFood-v1,L3,TwoRobotPickFood,0.0,0.1414287328720092,10,20260510_152928,TwoRobotPickFood
va,act,videomae_large,act / videomae_large,15,unseen,L0_TwoRobotFoldBox-v1,L0,TwoRobotFoldBox,0.0,0.0062530032359063,10,20260510_153533,TwoRobotFoldBox
va,act,videomae_large,act / videomae_large,15,unseen,L1_TwoRobotFoldBox-v1,L1,TwoRobotFoldBox,0.9,0.9004323162604123,10,20260510_154148,TwoRobotFoldBox
va,act,videomae_large,act / videomae_large,15,unseen,L2_TwoRobotFoldBox-v1,L2,TwoRobotFoldBox,0.0,0.0164108404889702,10,20260510_154819,TwoRobotFoldBox
va,act,videomae_large,act / videomae_large,15,unseen,L3_TwoRobotFoldBox-v1,L3,TwoRobotFoldBox,0.0,0.0127419356256723,10,20260510_155458,TwoRobotFoldBox
va,act,videomae_large,act / videomae_large,15,unseen,L0_TwoRobotScanMilkBox-v1,L0,TwoRobotScanMilkBox,0.0,0.2906801298260689,10,20260510_132544,TwoRobotScanMilkBox
va,act,videomae_large,act / videomae_large,15,unseen,L1_TwoRobotScanMilkBox-v1,L1,TwoRobotScanMilkBox,0.0,0.1909196525812149,10,20260510_134153,TwoRobotScanMilkBox
va,act,videomae_large,act / videomae_large,15,unseen,L2_TwoRobotScanMilkBox-v1,L2,TwoRobotScanMilkBox,0.0,0.0489388508722186,10,20260510_135545,TwoRobotScanMilkBox
va,act,videomae_large,act / videomae_large,15,unseen,L3_TwoRobotScanMilkBox-v1,L3,TwoRobotScanMilkBox,0.0,0.0893072701990604,10,20260510_140606,TwoRobotScanMilkBox
va,act,videomae_large,act / videomae_large,15,unseen_finetune,L0_TwoRobotPickRemoteControl-v1,L0,TwoRobotPickRemoteControl,1.0,1.0,10,20260510_222256,TwoRobotPickRemoteControl
va,act,videomae_large,act / videomae_large,15,unseen_finetune,L1_TwoRobotPickRemoteControl-v1,L1,TwoRobotPickRemoteControl,1.0,1.0,10,20260510_224521,TwoRobotPickRemoteControl
va,act,videomae_large,act / videomae_large,15,unseen_finetune,L2_TwoRobotPickRemoteControl-v1,L2,TwoRobotPickRemoteControl,0.8,0.8017333364114165,10,20260510_230652,TwoRobotPickRemoteControl
va,act,videomae_large,act / videomae_large,15,unseen_finetune,L3_TwoRobotPickRemoteControl-v1,L3,TwoRobotPickRemoteControl,0.9,0.9455530017614364,10,20260510_232555,TwoRobotPickRemoteControl
va,act,videomae_large,act / videomae_large,15,unseen_finetune,L0_TwoRobotScanMilkBox-v1,L0,TwoRobotScanMilkBox,1.0,1.0,10,20260510_233652,TwoRobotScanMilkBox
va,act,videomae_large,act / videomae_large,15,unseen_finetune,L3_TwoRobotFoldBox-v1,L3,TwoRobotFoldBox,1.0,1.0,10,20260511_015002,TwoRobotFoldBox
va,act,videomae_large,act / videomae_large,15,unseen_finetune,L1_TwoRobotScanMilkBox-v1,L1,TwoRobotScanMilkBox,0.8,0.9308770298957824,10,20260511_000006,TwoRobotScanMilkBox
va,act,videomae_large,act / videomae_large,15,unseen_finetune,L2_TwoRobotScanMilkBox-v1,L2,TwoRobotScanMilkBox,1.0,1.0,10,20260511_001400,TwoRobotScanMilkBox
va,act,videomae_large,act / videomae_large,15,unseen_finetune,L3_TwoRobotScanMilkBox-v1,L3,TwoRobotScanMilkBox,0.8,0.8557580839842558,10,20260511_002544,TwoRobotScanMilkBox
va,act,videomae_large,act / videomae_large,15,unseen_finetune,L0_TwoRobotPourKettle-v1,L0,TwoRobotPourKettle,1.0,1.0,10,20260511_003501,TwoRobotPourKettle
va,act,videomae_large,act / videomae_large,15,unseen_finetune,L1_TwoRobotPourKettle-v1,L1,TwoRobotPourKettle,0.4,0.4343211013823748,10,20260511_004410,TwoRobotPourKettle
va,act,videomae_large,act / videomae_large,15,unseen_finetune,L2_TwoRobotPourKettle-v1,L2,TwoRobotPourKettle,0.0,0.0153844752348959,10,20260511_005142,TwoRobotPourKettle
va,act,videomae_large,act / videomae_large,15,unseen_finetune,L3_TwoRobotPourKettle-v1,L3,TwoRobotPourKettle,1.0,1.0,10,20260511_005758,TwoRobotPourKettle
va,act,videomae_large,act / videomae_large,15,unseen_finetune,L0_TwoRobotPickFood-v1,L0,TwoRobotPickFood,0.5,0.843116044998169,10,20260511_010449,TwoRobotPickFood
va,act,videomae_large,act / videomae_large,15,unseen_finetune,L1_TwoRobotPickFood-v1,L1,TwoRobotPickFood,0.9,0.9632530093193056,10,20260511_011132,TwoRobotPickFood
va,act,videomae_large,act / videomae_large,15,unseen_finetune,L2_TwoRobotPickFood-v1,L2,TwoRobotPickFood,0.0,0.5187017917633057,10,20260511_011830,TwoRobotPickFood
va,act,videomae_large,act / videomae_large,15,unseen_finetune,L3_TwoRobotPickFood-v1,L3,TwoRobotPickFood,0.9,0.9719723105430604,10,20260511_012622,TwoRobotPickFood
va,act,videomae_large,act / videomae_large,15,unseen_finetune,L0_TwoRobotFoldBox-v1,L0,TwoRobotFoldBox,1.0,1.0,10,20260511_013127,TwoRobotFoldBox
va,act,videomae_large,act / videomae_large,15,unseen_finetune,L1_TwoRobotFoldBox-v1,L1,TwoRobotFoldBox,1.0,1.0,10,20260511_013624,TwoRobotFoldBox
va,act,videomae_large,act / videomae_large,15,unseen_finetune,L2_TwoRobotFoldBox-v1,L2,TwoRobotFoldBox,1.0,1.0,10,20260511_014059,TwoRobotFoldBox
va,act,videomae_large,act / videomae_large,15,unseen_scratch,L0_TwoRobotPickRemoteControl-v1,L0,TwoRobotPickRemoteControl,1.0,1.0,10,20260514_234540,TwoRobotPickRemoteControl
va,act,videomae_large,act / videomae_large,15,unseen_scratch,L1_TwoRobotPickRemoteControl-v1,L1,TwoRobotPickRemoteControl,1.0,1.0,10,20260515_000250,TwoRobotPickRemoteControl
va,act,videomae_large,act / videomae_large,15,unseen_scratch,L2_TwoRobotPickRemoteControl-v1,L2,TwoRobotPickRemoteControl,0.8,0.8016827201470733,10,20260515_001720,TwoRobotPickRemoteControl
va,act,videomae_large,act / videomae_large,15,unseen_scratch,L3_TwoRobotPickRemoteControl-v1,L3,TwoRobotPickRemoteControl,0.9,0.9364066064357758,10,20260515_002824,TwoRobotPickRemoteControl
va,act,videomae_large,act / videomae_large,15,unseen_scratch,L0_TwoRobotScanMilkBox-v1,L0,TwoRobotScanMilkBox,1.0,1.0,10,20260515_003649,TwoRobotScanMilkBox
va,act,videomae_large,act / videomae_large,15,unseen_scratch,L1_TwoRobotScanMilkBox-v1,L1,TwoRobotScanMilkBox,0.9,0.9668806552886964,10,20260515_004539,TwoRobotScanMilkBox
va,act,videomae_large,act / videomae_large,15,unseen_scratch,L2_TwoRobotScanMilkBox-v1,L2,TwoRobotScanMilkBox,0.6,0.6777839228510857,10,20260515_005333,TwoRobotScanMilkBox
va,act,videomae_large,act / videomae_large,15,unseen_scratch,L3_TwoRobotScanMilkBox-v1,L3,TwoRobotScanMilkBox,1.0,1.0,10,20260515_005948,TwoRobotScanMilkBox
va,act,videomae_large,act / videomae_large,15,unseen_scratch,L0_TwoRobotPourKettle-v1,L0,TwoRobotPourKettle,1.0,1.0,10,20260515_010451,TwoRobotPourKettle
va,act,videomae_large,act / videomae_large,15,unseen_scratch,L1_TwoRobotPourKettle-v1,L1,TwoRobotPourKettle,0.3,0.3414753034710884,10,20260515_010957,TwoRobotPourKettle
va,act,videomae_large,act / videomae_large,15,unseen_scratch,L2_TwoRobotPourKettle-v1,L2,TwoRobotPourKettle,0.0,0.0066743333823978,10,20260515_011502,TwoRobotPourKettle
va,act,videomae_large,act / videomae_large,15,unseen_scratch,L3_TwoRobotPourKettle-v1,L3,TwoRobotPourKettle,0.8,0.9012229532003404,10,20260515_012017,TwoRobotPourKettle
va,act,videomae_large,act / videomae_large,15,unseen_scratch,L0_TwoRobotPickFood-v1,L0,TwoRobotPickFood,0.9,0.9697667360305786,10,20260515_012730,TwoRobotPickFood
va,act,videomae_large,act / videomae_large,15,unseen_scratch,L1_TwoRobotPickFood-v1,L1,TwoRobotPickFood,0.3,0.8045773029327392,10,20260515_013425,TwoRobotPickFood
va,act,videomae_large,act / videomae_large,15,unseen_scratch,L2_TwoRobotPickFood-v1,L2,TwoRobotPickFood,0.0,0.3694122537970543,10,20260515_014018,TwoRobotPickFood
va,act,videomae_large,act / videomae_large,15,unseen_scratch,L3_TwoRobotPickFood-v1,L3,TwoRobotPickFood,0.1,0.468341189622879,10,20260515_014600,TwoRobotPickFood
va,act,videomae_large,act / videomae_large,15,unseen_scratch,L0_TwoRobotFoldBox-v1,L0,TwoRobotFoldBox,0.8,0.8012807883322239,10,20260515_014925,TwoRobotFoldBox
va,act,videomae_large,act / videomae_large,15,unseen_scratch,L1_TwoRobotFoldBox-v1,L1,TwoRobotFoldBox,1.0,1.0,10,20260515_015257,TwoRobotFoldBox
va,act,videomae_large,act / videomae_large,15,unseen_scratch,L2_TwoRobotFoldBox-v1,L2,TwoRobotFoldBox,1.0,1.0,10,20260515_015631,TwoRobotFoldBox
va,act,videomae_large,act / videomae_large,15,unseen_scratch,L3_TwoRobotFoldBox-v1,L3,TwoRobotFoldBox,1.0,1.0,10,20260515_020003,TwoRobotFoldBox
va,act,videomae_large,act / videomae_large,30,seen,L0_TwoRobotStirSpoon-v1,L0,TwoRobotStirSpoon,0.6,0.7903683364391327,10,20260509_172919,TwoRobotStirSpoon
va,act,videomae_large,act / videomae_large,30,seen,L1_TwoRobotStirSpoon-v1,L1,TwoRobotStirSpoon,0.4,0.7056320786476136,10,20260509_173733,TwoRobotStirSpoon
va,act,videomae_large,act / videomae_large,30,seen,L2_TwoRobotStirSpoon-v1,L2,TwoRobotStirSpoon,0.1,0.6862246274948121,10,20260509_174545,TwoRobotStirSpoon
va,act,videomae_large,act / videomae_large,30,seen,L3_TwoRobotStirSpoon-v1,L3,TwoRobotStirSpoon,0.4,0.6245502144098282,10,20260509_175407,TwoRobotStirSpoon
va,act,videomae_large,act / videomae_large,30,seen,L0_TwoRobotPlacePlateRack-v1,L0,TwoRobotPlacePlateRack,0.8,0.8638057500123978,10,20260509_180638,TwoRobotPlacePlateRack
va,act,videomae_large,act / videomae_large,30,seen,L1_TwoRobotPlacePlateRack-v1,L1,TwoRobotPlacePlateRack,0.8,0.9248556792736052,10,20260509_181844,TwoRobotPlacePlateRack
va,act,videomae_large,act / videomae_large,30,seen,L2_TwoRobotPlacePlateRack-v1,L2,TwoRobotPlacePlateRack,0.6,1.0,10,20260509_182916,TwoRobotPlacePlateRack
va,act,videomae_large,act / videomae_large,30,seen,L3_TwoRobotPlacePlateRack-v1,L3,TwoRobotPlacePlateRack,0.9,0.9328097820281982,10,20260509_183608,TwoRobotPlacePlateRack
va,act,videomae_large,act / videomae_large,30,seen,L0_TwoRobotPlaceFileFolder-v1,L0,TwoRobotPlaceFileFolder,0.4,0.7157919824123382,10,20260509_184231,TwoRobotPlaceFileFolder
va,act,videomae_large,act / videomae_large,30,seen,L1_TwoRobotPlaceFileFolder-v1,L1,TwoRobotPlaceFileFolder,0.6,0.8202178776264191,10,20260509_184911,TwoRobotPlaceFileFolder
va,act,videomae_large,act / videomae_large,30,seen,L2_TwoRobotPlaceFileFolder-v1,L2,TwoRobotPlaceFileFolder,0.0,0.2395836308598518,10,20260509_185608,TwoRobotPlaceFileFolder
va,act,videomae_large,act / videomae_large,30,seen,L3_TwoRobotPlaceFileFolder-v1,L3,TwoRobotPlaceFileFolder,1.0,1.0,10,20260509_190307,TwoRobotPlaceFileFolder
va,act,videomae_large,act / videomae_large,30,seen,L0_TwoRobotFoldTowel-v1,L0,TwoRobotFoldTowel,1.0,1.0,10,20260509_192012,TwoRobotFoldTowel
va,act,videomae_large,act / videomae_large,30,seen,L1_TwoRobotFoldTowel-v1,L1,TwoRobotFoldTowel,1.0,1.0,10,20260509_193648,TwoRobotFoldTowel
va,act,videomae_large,act / videomae_large,30,seen,L2_TwoRobotFoldTowel-v1,L2,TwoRobotFoldTowel,0.5,0.8673976987600327,10,20260509_195354,TwoRobotFoldTowel
va,act,videomae_large,act / videomae_large,30,seen,L3_TwoRobotFoldTowel-v1,L3,TwoRobotFoldTowel,0.9,0.9364625066518784,10,20260509_201345,TwoRobotFoldTowel
va,act,videomae_large,act / videomae_large,30,seen,L0_TwoRobotPlaceMugRack-v1,L0,TwoRobotPlaceMugRack,1.0,1.0,10,20260509_202117,TwoRobotPlaceMugRack
va,act,videomae_large,act / videomae_large,30,seen,L1_TwoRobotPlaceMugRack-v1,L1,TwoRobotPlaceMugRack,0.9,1.0,10,20260509_202846,TwoRobotPlaceMugRack
va,act,videomae_large,act / videomae_large,30,seen,L2_TwoRobotPlaceMugRack-v1,L2,TwoRobotPlaceMugRack,1.0,1.0,10,20260509_203548,TwoRobotPlaceMugRack
va,act,videomae_large,act / videomae_large,30,seen,L3_TwoRobotPlaceMugRack-v1,L3,TwoRobotPlaceMugRack,0.9,1.0,10,20260509_204029,TwoRobotPlaceMugRack
va,act,videomae_large,act / videomae_large,30,unseen,L0_TwoRobotPickRemoteControl-v1,L0,TwoRobotPickRemoteControl,0.0,0.0358955055475235,10,20260512_123718,TwoRobotPickRemoteControl
va,act,videomae_large,act / videomae_large,30,unseen,L1_TwoRobotPickRemoteControl-v1,L1,TwoRobotPickRemoteControl,0.0,0.0445072719827294,10,20260512_124808,TwoRobotPickRemoteControl
va,act,videomae_large,act / videomae_large,30,unseen,L2_TwoRobotPickRemoteControl-v1,L2,TwoRobotPickRemoteControl,0.0,0.0079516721423715,10,20260512_125840,TwoRobotPickRemoteControl
va,act,videomae_large,act / videomae_large,30,unseen,L3_TwoRobotPickRemoteControl-v1,L3,TwoRobotPickRemoteControl,0.0,0.2318354547023773,10,20260512_130905,TwoRobotPickRemoteControl
va,act,videomae_large,act / videomae_large,30,unseen,L0_TwoRobotScanMilkBox-v1,L0,TwoRobotScanMilkBox,0.0,0.1623771898448467,10,20260512_131911,TwoRobotScanMilkBox
va,act,videomae_large,act / videomae_large,30,unseen,L1_TwoRobotScanMilkBox-v1,L1,TwoRobotScanMilkBox,0.0,0.2251118123531341,10,20260512_132950,TwoRobotScanMilkBox
va,act,videomae_large,act / videomae_large,30,unseen,L2_TwoRobotScanMilkBox-v1,L2,TwoRobotScanMilkBox,0.0,0.0242712771520018,10,20260512_133944,TwoRobotScanMilkBox
va,act,videomae_large,act / videomae_large,30,unseen,L3_TwoRobotScanMilkBox-v1,L3,TwoRobotScanMilkBox,0.0,0.0603038493543863,10,20260512_134810,TwoRobotScanMilkBox
va,act,videomae_large,act / videomae_large,30,unseen,L0_TwoRobotPourKettle-v1,L0,TwoRobotPourKettle,0.0,0.1608146861195564,10,20260512_142058,TwoRobotPourKettle
va,act,videomae_large,act / videomae_large,30,unseen,L1_TwoRobotPourKettle-v1,L1,TwoRobotPourKettle,0.0,0.0821561101824045,10,20260512_142738,TwoRobotPourKettle
va,act,videomae_large,act / videomae_large,30,unseen,L2_TwoRobotPourKettle-v1,L2,TwoRobotPourKettle,0.0,0.0044798612594604,10,20260512_143416,TwoRobotPourKettle
va,act,videomae_large,act / videomae_large,30,unseen,L3_TwoRobotPourKettle-v1,L3,TwoRobotPourKettle,0.0,0.0417162658646702,10,20260512_144042,TwoRobotPourKettle
va,act,videomae_large,act / videomae_large,30,unseen,L0_TwoRobotPickFood-v1,L0,TwoRobotPickFood,0.0,0.2332807600498199,10,20260512_144923,TwoRobotPickFood
va,act,videomae_large,act / videomae_large,30,unseen,L1_TwoRobotPickFood-v1,L1,TwoRobotPickFood,0.0,0.1304622367024421,10,20260512_145736,TwoRobotPickFood
va,act,videomae_large,act / videomae_large,30,unseen,L2_TwoRobotPickFood-v1,L2,TwoRobotPickFood,0.0,0.0019107371568679,10,20260512_150553,TwoRobotPickFood
va,act,videomae_large,act / videomae_large,30,unseen,L3_TwoRobotPickFood-v1,L3,TwoRobotPickFood,0.0,0.2676020860671997,10,20260512_151316,TwoRobotPickFood
va,act,videomae_large,act / videomae_large,30,unseen,L0_TwoRobotFoldBox-v1,L0,TwoRobotFoldBox,0.0,0.0055315659614279,10,20260512_151645,TwoRobotFoldBox
va,act,videomae_large,act / videomae_large,30,unseen,L1_TwoRobotFoldBox-v1,L1,TwoRobotFoldBox,0.9,0.7829135179519653,10,20260512_152002,TwoRobotFoldBox
va,act,videomae_large,act / videomae_large,30,unseen,L2_TwoRobotFoldBox-v1,L2,TwoRobotFoldBox,0.4,0.418141152523458,10,20260512_152319,TwoRobotFoldBox
va,act,videomae_large,act / videomae_large,30,unseen,L3_TwoRobotFoldBox-v1,L3,TwoRobotFoldBox,0.0,0.0474528234452009,10,20260512_152641,TwoRobotFoldBox
va,act,videomae_large,act / videomae_large,30,unseen_finetune,L1_TwoRobotScanMilkBox-v1,L1,TwoRobotScanMilkBox,1.0,1.0,10,20260510_235730,TwoRobotScanMilkBox
va,act,videomae_large,act / videomae_large,30,unseen_finetune,L2_TwoRobotScanMilkBox-v1,L2,TwoRobotScanMilkBox,1.0,1.0,10,20260511_000907,TwoRobotScanMilkBox
va,act,videomae_large,act / videomae_large,30,unseen_finetune,L3_TwoRobotScanMilkBox-v1,L3,TwoRobotScanMilkBox,1.0,1.0,10,20260511_001843,TwoRobotScanMilkBox
va,act,videomae_large,act / videomae_large,30,unseen_finetune,L0_TwoRobotPourKettle-v1,L0,TwoRobotPourKettle,1.0,1.0,10,20260511_002632,TwoRobotPourKettle
va,act,videomae_large,act / videomae_large,30,unseen_finetune,L1_TwoRobotPourKettle-v1,L1,TwoRobotPourKettle,0.6,0.6234881598502398,10,20260511_003411,TwoRobotPourKettle
va,act,videomae_large,act / videomae_large,30,unseen_finetune,L2_TwoRobotPourKettle-v1,L2,TwoRobotPourKettle,0.0,0.0114962142892181,10,20260511_004147,TwoRobotPourKettle
va,act,videomae_large,act / videomae_large,30,unseen_finetune,L3_TwoRobotPourKettle-v1,L3,TwoRobotPourKettle,1.0,1.0,10,20260511_004843,TwoRobotPourKettle
va,act,videomae_large,act / videomae_large,30,unseen_finetune,L0_TwoRobotPickFood-v1,L0,TwoRobotPickFood,0.8,0.938979870080948,10,20260511_005642,TwoRobotPickFood
va,act,videomae_large,act / videomae_large,30,unseen_finetune,L1_TwoRobotPickFood-v1,L1,TwoRobotPickFood,0.8,0.9368838727474212,10,20260511_010326,TwoRobotPickFood
va,act,videomae_large,act / videomae_large,30,unseen_finetune,L2_TwoRobotPickFood-v1,L2,TwoRobotPickFood,0.0,0.5653909087181092,10,20260511_010951,TwoRobotPickFood
va,act,videomae_large,act / videomae_large,30,unseen_finetune,L3_TwoRobotPickFood-v1,L3,TwoRobotPickFood,0.7,0.9177187860012056,10,20260511_011629,TwoRobotPickFood
va,act,videomae_large,act / videomae_large,30,unseen_finetune,L0_TwoRobotFoldBox-v1,L0,TwoRobotFoldBox,1.0,1.0,10,20260511_012036,TwoRobotFoldBox
va,act,videomae_large,act / videomae_large,30,unseen_finetune,L1_TwoRobotFoldBox-v1,L1,TwoRobotFoldBox,1.0,1.0,10,20260511_012507,TwoRobotFoldBox
va,act,videomae_large,act / videomae_large,30,unseen_finetune,L2_TwoRobotFoldBox-v1,L2,TwoRobotFoldBox,1.0,1.0,10,20260511_013000,TwoRobotFoldBox
va,act,videomae_large,act / videomae_large,30,unseen_finetune,L3_TwoRobotFoldBox-v1,L3,TwoRobotFoldBox,1.0,1.0,10,20260511_013500,TwoRobotFoldBox
va,act,videomae_large,act / videomae_large,30,unseen_finetune,L0_TwoRobotPickRemoteControl-v1,L0,TwoRobotPickRemoteControl,1.0,1.0,10,20260510_222249,TwoRobotPickRemoteControl
va,act,videomae_large,act / videomae_large,30,unseen_finetune,L1_TwoRobotPickRemoteControl-v1,L1,TwoRobotPickRemoteControl,1.0,1.0,10,20260510_224518,TwoRobotPickRemoteControl
va,act,videomae_large,act / videomae_large,30,unseen_finetune,L2_TwoRobotPickRemoteControl-v1,L2,TwoRobotPickRemoteControl,1.0,1.0,10,20260510_230645,TwoRobotPickRemoteControl
va,act,videomae_large,act / videomae_large,30,unseen_finetune,L3_TwoRobotPickRemoteControl-v1,L3,TwoRobotPickRemoteControl,0.7,0.7663944445550441,10,20260510_232552,TwoRobotPickRemoteControl
va,act,videomae_large,act / videomae_large,30,unseen_finetune,L0_TwoRobotScanMilkBox-v1,L0,TwoRobotScanMilkBox,1.0,1.0,10,20260510_233653,TwoRobotScanMilkBox
va,act,videomae_large,act / videomae_large,30,unseen_scratch,L0_TwoRobotPickRemoteControl-v1,L0,TwoRobotPickRemoteControl,1.0,1.0,10,20260515_000131,TwoRobotPickRemoteControl
va,act,videomae_large,act / videomae_large,30,unseen_scratch,L1_TwoRobotPickRemoteControl-v1,L1,TwoRobotPickRemoteControl,1.0,1.0,10,20260515_001446,TwoRobotPickRemoteControl
va,act,videomae_large,act / videomae_large,30,unseen_scratch,L2_TwoRobotPickRemoteControl-v1,L2,TwoRobotPickRemoteControl,1.0,1.0,10,20260515_002551,TwoRobotPickRemoteControl
va,act,videomae_large,act / videomae_large,30,unseen_scratch,L3_TwoRobotPickRemoteControl-v1,L3,TwoRobotPickRemoteControl,0.9,1.0,10,20260515_003355,TwoRobotPickRemoteControl
va,act,videomae_large,act / videomae_large,30,unseen_scratch,L0_TwoRobotScanMilkBox-v1,L0,TwoRobotScanMilkBox,0.7,0.8955704927444458,10,20260515_004224,TwoRobotScanMilkBox
va,act,videomae_large,act / videomae_large,30,unseen_scratch,L1_TwoRobotScanMilkBox-v1,L1,TwoRobotScanMilkBox,1.0,1.0,10,20260515_005120,TwoRobotScanMilkBox
va,act,videomae_large,act / videomae_large,30,unseen_scratch,L2_TwoRobotScanMilkBox-v1,L2,TwoRobotScanMilkBox,0.6,0.68633401542902,10,20260515_005918,TwoRobotScanMilkBox
va,act,videomae_large,act / videomae_large,30,unseen_scratch,L3_TwoRobotScanMilkBox-v1,L3,TwoRobotScanMilkBox,1.0,1.0,10,20260515_010558,TwoRobotScanMilkBox
va,act,videomae_large,act / videomae_large,30,unseen_scratch,L0_TwoRobotPourKettle-v1,L0,TwoRobotPourKettle,1.0,1.0,10,20260515_011110,TwoRobotPourKettle
va,act,videomae_large,act / videomae_large,30,unseen_scratch,L1_TwoRobotPourKettle-v1,L1,TwoRobotPourKettle,0.4,0.4364074941724539,10,20260515_011614,TwoRobotPourKettle
va,act,videomae_large,act / videomae_large,30,unseen_scratch,L2_TwoRobotPourKettle-v1,L2,TwoRobotPourKettle,0.0,0.0056637049652636,10,20260515_012120,TwoRobotPourKettle
va,act,videomae_large,act / videomae_large,30,unseen_scratch,L3_TwoRobotPourKettle-v1,L3,TwoRobotPourKettle,0.9,0.9330160170793532,10,20260515_012646,TwoRobotPourKettle
va,act,videomae_large,act / videomae_large,30,unseen_scratch,L0_TwoRobotPickFood-v1,L0,TwoRobotPickFood,0.7,0.9082112312316896,10,20260515_013342,TwoRobotPickFood
va,act,videomae_large,act / videomae_large,30,unseen_scratch,L1_TwoRobotPickFood-v1,L1,TwoRobotPickFood,0.4,0.6288698971271515,10,20260515_013949,TwoRobotPickFood
va,act,videomae_large,act / videomae_large,30,unseen_scratch,L2_TwoRobotPickFood-v1,L2,TwoRobotPickFood,0.0,0.7581702649593354,10,20260515_014525,TwoRobotPickFood
va,act,videomae_large,act / videomae_large,30,unseen_scratch,L3_TwoRobotPickFood-v1,L3,TwoRobotPickFood,0.9,0.9688345432281494,10,20260515_015135,TwoRobotPickFood
va,act,videomae_large,act / videomae_large,30,unseen_scratch,L0_TwoRobotFoldBox-v1,L0,TwoRobotFoldBox,1.0,1.0,10,20260515_015501,TwoRobotFoldBox
va,act,videomae_large,act / videomae_large,30,unseen_scratch,L1_TwoRobotFoldBox-v1,L1,TwoRobotFoldBox,1.0,1.0,10,20260515_015828,TwoRobotFoldBox
va,act,videomae_large,act / videomae_large,30,unseen_scratch,L2_TwoRobotFoldBox-v1,L2,TwoRobotFoldBox,1.0,1.0,10,20260515_020139,TwoRobotFoldBox
va,act,videomae_large,act / videomae_large,30,unseen_scratch,L3_TwoRobotFoldBox-v1,L3,TwoRobotFoldBox,1.0,1.0,10,20260515_020416,TwoRobotFoldBox
va,act,videomae_large,act / videomae_large,45,seen,L0_TwoRobotStirSpoon-v1,L0,TwoRobotStirSpoon,0.5,0.7965619921684265,10,20260510_132053,TwoRobotStirSpoon
va,act,videomae_large,act / videomae_large,45,seen,L1_TwoRobotStirSpoon-v1,L1,TwoRobotStirSpoon,0.4,0.852398119866848,10,20260510_133240,TwoRobotStirSpoon
va,act,videomae_large,act / videomae_large,45,seen,L2_TwoRobotStirSpoon-v1,L2,TwoRobotStirSpoon,0.2,0.8480164647102356,10,20260510_134405,TwoRobotStirSpoon
va,act,videomae_large,act / videomae_large,45,seen,L3_TwoRobotStirSpoon-v1,L3,TwoRobotStirSpoon,0.2,0.367752593755722,10,20260510_135451,TwoRobotStirSpoon
va,act,videomae_large,act / videomae_large,45,seen,L0_TwoRobotPlacePlateRack-v1,L0,TwoRobotPlacePlateRack,0.8,0.862258392572403,10,20260510_142456,TwoRobotPlacePlateRack
va,act,videomae_large,act / videomae_large,45,seen,L1_TwoRobotPlacePlateRack-v1,L1,TwoRobotPlacePlateRack,0.8,0.925426271557808,10,20260510_143927,TwoRobotPlacePlateRack
va,act,videomae_large,act / videomae_large,45,seen,L2_TwoRobotPlacePlateRack-v1,L2,TwoRobotPlacePlateRack,0.8,1.0,10,20260510_145324,TwoRobotPlacePlateRack
va,act,videomae_large,act / videomae_large,45,seen,L3_TwoRobotPlacePlateRack-v1,L3,TwoRobotPlacePlateRack,0.7,1.0,10,20260510_150128,TwoRobotPlacePlateRack
va,act,videomae_large,act / videomae_large,45,seen,L0_TwoRobotPlaceFileFolder-v1,L0,TwoRobotPlaceFileFolder,0.3,0.6784607648849488,10,20260510_150853,TwoRobotPlaceFileFolder
va,act,videomae_large,act / videomae_large,45,seen,L1_TwoRobotPlaceFileFolder-v1,L1,TwoRobotPlaceFileFolder,0.0,0.558614456653595,10,20260510_151615,TwoRobotPlaceFileFolder
va,act,videomae_large,act / videomae_large,45,seen,L2_TwoRobotPlaceFileFolder-v1,L2,TwoRobotPlaceFileFolder,0.1,0.3169089630246162,10,20260510_152325,TwoRobotPlaceFileFolder
va,act,videomae_large,act / videomae_large,45,seen,L3_TwoRobotPlaceFileFolder-v1,L3,TwoRobotPlaceFileFolder,0.8,0.8960918128490448,10,20260510_152900,TwoRobotPlaceFileFolder
va,act,videomae_large,act / videomae_large,45,seen,L0_TwoRobotFoldTowel-v1,L0,TwoRobotFoldTowel,1.0,1.0,10,20260510_154245,TwoRobotFoldTowel
va,act,videomae_large,act / videomae_large,45,seen,L1_TwoRobotFoldTowel-v1,L1,TwoRobotFoldTowel,1.0,1.0,10,20260510_155633,TwoRobotFoldTowel
va,act,videomae_large,act / videomae_large,45,seen,L2_TwoRobotFoldTowel-v1,L2,TwoRobotFoldTowel,0.9,0.9352566570043565,10,20260510_161025,TwoRobotFoldTowel
va,act,videomae_large,act / videomae_large,45,seen,L3_TwoRobotFoldTowel-v1,L3,TwoRobotFoldTowel,1.0,1.0,10,20260510_162343,TwoRobotFoldTowel
va,act,videomae_large,act / videomae_large,45,seen,L0_TwoRobotPlaceMugRack-v1,L0,TwoRobotPlaceMugRack,1.0,1.0,10,20260510_162911,TwoRobotPlaceMugRack
va,act,videomae_large,act / videomae_large,45,seen,L1_TwoRobotPlaceMugRack-v1,L1,TwoRobotPlaceMugRack,1.0,1.0,10,20260510_163424,TwoRobotPlaceMugRack
va,act,videomae_large,act / videomae_large,45,seen,L2_TwoRobotPlaceMugRack-v1,L2,TwoRobotPlaceMugRack,0.9,0.9928611040115356,10,20260510_163941,TwoRobotPlaceMugRack
va,act,videomae_large,act / videomae_large,45,seen,L3_TwoRobotPlaceMugRack-v1,L3,TwoRobotPlaceMugRack,1.0,1.0,10,20260510_164347,TwoRobotPlaceMugRack
va,act,videomae_large,act / videomae_large,45,unseen,L0_TwoRobotPickRemoteControl-v1,L0,TwoRobotPickRemoteControl,0.0,0.0705047400668263,10,20260510_193510,TwoRobotPickRemoteControl
va,act,videomae_large,act / videomae_large,45,unseen,L1_TwoRobotPickRemoteControl-v1,L1,TwoRobotPickRemoteControl,0.0,0.0541805285960435,10,20260510_194243,TwoRobotPickRemoteControl
va,act,videomae_large,act / videomae_large,45,unseen,L2_TwoRobotPickRemoteControl-v1,L2,TwoRobotPickRemoteControl,0.0,0.0078998470678925,10,20260510_195020,TwoRobotPickRemoteControl
va,act,videomae_large,act / videomae_large,45,unseen,L3_TwoRobotPickRemoteControl-v1,L3,TwoRobotPickRemoteControl,0.0,0.1750752955675125,10,20260510_195725,TwoRobotPickRemoteControl
va,act,videomae_large,act / videomae_large,45,unseen,L0_TwoRobotScanMilkBox-v1,L0,TwoRobotScanMilkBox,0.1,0.6331188678741455,10,20260510_200624,TwoRobotScanMilkBox
va,act,videomae_large,act / videomae_large,45,unseen,L1_TwoRobotScanMilkBox-v1,L1,TwoRobotScanMilkBox,0.0,0.1966385185718536,10,20260510_201542,TwoRobotScanMilkBox
va,act,videomae_large,act / videomae_large,45,unseen,L2_TwoRobotScanMilkBox-v1,L2,TwoRobotScanMilkBox,0.0,0.1077776841819286,10,20260510_202154,TwoRobotScanMilkBox
va,act,videomae_large,act / videomae_large,45,unseen,L3_TwoRobotScanMilkBox-v1,L3,TwoRobotScanMilkBox,0.0,0.1566383451223373,10,20260510_202814,TwoRobotScanMilkBox
va,act,videomae_large,act / videomae_large,45,unseen,L0_TwoRobotPourKettle-v1,L0,TwoRobotPourKettle,0.0,0.1369104124605655,10,20260510_203350,TwoRobotPourKettle
va,act,videomae_large,act / videomae_large,45,unseen,L1_TwoRobotPourKettle-v1,L1,TwoRobotPourKettle,0.0,0.1887246698141098,10,20260510_203923,TwoRobotPourKettle
va,act,videomae_large,act / videomae_large,45,unseen,L2_TwoRobotPourKettle-v1,L2,TwoRobotPourKettle,0.0,0.0047632415313273,10,20260510_204337,TwoRobotPourKettle
va,act,videomae_large,act / videomae_large,45,unseen,L3_TwoRobotPourKettle-v1,L3,TwoRobotPourKettle,0.0,0.1175154785625636,10,20260510_204651,TwoRobotPourKettle
va,act,videomae_large,act / videomae_large,45,unseen,L0_TwoRobotPickFood-v1,L0,TwoRobotPickFood,0.0,0.2008827432990074,10,20260510_205125,TwoRobotPickFood
va,act,videomae_large,act / videomae_large,45,unseen,L1_TwoRobotPickFood-v1,L1,TwoRobotPickFood,0.0,0.1325890347361564,10,20260510_205556,TwoRobotPickFood
va,act,videomae_large,act / videomae_large,45,unseen,L2_TwoRobotPickFood-v1,L2,TwoRobotPickFood,0.0,0.0042957812547683,10,20260510_210025,TwoRobotPickFood
va,act,videomae_large,act / videomae_large,45,unseen,L3_TwoRobotPickFood-v1,L3,TwoRobotPickFood,0.0,0.2598038837313652,10,20260510_210459,TwoRobotPickFood
va,act,videomae_large,act / videomae_large,45,unseen,L0_TwoRobotFoldBox-v1,L0,TwoRobotFoldBox,0.1,0.104723504697904,10,20260510_210723,TwoRobotFoldBox
va,act,videomae_large,act / videomae_large,45,unseen,L1_TwoRobotFoldBox-v1,L1,TwoRobotFoldBox,0.0,0.0199819883331656,10,20260510_210947,TwoRobotFoldBox
va,act,videomae_large,act / videomae_large,45,unseen,L2_TwoRobotFoldBox-v1,L2,TwoRobotFoldBox,0.0,0.0162630762904882,10,20260510_211214,TwoRobotFoldBox
va,act,videomae_large,act / videomae_large,45,unseen,L3_TwoRobotFoldBox-v1,L3,TwoRobotFoldBox,0.3,0.3230994487181305,10,20260510_211441,TwoRobotFoldBox
va,act,videomae_large,act / videomae_large,45,unseen_finetune,L3_TwoRobotPourKettle-v1,L3,TwoRobotPourKettle,1.0,1.0,10,20260511_062421,TwoRobotPourKettle
va,act,videomae_large,act / videomae_large,45,unseen_finetune,L0_TwoRobotPickFood-v1,L0,TwoRobotPickFood,1.0,1.0,10,20260511_063024,TwoRobotPickFood
va,act,videomae_large,act / videomae_large,45,unseen_finetune,L1_TwoRobotPickFood-v1,L1,TwoRobotPickFood,0.9,0.9719505667686462,10,20260511_063631,TwoRobotPickFood
va,act,videomae_large,act / videomae_large,45,unseen_finetune,L2_TwoRobotPickFood-v1,L2,TwoRobotPickFood,0.1,0.612633666396141,10,20260511_064234,TwoRobotPickFood
va,act,videomae_large,act / videomae_large,45,unseen_finetune,L3_TwoRobotPickFood-v1,L3,TwoRobotPickFood,1.0,1.0,10,20260511_064842,TwoRobotPickFood
va,act,videomae_large,act / videomae_large,45,unseen_finetune,L0_TwoRobotFoldBox-v1,L0,TwoRobotFoldBox,1.0,1.0,10,20260511_065211,TwoRobotFoldBox
va,act,videomae_large,act / videomae_large,45,unseen_finetune,L1_TwoRobotFoldBox-v1,L1,TwoRobotFoldBox,1.0,1.0,10,20260511_065515,TwoRobotFoldBox
va,act,videomae_large,act / videomae_large,45,unseen_finetune,L2_TwoRobotFoldBox-v1,L2,TwoRobotFoldBox,1.0,1.0,10,20260511_065813,TwoRobotFoldBox
va,act,videomae_large,act / videomae_large,45,unseen_finetune,L3_TwoRobotFoldBox-v1,L3,TwoRobotFoldBox,1.0,1.0,10,20260511_070101,TwoRobotFoldBox
va,act,videomae_large,act / videomae_large,45,unseen_finetune,L0_TwoRobotPickRemoteControl-v1,L0,TwoRobotPickRemoteControl,1.0,1.0,10,20260510_235856,TwoRobotPickRemoteControl
va,act,videomae_large,act / videomae_large,45,unseen_finetune,L1_TwoRobotPickRemoteControl-v1,L1,TwoRobotPickRemoteControl,0.9,0.9437351882457732,10,20260511_001345,TwoRobotPickRemoteControl
va,act,videomae_large,act / videomae_large,45,unseen_finetune,L2_TwoRobotPickRemoteControl-v1,L2,TwoRobotPickRemoteControl,1.0,1.0,10,20260511_002851,TwoRobotPickRemoteControl
va,act,videomae_large,act / videomae_large,45,unseen_finetune,L3_TwoRobotPickRemoteControl-v1,L3,TwoRobotPickRemoteControl,0.6,0.6347268842160702,10,20260511_004410,TwoRobotPickRemoteControl
va,act,videomae_large,act / videomae_large,45,unseen_finetune,L0_TwoRobotScanMilkBox-v1,L0,TwoRobotScanMilkBox,0.7,0.9049499213695528,10,20260511_005554,TwoRobotScanMilkBox
va,act,videomae_large,act / videomae_large,45,unseen_finetune,L1_TwoRobotScanMilkBox-v1,L1,TwoRobotScanMilkBox,0.9,0.9668638050556184,10,20260511_010533,TwoRobotScanMilkBox
va,act,videomae_large,act / videomae_large,45,unseen_finetune,L2_TwoRobotScanMilkBox-v1,L2,TwoRobotScanMilkBox,0.8,0.8464629575610161,10,20260511_011353,TwoRobotScanMilkBox
va,act,videomae_large,act / videomae_large,45,unseen_finetune,L3_TwoRobotScanMilkBox-v1,L3,TwoRobotScanMilkBox,1.0,1.0,10,20260511_012056,TwoRobotScanMilkBox
va,act,videomae_large,act / videomae_large,45,unseen_finetune,L0_TwoRobotPourKettle-v1,L0,TwoRobotPourKettle,1.0,1.0,10,20260511_012655,TwoRobotPourKettle
va,act,videomae_large,act / videomae_large,45,unseen_finetune,L1_TwoRobotPourKettle-v1,L1,TwoRobotPourKettle,0.5,0.5281395278871059,10,20260511_013313,TwoRobotPourKettle
va,act,videomae_large,act / videomae_large,45,unseen_finetune,L2_TwoRobotPourKettle-v1,L2,TwoRobotPourKettle,0.0,0.0112120827659964,10,20260511_013857,TwoRobotPourKettle
va,act,videomae_large,act / videomae_large,45,unseen_scratch,L0_TwoRobotPickRemoteControl-v1,L0,TwoRobotPickRemoteControl,1.0,1.0,10,20260515_030529,TwoRobotPickRemoteControl
va,act,videomae_large,act / videomae_large,45,unseen_scratch,L1_TwoRobotPickRemoteControl-v1,L1,TwoRobotPickRemoteControl,0.3,0.6053984254598618,10,20260515_031437,TwoRobotPickRemoteControl
va,act,videomae_large,act / videomae_large,45,unseen_scratch,L2_TwoRobotPickRemoteControl-v1,L2,TwoRobotPickRemoteControl,1.0,1.0,10,20260515_032331,TwoRobotPickRemoteControl
va,act,videomae_large,act / videomae_large,45,unseen_scratch,L3_TwoRobotPickRemoteControl-v1,L3,TwoRobotPickRemoteControl,0.7,0.8952111721038818,10,20260515_033212,TwoRobotPickRemoteControl
va,act,videomae_large,act / videomae_large,45,unseen_scratch,L0_TwoRobotScanMilkBox-v1,L0,TwoRobotScanMilkBox,1.0,1.0,10,20260515_034017,TwoRobotScanMilkBox
va,act,videomae_large,act / videomae_large,45,unseen_scratch,L1_TwoRobotScanMilkBox-v1,L1,TwoRobotScanMilkBox,0.6,0.8675476312637329,10,20260515_034807,TwoRobotScanMilkBox
va,act,videomae_large,act / videomae_large,45,unseen_scratch,L2_TwoRobotScanMilkBox-v1,L2,TwoRobotScanMilkBox,0.7,0.7663632839918136,10,20260515_035507,TwoRobotScanMilkBox
va,act,videomae_large,act / videomae_large,45,unseen_scratch,L3_TwoRobotScanMilkBox-v1,L3,TwoRobotScanMilkBox,1.0,1.0,10,20260515_040035,TwoRobotScanMilkBox
va,act,videomae_large,act / videomae_large,45,unseen_scratch,L1_TwoRobotPourKettle-v1,L1,TwoRobotPourKettle,0.3,0.471361031383276,10,20260515_040437,TwoRobotPourKettle
va,act,videomae_large,act / videomae_large,45,unseen_scratch,L2_TwoRobotPourKettle-v1,L2,TwoRobotPourKettle,0.0,0.0097308951895684,10,20260515_040836,TwoRobotPourKettle
va,act,videomae_large,act / videomae_large,45,unseen_scratch,L3_TwoRobotPourKettle-v1,L3,TwoRobotPourKettle,0.9,0.9293922513723374,10,20260515_041232,TwoRobotPourKettle
va,act,videomae_large,act / videomae_large,45,unseen_scratch,L0_TwoRobotPickFood-v1,L0,TwoRobotPickFood,0.6,0.8413812756538391,10,20260515_041744,TwoRobotPickFood
va,act,videomae_large,act / videomae_large,45,unseen_scratch,L1_TwoRobotPickFood-v1,L1,TwoRobotPickFood,0.4,0.8332927286624908,10,20260515_042258,TwoRobotPickFood
va,act,videomae_large,act / videomae_large,45,unseen_scratch,L2_TwoRobotPickFood-v1,L2,TwoRobotPickFood,0.2,0.6131928980350494,10,20260515_042804,TwoRobotPickFood
va,act,videomae_large,act / videomae_large,45,unseen_scratch,L3_TwoRobotPickFood-v1,L3,TwoRobotPickFood,0.5,0.7006773769855499,10,20260515_043309,TwoRobotPickFood
va,act,videomae_large,act / videomae_large,45,unseen_scratch,L0_TwoRobotFoldBox-v1,L0,TwoRobotFoldBox,1.0,1.0,10,20260515_043553,TwoRobotFoldBox
va,act,videomae_large,act / videomae_large,45,unseen_scratch,L1_TwoRobotFoldBox-v1,L1,TwoRobotFoldBox,1.0,1.0,10,20260515_043837,TwoRobotFoldBox
va,act,videomae_large,act / videomae_large,45,unseen_scratch,L2_TwoRobotFoldBox-v1,L2,TwoRobotFoldBox,1.0,1.0,10,20260515_044125,TwoRobotFoldBox
va,act,videomae_large,act / videomae_large,45,unseen_scratch,L3_TwoRobotFoldBox-v1,L3,TwoRobotFoldBox,1.0,1.0,10,20260515_044411,TwoRobotFoldBox
va,act,videomae_large,act / videomae_large,45,unseen_scratch,L0_TwoRobotPourKettle-v1,L0,TwoRobotPourKettle,1.0,1.0,10,20260514_204035,TwoRobotPourKettle
va,dp,dinov2_vitl14,dp / dinov2_vitl14,15,seen,L0_TwoRobotStirSpoon-v1,L0,TwoRobotStirSpoon,0.2,0.6270966425538063,10,20260509_131737,TwoRobotStirSpoon
va,dp,dinov2_vitl14,dp / dinov2_vitl14,15,seen,L0_TwoRobotPlacePlateRack-v1,L0,TwoRobotPlacePlateRack,0.8,0.9355013072490692,10,20260509_133658,TwoRobotPlacePlateRack
va,dp,dinov2_vitl14,dp / dinov2_vitl14,15,seen,L0_TwoRobotPlaceFileFolder-v1,L0,TwoRobotPlaceFileFolder,0.8,0.9142652094364166,10,20260509_134600,TwoRobotPlaceFileFolder
va,dp,dinov2_vitl14,dp / dinov2_vitl14,15,seen,L0_TwoRobotFoldTowel-v1,L0,TwoRobotFoldTowel,0.9,0.9700664818286896,10,20260509_135938,TwoRobotFoldTowel
va,dp,dinov2_vitl14,dp / dinov2_vitl14,15,seen,L0_TwoRobotPlaceMugRack-v1,L0,TwoRobotPlaceMugRack,0.8,0.9927921652793884,10,20260509_140646,TwoRobotPlaceMugRack
va,dp,dinov2_vitl14,dp / dinov2_vitl14,15,seen,L1_TwoRobotStirSpoon-v1,L1,TwoRobotStirSpoon,0.1,0.5769474521279335,10,20260509_131800,TwoRobotStirSpoon
va,dp,dinov2_vitl14,dp / dinov2_vitl14,15,seen,L1_TwoRobotPlacePlateRack-v1,L1,TwoRobotPlacePlateRack,0.6,0.6962917447090149,10,20260509_133721,TwoRobotPlacePlateRack
va,dp,dinov2_vitl14,dp / dinov2_vitl14,15,seen,L1_TwoRobotPlaceFileFolder-v1,L1,TwoRobotPlaceFileFolder,0.9,0.9480938524007796,10,20260509_134655,TwoRobotPlaceFileFolder
va,dp,dinov2_vitl14,dp / dinov2_vitl14,15,seen,L1_TwoRobotFoldTowel-v1,L1,TwoRobotFoldTowel,0.7,0.88533084243536,10,20260509_140116,TwoRobotFoldTowel
va,dp,dinov2_vitl14,dp / dinov2_vitl14,15,seen,L1_TwoRobotPlaceMugRack-v1,L1,TwoRobotPlaceMugRack,1.0,1.0,10,20260509_140753,TwoRobotPlaceMugRack
va,dp,dinov2_vitl14,dp / dinov2_vitl14,15,seen,L2_TwoRobotStirSpoon-v1,L2,TwoRobotStirSpoon,0.5,0.9049217879772188,10,20260509_131803,TwoRobotStirSpoon
va,dp,dinov2_vitl14,dp / dinov2_vitl14,15,seen,L2_TwoRobotPlacePlateRack-v1,L2,TwoRobotPlacePlateRack,0.3,0.5698495119810104,10,20260509_133631,TwoRobotPlacePlateRack
va,dp,dinov2_vitl14,dp / dinov2_vitl14,15,seen,L2_TwoRobotPlaceFileFolder-v1,L2,TwoRobotPlaceFileFolder,0.6,0.692325784265995,10,20260509_134601,TwoRobotPlaceFileFolder
va,dp,dinov2_vitl14,dp / dinov2_vitl14,15,seen,L2_TwoRobotFoldTowel-v1,L2,TwoRobotFoldTowel,0.3,0.6307484388351441,10,20260509_140209,TwoRobotFoldTowel
va,dp,dinov2_vitl14,dp / dinov2_vitl14,15,seen,L2_TwoRobotPlaceMugRack-v1,L2,TwoRobotPlaceMugRack,0.8,0.9607165396213532,10,20260509_141006,TwoRobotPlaceMugRack
va,dp,dinov2_vitl14,dp / dinov2_vitl14,15,seen,L3_TwoRobotStirSpoon-v1,L3,TwoRobotStirSpoon,0.2,0.5232165157794952,10,20260509_131750,TwoRobotStirSpoon
va,dp,dinov2_vitl14,dp / dinov2_vitl14,15,seen,L3_TwoRobotPlacePlateRack-v1,L3,TwoRobotPlacePlateRack,0.8,0.8667227685451507,10,20260509_132645,TwoRobotPlacePlateRack
va,dp,dinov2_vitl14,dp / dinov2_vitl14,15,seen,L3_TwoRobotPlaceFileFolder-v1,L3,TwoRobotPlaceFileFolder,0.9,0.9382685959339142,10,20260509_133359,TwoRobotPlaceFileFolder
va,dp,dinov2_vitl14,dp / dinov2_vitl14,15,seen,L3_TwoRobotFoldTowel-v1,L3,TwoRobotFoldTowel,1.0,1.0,10,20260509_135214,TwoRobotFoldTowel
va,dp,dinov2_vitl14,dp / dinov2_vitl14,15,seen,L3_TwoRobotPlaceMugRack-v1,L3,TwoRobotPlaceMugRack,0.8,1.0,10,20260509_135840,TwoRobotPlaceMugRack
va,dp,dinov2_vitl14,dp / dinov2_vitl14,15,unseen,L3_TwoRobotPourKettle-v1,L3,TwoRobotPourKettle,0.0,0.1029760472476482,10,20260512_180912,TwoRobotPourKettle
va,dp,dinov2_vitl14,dp / dinov2_vitl14,15,unseen,L0_TwoRobotPickFood-v1,L0,TwoRobotPickFood,0.0,0.1590722113847732,10,20260512_181547,TwoRobotPickFood
va,dp,dinov2_vitl14,dp / dinov2_vitl14,15,unseen,L1_TwoRobotPickFood-v1,L1,TwoRobotPickFood,0.0,0.1358604460954666,10,20260512_182258,TwoRobotPickFood
va,dp,dinov2_vitl14,dp / dinov2_vitl14,15,unseen,L2_TwoRobotPickFood-v1,L2,TwoRobotPickFood,0.0,0.0067018613219261,10,20260512_183011,TwoRobotPickFood
va,dp,dinov2_vitl14,dp / dinov2_vitl14,15,unseen,L3_TwoRobotPickFood-v1,L3,TwoRobotPickFood,0.0,0.17281304448843,10,20260512_183454,TwoRobotPickFood
va,dp,dinov2_vitl14,dp / dinov2_vitl14,15,unseen,L0_TwoRobotFoldBox-v1,L0,TwoRobotFoldBox,0.9,0.9002231163205578,10,20260512_183727,TwoRobotFoldBox
va,dp,dinov2_vitl14,dp / dinov2_vitl14,15,unseen,L1_TwoRobotFoldBox-v1,L1,TwoRobotFoldBox,0.8,1.0,10,20260512_183959,TwoRobotFoldBox
va,dp,dinov2_vitl14,dp / dinov2_vitl14,15,unseen,L2_TwoRobotFoldBox-v1,L2,TwoRobotFoldBox,0.0,0.1048589178360998,10,20260512_184238,TwoRobotFoldBox
va,dp,dinov2_vitl14,dp / dinov2_vitl14,15,unseen,L3_TwoRobotFoldBox-v1,L3,TwoRobotFoldBox,0.0,0.0189915917813777,10,20260512_184516,TwoRobotFoldBox
va,dp,dinov2_vitl14,dp / dinov2_vitl14,15,unseen,L0_TwoRobotPickRemoteControl-v1,L0,TwoRobotPickRemoteControl,0.0,0.2372296765446662,10,20260512_123649,TwoRobotPickRemoteControl
va,dp,dinov2_vitl14,dp / dinov2_vitl14,15,unseen,L1_TwoRobotPickRemoteControl-v1,L1,TwoRobotPickRemoteControl,0.0,0.175348949432373,10,20260512_124648,TwoRobotPickRemoteControl
va,dp,dinov2_vitl14,dp / dinov2_vitl14,15,unseen,L2_TwoRobotPickRemoteControl-v1,L2,TwoRobotPickRemoteControl,0.0,0.007764196395874,10,20260512_125723,TwoRobotPickRemoteControl
va,dp,dinov2_vitl14,dp / dinov2_vitl14,15,unseen,L3_TwoRobotPickRemoteControl-v1,L3,TwoRobotPickRemoteControl,0.0,0.3560563758015632,10,20260512_130600,TwoRobotPickRemoteControl
va,dp,dinov2_vitl14,dp / dinov2_vitl14,15,unseen,L0_TwoRobotScanMilkBox-v1,L0,TwoRobotScanMilkBox,0.0,0.2707817494869232,10,20260512_131512,TwoRobotScanMilkBox
va,dp,dinov2_vitl14,dp / dinov2_vitl14,15,unseen,L1_TwoRobotScanMilkBox-v1,L1,TwoRobotScanMilkBox,0.0,0.236715318262577,10,20260512_132445,TwoRobotScanMilkBox
va,dp,dinov2_vitl14,dp / dinov2_vitl14,15,unseen,L2_TwoRobotScanMilkBox-v1,L2,TwoRobotScanMilkBox,0.0,0.1171365784481167,10,20260512_133208,TwoRobotScanMilkBox
va,dp,dinov2_vitl14,dp / dinov2_vitl14,15,unseen,L3_TwoRobotScanMilkBox-v1,L3,TwoRobotScanMilkBox,0.0,0.1988603711128234,10,20260512_133811,TwoRobotScanMilkBox
va,dp,dinov2_vitl14,dp / dinov2_vitl14,15,unseen,L0_TwoRobotPourKettle-v1,L0,TwoRobotPourKettle,0.3,0.4028429381549358,10,20260512_134235,TwoRobotPourKettle
va,dp,dinov2_vitl14,dp / dinov2_vitl14,15,unseen,L1_TwoRobotPourKettle-v1,L1,TwoRobotPourKettle,0.0,0.1395690530538559,10,20260512_134703,TwoRobotPourKettle
va,dp,dinov2_vitl14,dp / dinov2_vitl14,15,unseen,L2_TwoRobotPourKettle-v1,L2,TwoRobotPourKettle,0.0,0.0045499403961002,10,20260512_135142,TwoRobotPourKettle
va,dp,dinov2_vitl14,dp / dinov2_vitl14,15,unseen_finetune,L0_TwoRobotPickRemoteControl-v1,L0,TwoRobotPickRemoteControl,0.7,0.826421132683754,10,20260510_235857,TwoRobotPickRemoteControl
va,dp,dinov2_vitl14,dp / dinov2_vitl14,15,unseen_finetune,L1_TwoRobotPickRemoteControl-v1,L1,TwoRobotPickRemoteControl,0.8,0.9570920944213868,10,20260511_001339,TwoRobotPickRemoteControl
va,dp,dinov2_vitl14,dp / dinov2_vitl14,15,unseen_finetune,L2_TwoRobotPickRemoteControl-v1,L2,TwoRobotPickRemoteControl,0.8,0.8016894840635359,10,20260511_002811,TwoRobotPickRemoteControl
va,dp,dinov2_vitl14,dp / dinov2_vitl14,15,unseen_finetune,L3_TwoRobotPickRemoteControl-v1,L3,TwoRobotPickRemoteControl,0.1,0.4309864550828933,10,20260511_004322,TwoRobotPickRemoteControl
va,dp,dinov2_vitl14,dp / dinov2_vitl14,15,unseen_finetune,L0_TwoRobotScanMilkBox-v1,L0,TwoRobotScanMilkBox,0.4,0.7459512770175933,10,20260511_005514,TwoRobotScanMilkBox
va,dp,dinov2_vitl14,dp / dinov2_vitl14,15,unseen_finetune,L1_TwoRobotScanMilkBox-v1,L1,TwoRobotScanMilkBox,0.4,0.7599833518266678,10,20260511_010454,TwoRobotScanMilkBox
va,dp,dinov2_vitl14,dp / dinov2_vitl14,15,unseen_finetune,L2_TwoRobotScanMilkBox-v1,L2,TwoRobotScanMilkBox,0.8,0.8352882981300354,10,20260511_011317,TwoRobotScanMilkBox
va,dp,dinov2_vitl14,dp / dinov2_vitl14,15,unseen_finetune,L3_TwoRobotScanMilkBox-v1,L3,TwoRobotScanMilkBox,0.0,0.3281146794557571,10,20260511_012025,TwoRobotScanMilkBox
va,dp,dinov2_vitl14,dp / dinov2_vitl14,15,unseen_finetune,L0_TwoRobotPourKettle-v1,L0,TwoRobotPourKettle,0.5,0.7477536141872406,10,20260511_012624,TwoRobotPourKettle
va,dp,dinov2_vitl14,dp / dinov2_vitl14,15,unseen_finetune,L1_TwoRobotPourKettle-v1,L1,TwoRobotPourKettle,0.6,0.7862004473805427,10,20260511_013247,TwoRobotPourKettle
va,dp,dinov2_vitl14,dp / dinov2_vitl14,15,unseen_finetune,L2_TwoRobotPourKettle-v1,L2,TwoRobotPourKettle,0.0,0.0077471454627811,10,20260511_013834,TwoRobotPourKettle
va,dp,dinov2_vitl14,dp / dinov2_vitl14,15,unseen_finetune,L3_TwoRobotPourKettle-v1,L3,TwoRobotPourKettle,0.7,0.8519841089844704,10,20260511_014851,TwoRobotPourKettle
va,dp,dinov2_vitl14,dp / dinov2_vitl14,15,unseen_finetune,L0_TwoRobotPickFood-v1,L0,TwoRobotPickFood,0.0,0.6238424241542816,10,20260511_015659,TwoRobotPickFood
va,dp,dinov2_vitl14,dp / dinov2_vitl14,15,unseen_finetune,L1_TwoRobotPickFood-v1,L1,TwoRobotPickFood,0.3,0.7246808677911758,10,20260511_020736,TwoRobotPickFood
va,dp,dinov2_vitl14,dp / dinov2_vitl14,15,unseen_finetune,L2_TwoRobotPickFood-v1,L2,TwoRobotPickFood,0.0,0.3657467991113662,10,20260511_021839,TwoRobotPickFood
va,dp,dinov2_vitl14,dp / dinov2_vitl14,15,unseen_finetune,L3_TwoRobotPickFood-v1,L3,TwoRobotPickFood,0.0,0.5622377276420594,10,20260511_022927,TwoRobotPickFood
va,dp,dinov2_vitl14,dp / dinov2_vitl14,15,unseen_finetune,L0_TwoRobotFoldBox-v1,L0,TwoRobotFoldBox,0.8,0.8060186080634594,10,20260511_023624,TwoRobotFoldBox
va,dp,dinov2_vitl14,dp / dinov2_vitl14,15,unseen_finetune,L1_TwoRobotFoldBox-v1,L1,TwoRobotFoldBox,0.4,0.4331072434782982,10,20260511_024337,TwoRobotFoldBox
va,dp,dinov2_vitl14,dp / dinov2_vitl14,15,unseen_finetune,L2_TwoRobotFoldBox-v1,L2,TwoRobotFoldBox,0.7,0.711302969418466,10,20260511_025041,TwoRobotFoldBox
va,dp,dinov2_vitl14,dp / dinov2_vitl14,15,unseen_finetune,L3_TwoRobotFoldBox-v1,L3,TwoRobotFoldBox,0.7,0.7058072969317436,10,20260511_025706,TwoRobotFoldBox
va,dp,dinov2_vitl14,dp / dinov2_vitl14,15,unseen_scratch,L0_TwoRobotPickRemoteControl-v1,L0,TwoRobotPickRemoteControl,0.3,0.6413045674562454,10,20260514_192134,TwoRobotPickRemoteControl
va,dp,dinov2_vitl14,dp / dinov2_vitl14,15,unseen_scratch,L1_TwoRobotPickRemoteControl-v1,L1,TwoRobotPickRemoteControl,0.4,0.6642977118492126,10,20260514_193414,TwoRobotPickRemoteControl
va,dp,dinov2_vitl14,dp / dinov2_vitl14,15,unseen_scratch,L2_TwoRobotPickRemoteControl-v1,L2,TwoRobotPickRemoteControl,0.0,0.0086098527535796,10,20260514_194647,TwoRobotPickRemoteControl
va,dp,dinov2_vitl14,dp / dinov2_vitl14,15,unseen_scratch,L3_TwoRobotPickRemoteControl-v1,L3,TwoRobotPickRemoteControl,0.2,0.5202495291829109,10,20260514_195915,TwoRobotPickRemoteControl
va,dp,dinov2_vitl14,dp / dinov2_vitl14,15,unseen_scratch,L0_TwoRobotScanMilkBox-v1,L0,TwoRobotScanMilkBox,0.1,0.5697045385837555,10,20260514_200850,TwoRobotScanMilkBox
va,dp,dinov2_vitl14,dp / dinov2_vitl14,15,unseen_scratch,L1_TwoRobotScanMilkBox-v1,L1,TwoRobotScanMilkBox,0.2,0.6859392315149307,10,20260514_201736,TwoRobotScanMilkBox
va,dp,dinov2_vitl14,dp / dinov2_vitl14,15,unseen_scratch,L2_TwoRobotScanMilkBox-v1,L2,TwoRobotScanMilkBox,0.2,0.3508961364626884,10,20260514_202551,TwoRobotScanMilkBox
va,dp,dinov2_vitl14,dp / dinov2_vitl14,15,unseen_scratch,L3_TwoRobotScanMilkBox-v1,L3,TwoRobotScanMilkBox,0.0,0.2945428937673569,10,20260514_203407,TwoRobotScanMilkBox
va,dp,dinov2_vitl14,dp / dinov2_vitl14,15,unseen_scratch,L0_TwoRobotPourKettle-v1,L0,TwoRobotPourKettle,0.1,0.3906643256545067,10,20260514_204122,TwoRobotPourKettle
va,dp,dinov2_vitl14,dp / dinov2_vitl14,15,unseen_scratch,L1_TwoRobotPourKettle-v1,L1,TwoRobotPourKettle,0.4,0.5736935093998909,10,20260514_204749,TwoRobotPourKettle
va,dp,dinov2_vitl14,dp / dinov2_vitl14,15,unseen_scratch,L2_TwoRobotPourKettle-v1,L2,TwoRobotPourKettle,0.0,0.0071704268455505,10,20260514_233706,TwoRobotPourKettle
va,dp,dinov2_vitl14,dp / dinov2_vitl14,15,unseen_scratch,L3_TwoRobotPourKettle-v1,L3,TwoRobotPourKettle,0.0,0.2480142146348953,10,20260514_234605,TwoRobotPourKettle
va,dp,dinov2_vitl14,dp / dinov2_vitl14,15,unseen_scratch,L0_TwoRobotPickFood-v1,L0,TwoRobotPickFood,0.0,0.5321726828813553,10,20260514_235825,TwoRobotPickFood
va,dp,dinov2_vitl14,dp / dinov2_vitl14,15,unseen_scratch,L1_TwoRobotPickFood-v1,L1,TwoRobotPickFood,0.0,0.4787501364946365,10,20260515_022407,TwoRobotPickFood
va,dp,dinov2_vitl14,dp / dinov2_vitl14,15,unseen_scratch,L2_TwoRobotPickFood-v1,L2,TwoRobotPickFood,0.0,0.0738330706954002,10,20260515_023050,TwoRobotPickFood
va,dp,dinov2_vitl14,dp / dinov2_vitl14,15,unseen_scratch,L3_TwoRobotPickFood-v1,L3,TwoRobotPickFood,0.1,0.5514500886201859,10,20260515_023739,TwoRobotPickFood
va,dp,dinov2_vitl14,dp / dinov2_vitl14,15,unseen_scratch,L0_TwoRobotFoldBox-v1,L0,TwoRobotFoldBox,0.4,0.4312228393158875,10,20260515_024150,TwoRobotFoldBox
va,dp,dinov2_vitl14,dp / dinov2_vitl14,15,unseen_scratch,L1_TwoRobotFoldBox-v1,L1,TwoRobotFoldBox,1.0,1.0,10,20260515_024605,TwoRobotFoldBox
va,dp,dinov2_vitl14,dp / dinov2_vitl14,15,unseen_scratch,L2_TwoRobotFoldBox-v1,L2,TwoRobotFoldBox,0.3,0.3050830395892262,10,20260515_025026,TwoRobotFoldBox
va,dp,dinov2_vitl14,dp / dinov2_vitl14,15,unseen_scratch,L3_TwoRobotFoldBox-v1,L3,TwoRobotFoldBox,0.0,0.0563315560109913,10,20260515_025454,TwoRobotFoldBox
va,dp,dinov2_vitl14,dp / dinov2_vitl14,30,seen,L0_TwoRobotStirSpoon-v1,L0,TwoRobotStirSpoon,0.1,0.4748083785176277,10,20260509_172710,TwoRobotStirSpoon
va,dp,dinov2_vitl14,dp / dinov2_vitl14,30,seen,L1_TwoRobotStirSpoon-v1,L1,TwoRobotStirSpoon,0.3,0.7013233602046967,10,20260509_173516,TwoRobotStirSpoon
va,dp,dinov2_vitl14,dp / dinov2_vitl14,30,seen,L2_TwoRobotStirSpoon-v1,L2,TwoRobotStirSpoon,0.3,0.7514643132686615,10,20260509_174313,TwoRobotStirSpoon
va,dp,dinov2_vitl14,dp / dinov2_vitl14,30,seen,L3_TwoRobotStirSpoon-v1,L3,TwoRobotStirSpoon,0.1,0.3630443006753922,10,20260509_175205,TwoRobotStirSpoon
va,dp,dinov2_vitl14,dp / dinov2_vitl14,30,seen,L0_TwoRobotPlacePlateRack-v1,L0,TwoRobotPlacePlateRack,0.9,0.9315100252628328,10,20260509_180448,TwoRobotPlacePlateRack
va,dp,dinov2_vitl14,dp / dinov2_vitl14,30,seen,L1_TwoRobotPlacePlateRack-v1,L1,TwoRobotPlacePlateRack,0.6,0.7154587537050248,10,20260509_181705,TwoRobotPlacePlateRack
va,dp,dinov2_vitl14,dp / dinov2_vitl14,30,seen,L2_TwoRobotPlacePlateRack-v1,L2,TwoRobotPlacePlateRack,0.6,0.78279749751091,10,20260509_182739,TwoRobotPlacePlateRack
va,dp,dinov2_vitl14,dp / dinov2_vitl14,30,seen,L3_TwoRobotPlacePlateRack-v1,L3,TwoRobotPlacePlateRack,0.8,0.8679358750581742,10,20260509_183420,TwoRobotPlacePlateRack
va,dp,dinov2_vitl14,dp / dinov2_vitl14,30,seen,L0_TwoRobotPlaceFileFolder-v1,L0,TwoRobotPlaceFileFolder,0.9,0.95732062458992,10,20260509_184049,TwoRobotPlaceFileFolder
va,dp,dinov2_vitl14,dp / dinov2_vitl14,30,seen,L1_TwoRobotPlaceFileFolder-v1,L1,TwoRobotPlaceFileFolder,0.9,0.9532238483428956,10,20260509_184729,TwoRobotPlaceFileFolder
va,dp,dinov2_vitl14,dp / dinov2_vitl14,30,seen,L2_TwoRobotPlaceFileFolder-v1,L2,TwoRobotPlaceFileFolder,0.9,0.9236797600984572,10,20260509_185425,TwoRobotPlaceFileFolder
va,dp,dinov2_vitl14,dp / dinov2_vitl14,30,seen,L3_TwoRobotPlaceFileFolder-v1,L3,TwoRobotPlaceFileFolder,0.8,0.8928374737501145,10,20260509_190105,TwoRobotPlaceFileFolder
va,dp,dinov2_vitl14,dp / dinov2_vitl14,30,seen,L0_TwoRobotFoldTowel-v1,L0,TwoRobotFoldTowel,1.0,1.0,10,20260509_191816,TwoRobotFoldTowel
va,dp,dinov2_vitl14,dp / dinov2_vitl14,30,seen,L1_TwoRobotFoldTowel-v1,L1,TwoRobotFoldTowel,0.7,0.9262498080730438,10,20260509_193503,TwoRobotFoldTowel
va,dp,dinov2_vitl14,dp / dinov2_vitl14,30,seen,L2_TwoRobotFoldTowel-v1,L2,TwoRobotFoldTowel,0.1,0.7777607351541519,10,20260509_195206,TwoRobotFoldTowel
va,dp,dinov2_vitl14,dp / dinov2_vitl14,30,seen,L3_TwoRobotFoldTowel-v1,L3,TwoRobotFoldTowel,0.8,0.9855328381061554,10,20260509_200903,TwoRobotFoldTowel
va,dp,dinov2_vitl14,dp / dinov2_vitl14,30,seen,L0_TwoRobotPlaceMugRack-v1,L0,TwoRobotPlaceMugRack,1.0,1.0,10,20260509_201635,TwoRobotPlaceMugRack
va,dp,dinov2_vitl14,dp / dinov2_vitl14,30,seen,L1_TwoRobotPlaceMugRack-v1,L1,TwoRobotPlaceMugRack,0.9,0.9810660302639008,10,20260509_202404,TwoRobotPlaceMugRack
va,dp,dinov2_vitl14,dp / dinov2_vitl14,30,seen,L2_TwoRobotPlaceMugRack-v1,L2,TwoRobotPlaceMugRack,1.0,1.0,10,20260509_203135,TwoRobotPlaceMugRack
va,dp,dinov2_vitl14,dp / dinov2_vitl14,30,seen,L3_TwoRobotPlaceMugRack-v1,L3,TwoRobotPlaceMugRack,0.9,1.0,10,20260509_203716,TwoRobotPlaceMugRack
va,dp,dinov2_vitl14,dp / dinov2_vitl14,30,unseen,L1_TwoRobotScanMilkBox-v1,L1,TwoRobotScanMilkBox,0.0,0.2470426216721534,10,20260510_142507,TwoRobotScanMilkBox
va,dp,dinov2_vitl14,dp / dinov2_vitl14,30,unseen,L2_TwoRobotScanMilkBox-v1,L2,TwoRobotScanMilkBox,0.0,0.1453426256775856,10,20260510_143806,TwoRobotScanMilkBox
va,dp,dinov2_vitl14,dp / dinov2_vitl14,30,unseen,L3_TwoRobotScanMilkBox-v1,L3,TwoRobotScanMilkBox,0.0,0.2239066883921623,10,20260510_144816,TwoRobotScanMilkBox
va,dp,dinov2_vitl14,dp / dinov2_vitl14,30,unseen,L0_TwoRobotPourKettle-v1,L0,TwoRobotPourKettle,0.0,0.1097512289881706,10,20260510_145627,TwoRobotPourKettle
va,dp,dinov2_vitl14,dp / dinov2_vitl14,30,unseen,L1_TwoRobotPourKettle-v1,L1,TwoRobotPourKettle,0.0,0.0832820639014244,10,20260510_150415,TwoRobotPourKettle
va,dp,dinov2_vitl14,dp / dinov2_vitl14,30,unseen,L2_TwoRobotPourKettle-v1,L2,TwoRobotPourKettle,0.0,0.00442585949786,10,20260510_151210,TwoRobotPourKettle
va,dp,dinov2_vitl14,dp / dinov2_vitl14,30,unseen,L3_TwoRobotPourKettle-v1,L3,TwoRobotPourKettle,0.0,0.0237392264418303,10,20260510_151955,TwoRobotPourKettle
va,dp,dinov2_vitl14,dp / dinov2_vitl14,30,unseen,L0_TwoRobotPickFood-v1,L0,TwoRobotPickFood,0.0,0.1957482784986496,10,20260510_153008,TwoRobotPickFood
va,dp,dinov2_vitl14,dp / dinov2_vitl14,30,unseen,L1_TwoRobotPickFood-v1,L1,TwoRobotPickFood,0.0,0.1303022757172584,10,20260510_154029,TwoRobotPickFood
va,dp,dinov2_vitl14,dp / dinov2_vitl14,30,unseen,L2_TwoRobotPickFood-v1,L2,TwoRobotPickFood,0.0,0.0120015978813171,10,20260510_155055,TwoRobotPickFood
va,dp,dinov2_vitl14,dp / dinov2_vitl14,30,unseen,L3_TwoRobotPickFood-v1,L3,TwoRobotPickFood,0.0,0.2070187509059906,10,20260510_160050,TwoRobotPickFood
va,dp,dinov2_vitl14,dp / dinov2_vitl14,30,unseen,L0_TwoRobotFoldBox-v1,L0,TwoRobotFoldBox,0.5,0.5252161527052521,10,20260510_160647,TwoRobotFoldBox
va,dp,dinov2_vitl14,dp / dinov2_vitl14,30,unseen,L1_TwoRobotFoldBox-v1,L1,TwoRobotFoldBox,0.0,0.0452314531430602,10,20260510_161228,TwoRobotFoldBox
va,dp,dinov2_vitl14,dp / dinov2_vitl14,30,unseen,L2_TwoRobotFoldBox-v1,L2,TwoRobotFoldBox,0.7,0.8034965461120009,10,20260510_161744,TwoRobotFoldBox
va,dp,dinov2_vitl14,dp / dinov2_vitl14,30,unseen,L3_TwoRobotFoldBox-v1,L3,TwoRobotFoldBox,0.0,0.0371554657816886,10,20260510_162259,TwoRobotFoldBox
va,dp,dinov2_vitl14,dp / dinov2_vitl14,30,unseen,L0_TwoRobotPickRemoteControl-v1,L0,TwoRobotPickRemoteControl,0.0,0.1497881010174751,10,20260509_232820,TwoRobotPickRemoteControl
va,dp,dinov2_vitl14,dp / dinov2_vitl14,30,unseen,L1_TwoRobotPickRemoteControl-v1,L1,TwoRobotPickRemoteControl,0.0,0.0976140327751636,10,20260509_233656,TwoRobotPickRemoteControl
va,dp,dinov2_vitl14,dp / dinov2_vitl14,30,unseen,L2_TwoRobotPickRemoteControl-v1,L2,TwoRobotPickRemoteControl,0.0,0.0081171774771064,10,20260509_234417,TwoRobotPickRemoteControl
va,dp,dinov2_vitl14,dp / dinov2_vitl14,30,unseen,L3_TwoRobotPickRemoteControl-v1,L3,TwoRobotPickRemoteControl,0.0,0.257637757062912,10,20260509_235137,TwoRobotPickRemoteControl
va,dp,dinov2_vitl14,dp / dinov2_vitl14,30,unseen,L0_TwoRobotScanMilkBox-v1,L0,TwoRobotScanMilkBox,0.0,0.3394397526979446,10,20260509_235920,TwoRobotScanMilkBox
va,dp,dinov2_vitl14,dp / dinov2_vitl14,30,unseen_finetune,L0_TwoRobotPickRemoteControl-v1,L0,TwoRobotPickRemoteControl,1.0,1.0,10,20260510_222927,TwoRobotPickRemoteControl
va,dp,dinov2_vitl14,dp / dinov2_vitl14,30,unseen_finetune,L1_TwoRobotPickRemoteControl-v1,L1,TwoRobotPickRemoteControl,0.7,0.7969654262065887,10,20260510_225151,TwoRobotPickRemoteControl
va,dp,dinov2_vitl14,dp / dinov2_vitl14,30,unseen_finetune,L2_TwoRobotPickRemoteControl-v1,L2,TwoRobotPickRemoteControl,0.9,0.9007730221841485,10,20260510_231313,TwoRobotPickRemoteControl
va,dp,dinov2_vitl14,dp / dinov2_vitl14,30,unseen_finetune,L3_TwoRobotPickRemoteControl-v1,L3,TwoRobotPickRemoteControl,0.8,0.8750595152378082,10,20260510_232947,TwoRobotPickRemoteControl
va,dp,dinov2_vitl14,dp / dinov2_vitl14,30,unseen_finetune,L0_TwoRobotScanMilkBox-v1,L0,TwoRobotScanMilkBox,0.7,0.894374668598175,10,20260510_234000,TwoRobotScanMilkBox
va,dp,dinov2_vitl14,dp / dinov2_vitl14,30,unseen_finetune,L1_TwoRobotScanMilkBox-v1,L1,TwoRobotScanMilkBox,0.4,0.8044988334178924,10,20260511_000017,TwoRobotScanMilkBox
va,dp,dinov2_vitl14,dp / dinov2_vitl14,30,unseen_finetune,L2_TwoRobotScanMilkBox-v1,L2,TwoRobotScanMilkBox,0.7,0.7610756292939186,10,20260511_001420,TwoRobotScanMilkBox
va,dp,dinov2_vitl14,dp / dinov2_vitl14,30,unseen_finetune,L3_TwoRobotScanMilkBox-v1,L3,TwoRobotScanMilkBox,0.4,0.6620150536298752,10,20260511_002613,TwoRobotScanMilkBox
va,dp,dinov2_vitl14,dp / dinov2_vitl14,30,unseen_finetune,L0_TwoRobotPourKettle-v1,L0,TwoRobotPourKettle,0.2,0.4048613101243973,10,20260511_003534,TwoRobotPourKettle
va,dp,dinov2_vitl14,dp / dinov2_vitl14,30,unseen_finetune,L1_TwoRobotPourKettle-v1,L1,TwoRobotPourKettle,0.7,0.8810292616486549,10,20260511_004449,TwoRobotPourKettle
va,dp,dinov2_vitl14,dp / dinov2_vitl14,30,unseen_finetune,L2_TwoRobotPourKettle-v1,L2,TwoRobotPourKettle,0.0,0.0140571396332234,10,20260511_005205,TwoRobotPourKettle
va,dp,dinov2_vitl14,dp / dinov2_vitl14,30,unseen_finetune,L3_TwoRobotPourKettle-v1,L3,TwoRobotPourKettle,0.9,0.9345069974660872,10,20260511_005758,TwoRobotPourKettle
va,dp,dinov2_vitl14,dp / dinov2_vitl14,30,unseen_finetune,L0_TwoRobotPickFood-v1,L0,TwoRobotPickFood,0.2,0.746042686700821,10,20260511_015229,TwoRobotPickFood
va,dp,dinov2_vitl14,dp / dinov2_vitl14,30,unseen_finetune,L1_TwoRobotPickFood-v1,L1,TwoRobotPickFood,0.4,0.8193900406360626,10,20260511_020236,TwoRobotPickFood
va,dp,dinov2_vitl14,dp / dinov2_vitl14,30,unseen_finetune,L2_TwoRobotPickFood-v1,L2,TwoRobotPickFood,0.1,0.4678537219762802,10,20260511_021333,TwoRobotPickFood
va,dp,dinov2_vitl14,dp / dinov2_vitl14,30,unseen_finetune,L3_TwoRobotPickFood-v1,L3,TwoRobotPickFood,0.1,0.7505902528762818,10,20260511_022357,TwoRobotPickFood
va,dp,dinov2_vitl14,dp / dinov2_vitl14,30,unseen_finetune,L0_TwoRobotFoldBox-v1,L0,TwoRobotFoldBox,0.9,1.0,10,20260511_023001,TwoRobotFoldBox
va,dp,dinov2_vitl14,dp / dinov2_vitl14,30,unseen_finetune,L1_TwoRobotFoldBox-v1,L1,TwoRobotFoldBox,0.9,0.902970933355391,10,20260511_023544,TwoRobotFoldBox
va,dp,dinov2_vitl14,dp / dinov2_vitl14,30,unseen_finetune,L2_TwoRobotFoldBox-v1,L2,TwoRobotFoldBox,1.0,1.0,10,20260511_024131,TwoRobotFoldBox
va,dp,dinov2_vitl14,dp / dinov2_vitl14,30,unseen_finetune,L3_TwoRobotFoldBox-v1,L3,TwoRobotFoldBox,0.8,0.8144425688311457,10,20260511_024702,TwoRobotFoldBox
va,dp,dinov2_vitl14,dp / dinov2_vitl14,30,unseen_scratch,L1_TwoRobotPickFood-v1,L1,TwoRobotPickFood,0.0,0.3958936393260955,10,20260515_022655,TwoRobotPickFood
va,dp,dinov2_vitl14,dp / dinov2_vitl14,30,unseen_scratch,L2_TwoRobotPickFood-v1,L2,TwoRobotPickFood,0.0,0.2195073708891868,10,20260515_023430,TwoRobotPickFood
va,dp,dinov2_vitl14,dp / dinov2_vitl14,30,unseen_scratch,L3_TwoRobotPickFood-v1,L3,TwoRobotPickFood,0.1,0.6485131829977036,10,20260515_024232,TwoRobotPickFood
va,dp,dinov2_vitl14,dp / dinov2_vitl14,30,unseen_scratch,L0_TwoRobotFoldBox-v1,L0,TwoRobotFoldBox,0.5,0.5217705799732357,10,20260515_024728,TwoRobotFoldBox
va,dp,dinov2_vitl14,dp / dinov2_vitl14,30,unseen_scratch,L1_TwoRobotFoldBox-v1,L1,TwoRobotFoldBox,1.0,1.0,10,20260515_025227,TwoRobotFoldBox
va,dp,dinov2_vitl14,dp / dinov2_vitl14,30,unseen_scratch,L2_TwoRobotFoldBox-v1,L2,TwoRobotFoldBox,0.0,0.0110371973831206,10,20260515_025728,TwoRobotFoldBox
va,dp,dinov2_vitl14,dp / dinov2_vitl14,30,unseen_scratch,L3_TwoRobotFoldBox-v1,L3,TwoRobotFoldBox,0.5,0.5350701617076993,10,20260515_030229,TwoRobotFoldBox
va,dp,dinov2_vitl14,dp / dinov2_vitl14,30,unseen_scratch,L3_TwoRobotScanMilkBox-v1,L3,TwoRobotScanMilkBox,0.3,0.4857664868235588,10,20260514_233225,TwoRobotScanMilkBox
va,dp,dinov2_vitl14,dp / dinov2_vitl14,30,unseen_scratch,L0_TwoRobotPourKettle-v1,L0,TwoRobotPourKettle,0.0,0.2934083193540573,10,20260514_234126,TwoRobotPourKettle
va,dp,dinov2_vitl14,dp / dinov2_vitl14,30,unseen_scratch,L1_TwoRobotPourKettle-v1,L1,TwoRobotPourKettle,0.3,0.5766942977905274,10,20260514_235052,TwoRobotPourKettle
va,dp,dinov2_vitl14,dp / dinov2_vitl14,30,unseen_scratch,L2_TwoRobotPourKettle-v1,L2,TwoRobotPourKettle,0.0,0.0073390482924878,10,20260514_235936,TwoRobotPourKettle
va,dp,dinov2_vitl14,dp / dinov2_vitl14,30,unseen_scratch,L3_TwoRobotPourKettle-v1,L3,TwoRobotPourKettle,0.1,0.3147494077682495,10,20260515_000735,TwoRobotPourKettle
va,dp,dinov2_vitl14,dp / dinov2_vitl14,30,unseen_scratch,L0_TwoRobotPickFood-v1,L0,TwoRobotPickFood,0.0,0.4396792203187942,10,20260515_001817,TwoRobotPickFood
va,dp,dinov2_vitl14,dp / dinov2_vitl14,30,unseen_scratch,L0_TwoRobotPickRemoteControl-v1,L0,TwoRobotPickRemoteControl,0.4,0.6708901524543762,10,20260514_224336,TwoRobotPickRemoteControl
va,dp,dinov2_vitl14,dp / dinov2_vitl14,30,unseen_scratch,L1_TwoRobotPickRemoteControl-v1,L1,TwoRobotPickRemoteControl,0.3,0.5564186051487923,10,20260514_224957,TwoRobotPickRemoteControl
va,dp,dinov2_vitl14,dp / dinov2_vitl14,30,unseen_scratch,L2_TwoRobotPickRemoteControl-v1,L2,TwoRobotPickRemoteControl,0.1,0.1072844767477363,10,20260514_225600,TwoRobotPickRemoteControl
va,dp,dinov2_vitl14,dp / dinov2_vitl14,30,unseen_scratch,L3_TwoRobotPickRemoteControl-v1,L3,TwoRobotPickRemoteControl,0.4,0.6187136322259903,10,20260514_230208,TwoRobotPickRemoteControl
va,dp,dinov2_vitl14,dp / dinov2_vitl14,30,unseen_scratch,L0_TwoRobotScanMilkBox-v1,L0,TwoRobotScanMilkBox,0.2,0.679037556052208,10,20260514_230915,TwoRobotScanMilkBox
va,dp,dinov2_vitl14,dp / dinov2_vitl14,30,unseen_scratch,L1_TwoRobotScanMilkBox-v1,L1,TwoRobotScanMilkBox,0.0,0.5520936936140061,10,20260514_231613,TwoRobotScanMilkBox
va,dp,dinov2_vitl14,dp / dinov2_vitl14,30,unseen_scratch,L2_TwoRobotScanMilkBox-v1,L2,TwoRobotScanMilkBox,0.1,0.2357475444674492,10,20260514_232237,TwoRobotScanMilkBox
va,dp,dinov2_vitl14,dp / dinov2_vitl14,45,seen,L0_TwoRobotStirSpoon-v1,L0,TwoRobotStirSpoon,0.4,0.7052637845277786,10,20260513_011136,TwoRobotStirSpoon
va,dp,dinov2_vitl14,dp / dinov2_vitl14,45,seen,L1_TwoRobotStirSpoon-v1,L1,TwoRobotStirSpoon,0.4,0.5703118771314621,10,20260513_012039,TwoRobotStirSpoon
va,dp,dinov2_vitl14,dp / dinov2_vitl14,45,seen,L2_TwoRobotStirSpoon-v1,L2,TwoRobotStirSpoon,0.5,0.9163550794124604,10,20260513_013146,TwoRobotStirSpoon
va,dp,dinov2_vitl14,dp / dinov2_vitl14,45,seen,L3_TwoRobotStirSpoon-v1,L3,TwoRobotStirSpoon,0.6,0.84324532452561,10,20260513_014331,TwoRobotStirSpoon
va,dp,dinov2_vitl14,dp / dinov2_vitl14,45,seen,L0_TwoRobotPlacePlateRack-v1,L0,TwoRobotPlacePlateRack,0.6,0.7393592536449433,10,20260513_020152,TwoRobotPlacePlateRack
va,dp,dinov2_vitl14,dp / dinov2_vitl14,45,seen,L1_TwoRobotPlacePlateRack-v1,L1,TwoRobotPlacePlateRack,0.4,0.6231538236141205,10,20260513_021829,TwoRobotPlacePlateRack
va,dp,dinov2_vitl14,dp / dinov2_vitl14,45,seen,L2_TwoRobotPlacePlateRack-v1,L2,TwoRobotPlacePlateRack,0.5,0.7448077023029327,10,20260513_023355,TwoRobotPlacePlateRack
va,dp,dinov2_vitl14,dp / dinov2_vitl14,45,seen,L3_TwoRobotPlacePlateRack-v1,L3,TwoRobotPlacePlateRack,0.9,0.9335124135017396,10,20260513_024206,TwoRobotPlacePlateRack
va,dp,dinov2_vitl14,dp / dinov2_vitl14,45,seen,L0_TwoRobotPlaceFileFolder-v1,L0,TwoRobotPlaceFileFolder,0.7,0.7612435162067414,10,20260513_024956,TwoRobotPlaceFileFolder
va,dp,dinov2_vitl14,dp / dinov2_vitl14,45,seen,L1_TwoRobotPlaceFileFolder-v1,L1,TwoRobotPlaceFileFolder,0.9,0.960053277015686,10,20260513_025825,TwoRobotPlaceFileFolder
va,dp,dinov2_vitl14,dp / dinov2_vitl14,45,seen,L2_TwoRobotPlaceFileFolder-v1,L2,TwoRobotPlaceFileFolder,0.8,0.8484586045145989,10,20260513_030653,TwoRobotPlaceFileFolder
va,dp,dinov2_vitl14,dp / dinov2_vitl14,45,seen,L3_TwoRobotPlaceFileFolder-v1,L3,TwoRobotPlaceFileFolder,0.6,0.75275160074234,10,20260513_031422,TwoRobotPlaceFileFolder
va,dp,dinov2_vitl14,dp / dinov2_vitl14,45,seen,L0_TwoRobotFoldTowel-v1,L0,TwoRobotFoldTowel,0.7,0.9333333253860474,10,20260513_032924,TwoRobotFoldTowel
va,dp,dinov2_vitl14,dp / dinov2_vitl14,45,seen,L1_TwoRobotFoldTowel-v1,L1,TwoRobotFoldTowel,0.8,0.8357219099998474,10,20260513_034419,TwoRobotFoldTowel
va,dp,dinov2_vitl14,dp / dinov2_vitl14,45,seen,L2_TwoRobotFoldTowel-v1,L2,TwoRobotFoldTowel,0.8,0.9753227829933168,10,20260513_035918,TwoRobotFoldTowel
va,dp,dinov2_vitl14,dp / dinov2_vitl14,45,seen,L3_TwoRobotFoldTowel-v1,L3,TwoRobotFoldTowel,0.6,0.8925721287727356,10,20260513_041552,TwoRobotFoldTowel
va,dp,dinov2_vitl14,dp / dinov2_vitl14,45,seen,L0_TwoRobotPlaceMugRack-v1,L0,TwoRobotPlaceMugRack,1.0,1.0,10,20260513_042356,TwoRobotPlaceMugRack
va,dp,dinov2_vitl14,dp / dinov2_vitl14,45,seen,L1_TwoRobotPlaceMugRack-v1,L1,TwoRobotPlaceMugRack,0.7,0.8057031244039535,10,20260513_043151,TwoRobotPlaceMugRack
va,dp,dinov2_vitl14,dp / dinov2_vitl14,45,seen,L2_TwoRobotPlaceMugRack-v1,L2,TwoRobotPlaceMugRack,0.9,1.0,10,20260513_043859,TwoRobotPlaceMugRack
va,dp,dinov2_vitl14,dp / dinov2_vitl14,45,seen,L3_TwoRobotPlaceMugRack-v1,L3,TwoRobotPlaceMugRack,0.9,1.0,10,20260513_044330,TwoRobotPlaceMugRack
va,dp,dinov2_vitl14,dp / dinov2_vitl14,45,unseen,L0_TwoRobotPickRemoteControl-v1,L0,TwoRobotPickRemoteControl,0.0,0.1382996752858162,10,20260509_205029,TwoRobotPickRemoteControl
va,dp,dinov2_vitl14,dp / dinov2_vitl14,45,unseen,L1_TwoRobotPickRemoteControl-v1,L1,TwoRobotPickRemoteControl,0.0,0.0884860679507255,10,20260509_210156,TwoRobotPickRemoteControl
va,dp,dinov2_vitl14,dp / dinov2_vitl14,45,unseen,L2_TwoRobotPickRemoteControl-v1,L2,TwoRobotPickRemoteControl,0.0,0.0080970954615622,10,20260509_211211,TwoRobotPickRemoteControl
va,dp,dinov2_vitl14,dp / dinov2_vitl14,45,unseen,L3_TwoRobotPickRemoteControl-v1,L3,TwoRobotPickRemoteControl,0.0,0.1977650001645088,10,20260509_212201,TwoRobotPickRemoteControl
va,dp,dinov2_vitl14,dp / dinov2_vitl14,45,unseen,L0_TwoRobotScanMilkBox-v1,L0,TwoRobotScanMilkBox,0.2,0.6536356449127197,10,20260509_213038,TwoRobotScanMilkBox
va,dp,dinov2_vitl14,dp / dinov2_vitl14,45,unseen,L1_TwoRobotScanMilkBox-v1,L1,TwoRobotScanMilkBox,0.0,0.5820475697517395,10,20260509_213900,TwoRobotScanMilkBox
va,dp,dinov2_vitl14,dp / dinov2_vitl14,45,unseen,L2_TwoRobotScanMilkBox-v1,L2,TwoRobotScanMilkBox,0.0,0.114292574673891,10,20260509_214708,TwoRobotScanMilkBox
va,dp,dinov2_vitl14,dp / dinov2_vitl14,45,unseen,L3_TwoRobotScanMilkBox-v1,L3,TwoRobotScanMilkBox,0.0,0.1788446635007858,10,20260509_215407,TwoRobotScanMilkBox
va,dp,dinov2_vitl14,dp / dinov2_vitl14,45,unseen,L0_TwoRobotPourKettle-v1,L0,TwoRobotPourKettle,0.0,0.2542081795632839,10,20260509_215927,TwoRobotPourKettle
va,dp,dinov2_vitl14,dp / dinov2_vitl14,45,unseen,L1_TwoRobotPourKettle-v1,L1,TwoRobotPourKettle,0.0,0.0884559921920299,10,20260509_220501,TwoRobotPourKettle
va,dp,dinov2_vitl14,dp / dinov2_vitl14,45,unseen,L2_TwoRobotPourKettle-v1,L2,TwoRobotPourKettle,0.0,0.0044623930938541,10,20260509_221047,TwoRobotPourKettle
va,dp,dinov2_vitl14,dp / dinov2_vitl14,45,unseen,L3_TwoRobotPourKettle-v1,L3,TwoRobotPourKettle,0.0,0.0604209860786795,10,20260509_221617,TwoRobotPourKettle
va,dp,dinov2_vitl14,dp / dinov2_vitl14,45,unseen,L0_TwoRobotPickFood-v1,L0,TwoRobotPickFood,0.0,0.1718389853835105,10,20260509_222340,TwoRobotPickFood
va,dp,dinov2_vitl14,dp / dinov2_vitl14,45,unseen,L1_TwoRobotPickFood-v1,L1,TwoRobotPickFood,0.0,0.1280448198318481,10,20260509_223033,TwoRobotPickFood
va,dp,dinov2_vitl14,dp / dinov2_vitl14,45,unseen,L2_TwoRobotPickFood-v1,L2,TwoRobotPickFood,0.0,0.0127530008554458,10,20260509_223724,TwoRobotPickFood
va,dp,dinov2_vitl14,dp / dinov2_vitl14,45,unseen,L3_TwoRobotPickFood-v1,L3,TwoRobotPickFood,0.0,0.23947444409132,10,20260509_224417,TwoRobotPickFood
va,dp,dinov2_vitl14,dp / dinov2_vitl14,45,unseen,L0_TwoRobotFoldBox-v1,L0,TwoRobotFoldBox,0.0,0.0024351148167625,10,20260509_224836,TwoRobotFoldBox
va,dp,dinov2_vitl14,dp / dinov2_vitl14,45,unseen,L1_TwoRobotFoldBox-v1,L1,TwoRobotFoldBox,0.5,0.5336593076586723,10,20260509_225304,TwoRobotFoldBox
va,dp,dinov2_vitl14,dp / dinov2_vitl14,45,unseen,L2_TwoRobotFoldBox-v1,L2,TwoRobotFoldBox,0.4,0.5020238210447132,10,20260509_225743,TwoRobotFoldBox
va,dp,dinov2_vitl14,dp / dinov2_vitl14,45,unseen,L3_TwoRobotFoldBox-v1,L3,TwoRobotFoldBox,0.0,0.0280321608297526,10,20260509_230236,TwoRobotFoldBox
va,dp,dinov2_vitl14,dp / dinov2_vitl14,45,unseen_finetune,L0_TwoRobotPickRemoteControl-v1,L0,TwoRobotPickRemoteControl,1.0,1.0,10,20260510_222458,TwoRobotPickRemoteControl
va,dp,dinov2_vitl14,dp / dinov2_vitl14,45,unseen_finetune,L1_TwoRobotPickRemoteControl-v1,L1,TwoRobotPickRemoteControl,0.6,0.7033414989709854,10,20260510_224246,TwoRobotPickRemoteControl
va,dp,dinov2_vitl14,dp / dinov2_vitl14,45,unseen_finetune,L2_TwoRobotPickRemoteControl-v1,L2,TwoRobotPickRemoteControl,0.5,0.504248127900064,10,20260510_230026,TwoRobotPickRemoteControl
va,dp,dinov2_vitl14,dp / dinov2_vitl14,45,unseen_finetune,L3_TwoRobotPickRemoteControl-v1,L3,TwoRobotPickRemoteControl,0.7,0.8543770223855972,10,20260510_231750,TwoRobotPickRemoteControl
va,dp,dinov2_vitl14,dp / dinov2_vitl14,45,unseen_finetune,L0_TwoRobotScanMilkBox-v1,L0,TwoRobotScanMilkBox,0.9,0.9527282953262328,10,20260510_233018,TwoRobotScanMilkBox
va,dp,dinov2_vitl14,dp / dinov2_vitl14,45,unseen_finetune,L1_TwoRobotScanMilkBox-v1,L1,TwoRobotScanMilkBox,0.5,0.823491758108139,10,20260510_233958,TwoRobotScanMilkBox
va,dp,dinov2_vitl14,dp / dinov2_vitl14,45,unseen_finetune,L2_TwoRobotScanMilkBox-v1,L2,TwoRobotScanMilkBox,0.9,0.9249103114008904,10,20260511_015925,TwoRobotScanMilkBox
va,dp,dinov2_vitl14,dp / dinov2_vitl14,45,unseen_finetune,L3_TwoRobotScanMilkBox-v1,L3,TwoRobotScanMilkBox,0.1,0.5139893531799317,10,20260511_021022,TwoRobotScanMilkBox
va,dp,dinov2_vitl14,dp / dinov2_vitl14,45,unseen_finetune,L0_TwoRobotPourKettle-v1,L0,TwoRobotPourKettle,1.0,1.0,10,20260511_021919,TwoRobotPourKettle
va,dp,dinov2_vitl14,dp / dinov2_vitl14,45,unseen_finetune,L1_TwoRobotPourKettle-v1,L1,TwoRobotPourKettle,0.6,0.7152038358151913,10,20260511_022747,TwoRobotPourKettle
va,dp,dinov2_vitl14,dp / dinov2_vitl14,45,unseen_finetune,L2_TwoRobotPourKettle-v1,L2,TwoRobotPourKettle,0.0,0.0138356884475797,10,20260511_023622,TwoRobotPourKettle
va,dp,dinov2_vitl14,dp / dinov2_vitl14,45,unseen_finetune,L3_TwoRobotPourKettle-v1,L3,TwoRobotPourKettle,0.9,0.9313691884279252,10,20260511_024535,TwoRobotPourKettle
va,dp,dinov2_vitl14,dp / dinov2_vitl14,45,unseen_finetune,L0_TwoRobotPickFood-v1,L0,TwoRobotPickFood,0.0,0.6811704128980637,10,20260511_025547,TwoRobotPickFood
va,dp,dinov2_vitl14,dp / dinov2_vitl14,45,unseen_finetune,L1_TwoRobotPickFood-v1,L1,TwoRobotPickFood,0.5,0.868588662147522,10,20260511_030424,TwoRobotPickFood
va,dp,dinov2_vitl14,dp / dinov2_vitl14,45,unseen_finetune,L2_TwoRobotPickFood-v1,L2,TwoRobotPickFood,0.1,0.513695353269577,10,20260511_031036,TwoRobotPickFood
va,dp,dinov2_vitl14,dp / dinov2_vitl14,45,unseen_finetune,L3_TwoRobotPickFood-v1,L3,TwoRobotPickFood,0.4,0.76853147149086,10,20260511_031646,TwoRobotPickFood
va,dp,dinov2_vitl14,dp / dinov2_vitl14,45,unseen_finetune,L0_TwoRobotFoldBox-v1,L0,TwoRobotFoldBox,0.3,0.3077499103732407,10,20260511_031948,TwoRobotFoldBox
va,dp,dinov2_vitl14,dp / dinov2_vitl14,45,unseen_finetune,L1_TwoRobotFoldBox-v1,L1,TwoRobotFoldBox,1.0,1.0,10,20260511_032241,TwoRobotFoldBox
va,dp,dinov2_vitl14,dp / dinov2_vitl14,45,unseen_finetune,L2_TwoRobotFoldBox-v1,L2,TwoRobotFoldBox,1.0,1.0,10,20260511_032543,TwoRobotFoldBox
va,dp,dinov2_vitl14,dp / dinov2_vitl14,45,unseen_finetune,L3_TwoRobotFoldBox-v1,L3,TwoRobotFoldBox,1.0,1.0,10,20260511_032843,TwoRobotFoldBox
va,dp,dinov2_vitl14,dp / dinov2_vitl14,45,unseen_scratch,L0_TwoRobotPickRemoteControl-v1,L0,TwoRobotPickRemoteControl,0.3,0.6021326124668122,10,20260514_234605,TwoRobotPickRemoteControl
va,dp,dinov2_vitl14,dp / dinov2_vitl14,45,unseen_scratch,L1_TwoRobotPickRemoteControl-v1,L1,TwoRobotPickRemoteControl,0.4,0.5836881592869758,10,20260515_000229,TwoRobotPickRemoteControl
va,dp,dinov2_vitl14,dp / dinov2_vitl14,45,unseen_scratch,L2_TwoRobotPickRemoteControl-v1,L2,TwoRobotPickRemoteControl,0.1,0.1072051549330353,10,20260515_001716,TwoRobotPickRemoteControl
va,dp,dinov2_vitl14,dp / dinov2_vitl14,45,unseen_scratch,L3_TwoRobotPickRemoteControl-v1,L3,TwoRobotPickRemoteControl,0.3,0.4917014747858047,10,20260515_003012,TwoRobotPickRemoteControl
va,dp,dinov2_vitl14,dp / dinov2_vitl14,45,unseen_scratch,L0_TwoRobotScanMilkBox-v1,L0,TwoRobotScanMilkBox,0.1,0.6099268317222595,10,20260515_003909,TwoRobotScanMilkBox
va,dp,dinov2_vitl14,dp / dinov2_vitl14,45,unseen_scratch,L1_TwoRobotScanMilkBox-v1,L1,TwoRobotScanMilkBox,0.0,0.578697556257248,10,20260515_004759,TwoRobotScanMilkBox
va,dp,dinov2_vitl14,dp / dinov2_vitl14,45,unseen_scratch,L2_TwoRobotScanMilkBox-v1,L2,TwoRobotScanMilkBox,0.0,0.1730811670422554,10,20260515_005609,TwoRobotScanMilkBox
va,dp,dinov2_vitl14,dp / dinov2_vitl14,45,unseen_scratch,L3_TwoRobotScanMilkBox-v1,L3,TwoRobotScanMilkBox,0.1,0.3243241235613823,10,20260515_010248,TwoRobotScanMilkBox
va,dp,dinov2_vitl14,dp / dinov2_vitl14,45,unseen_scratch,L0_TwoRobotPourKettle-v1,L0,TwoRobotPourKettle,0.6,0.7377589032053947,10,20260515_010802,TwoRobotPourKettle
va,dp,dinov2_vitl14,dp / dinov2_vitl14,45,unseen_scratch,L1_TwoRobotPourKettle-v1,L1,TwoRobotPourKettle,0.3,0.6837010473012924,10,20260515_011324,TwoRobotPourKettle
va,dp,dinov2_vitl14,dp / dinov2_vitl14,45,unseen_scratch,L2_TwoRobotPourKettle-v1,L2,TwoRobotPourKettle,0.0,0.0092037677764892,10,20260515_011837,TwoRobotPourKettle
va,dp,dinov2_vitl14,dp / dinov2_vitl14,45,unseen_scratch,L3_TwoRobotPourKettle-v1,L3,TwoRobotPourKettle,0.1,0.3619835078716278,10,20260515_012408,TwoRobotPourKettle
va,dp,dinov2_vitl14,dp / dinov2_vitl14,45,unseen_scratch,L0_TwoRobotPickFood-v1,L0,TwoRobotPickFood,0.0,0.4359164744615554,10,20260515_013125,TwoRobotPickFood
va,dp,dinov2_vitl14,dp / dinov2_vitl14,45,unseen_scratch,L1_TwoRobotPickFood-v1,L1,TwoRobotPickFood,0.0,0.4364117324352264,10,20260515_013802,TwoRobotPickFood
va,dp,dinov2_vitl14,dp / dinov2_vitl14,45,unseen_scratch,L2_TwoRobotPickFood-v1,L2,TwoRobotPickFood,0.0,0.0243527457118034,10,20260515_014335,TwoRobotPickFood
va,dp,dinov2_vitl14,dp / dinov2_vitl14,45,unseen_scratch,L3_TwoRobotPickFood-v1,L3,TwoRobotPickFood,0.1,0.5500716418027878,10,20260515_014928,TwoRobotPickFood
va,dp,dinov2_vitl14,dp / dinov2_vitl14,45,unseen_scratch,L0_TwoRobotFoldBox-v1,L0,TwoRobotFoldBox,0.8,0.8099516857415437,10,20260515_015254,TwoRobotFoldBox
va,dp,dinov2_vitl14,dp / dinov2_vitl14,45,unseen_scratch,L1_TwoRobotFoldBox-v1,L1,TwoRobotFoldBox,0.9,0.9076810762286186,10,20260515_015616,TwoRobotFoldBox
va,dp,dinov2_vitl14,dp / dinov2_vitl14,45,unseen_scratch,L2_TwoRobotFoldBox-v1,L2,TwoRobotFoldBox,0.3,0.312068723514676,10,20260515_015941,TwoRobotFoldBox
va,dp,dinov2_vitl14,dp / dinov2_vitl14,45,unseen_scratch,L3_TwoRobotFoldBox-v1,L3,TwoRobotFoldBox,0.2,0.2461677686776965,10,20260515_020241,TwoRobotFoldBox
va,dp,siglip2_so400m,dp / siglip2_so400m,15,seen,L0_TwoRobotStirSpoon-v1,L0,TwoRobotStirSpoon,0.2,0.7629605621099472,10,20260509_172702,TwoRobotStirSpoon
va,dp,siglip2_so400m,dp / siglip2_so400m,15,seen,L1_TwoRobotStirSpoon-v1,L1,TwoRobotStirSpoon,0.1,0.4760275572538376,10,20260509_173502,TwoRobotStirSpoon
va,dp,siglip2_so400m,dp / siglip2_so400m,15,seen,L2_TwoRobotStirSpoon-v1,L2,TwoRobotStirSpoon,0.5,0.8894099533557892,10,20260509_174256,TwoRobotStirSpoon
va,dp,siglip2_so400m,dp / siglip2_so400m,15,seen,L3_TwoRobotStirSpoon-v1,L3,TwoRobotStirSpoon,0.1,0.7259313225746155,10,20260509_175151,TwoRobotStirSpoon
va,dp,siglip2_so400m,dp / siglip2_so400m,15,seen,L0_TwoRobotPlacePlateRack-v1,L0,TwoRobotPlacePlateRack,1.0,1.0,10,20260509_180434,TwoRobotPlacePlateRack
va,dp,siglip2_so400m,dp / siglip2_so400m,15,seen,L1_TwoRobotPlacePlateRack-v1,L1,TwoRobotPlacePlateRack,0.4,0.6982018828392029,10,20260509_181647,TwoRobotPlacePlateRack
va,dp,siglip2_so400m,dp / siglip2_so400m,15,seen,L2_TwoRobotPlacePlateRack-v1,L2,TwoRobotPlacePlateRack,0.4,0.8022233188152313,10,20260509_182729,TwoRobotPlacePlateRack
va,dp,siglip2_so400m,dp / siglip2_so400m,15,seen,L3_TwoRobotPlacePlateRack-v1,L3,TwoRobotPlacePlateRack,0.5,0.6672397971153259,10,20260509_183400,TwoRobotPlacePlateRack
va,dp,siglip2_so400m,dp / siglip2_so400m,15,seen,L0_TwoRobotPlaceFileFolder-v1,L0,TwoRobotPlaceFileFolder,0.9,0.9532249391078949,10,20260509_184025,TwoRobotPlaceFileFolder
va,dp,siglip2_so400m,dp / siglip2_so400m,15,seen,L1_TwoRobotPlaceFileFolder-v1,L1,TwoRobotPlaceFileFolder,0.5,0.7675647020339966,10,20260509_184702,TwoRobotPlaceFileFolder
va,dp,siglip2_so400m,dp / siglip2_so400m,15,seen,L2_TwoRobotPlaceFileFolder-v1,L2,TwoRobotPlaceFileFolder,0.8,0.847430294752121,10,20260509_185354,TwoRobotPlaceFileFolder
va,dp,siglip2_so400m,dp / siglip2_so400m,15,seen,L3_TwoRobotPlaceFileFolder-v1,L3,TwoRobotPlaceFileFolder,0.9,0.9413561016321182,10,20260509_190029,TwoRobotPlaceFileFolder
va,dp,siglip2_so400m,dp / siglip2_so400m,15,seen,L0_TwoRobotFoldTowel-v1,L0,TwoRobotFoldTowel,0.5,0.9333333253860474,10,20260509_191708,TwoRobotFoldTowel
va,dp,siglip2_so400m,dp / siglip2_so400m,15,seen,L1_TwoRobotFoldTowel-v1,L1,TwoRobotFoldTowel,0.5,0.7500121921300889,10,20260509_193343,TwoRobotFoldTowel
va,dp,siglip2_so400m,dp / siglip2_so400m,15,seen,L2_TwoRobotFoldTowel-v1,L2,TwoRobotFoldTowel,0.1,0.598059007525444,10,20260509_195029,TwoRobotFoldTowel
va,dp,siglip2_so400m,dp / siglip2_so400m,15,seen,L3_TwoRobotFoldTowel-v1,L3,TwoRobotFoldTowel,0.8,0.9335891723632812,10,20260509_200635,TwoRobotFoldTowel
va,dp,siglip2_so400m,dp / siglip2_so400m,15,seen,L0_TwoRobotPlaceMugRack-v1,L0,TwoRobotPlaceMugRack,1.0,1.0,10,20260509_201350,TwoRobotPlaceMugRack
va,dp,siglip2_so400m,dp / siglip2_so400m,15,seen,L1_TwoRobotPlaceMugRack-v1,L1,TwoRobotPlaceMugRack,1.0,1.0,10,20260509_202119,TwoRobotPlaceMugRack
va,dp,siglip2_so400m,dp / siglip2_so400m,15,seen,L2_TwoRobotPlaceMugRack-v1,L2,TwoRobotPlaceMugRack,0.9,1.0,10,20260509_202842,TwoRobotPlaceMugRack
va,dp,siglip2_so400m,dp / siglip2_so400m,15,seen,L3_TwoRobotPlaceMugRack-v1,L3,TwoRobotPlaceMugRack,1.0,1.0,10,20260509_203506,TwoRobotPlaceMugRack
va,dp,siglip2_so400m,dp / siglip2_so400m,15,unseen,L0_TwoRobotPickFood-v1,L0,TwoRobotPickFood,0.0,0.1811059311032295,10,20260512_142351,TwoRobotPickFood
va,dp,siglip2_so400m,dp / siglip2_so400m,15,unseen,L1_TwoRobotPickFood-v1,L1,TwoRobotPickFood,0.0,0.1389249384403229,10,20260512_143341,TwoRobotPickFood
va,dp,siglip2_so400m,dp / siglip2_so400m,15,unseen,L2_TwoRobotPickFood-v1,L2,TwoRobotPickFood,0.0,0.0074934482574462,10,20260512_144315,TwoRobotPickFood
va,dp,siglip2_so400m,dp / siglip2_so400m,15,unseen,L3_TwoRobotPickFood-v1,L3,TwoRobotPickFood,0.0,0.214082683622837,10,20260512_145315,TwoRobotPickFood
va,dp,siglip2_so400m,dp / siglip2_so400m,15,unseen,L0_TwoRobotFoldBox-v1,L0,TwoRobotFoldBox,0.0,0.0150020859204232,10,20260512_145835,TwoRobotFoldBox
va,dp,siglip2_so400m,dp / siglip2_so400m,15,unseen,L1_TwoRobotFoldBox-v1,L1,TwoRobotFoldBox,0.8,0.925196823477745,10,20260512_150359,TwoRobotFoldBox
va,dp,siglip2_so400m,dp / siglip2_so400m,15,unseen,L2_TwoRobotFoldBox-v1,L2,TwoRobotFoldBox,0.5,0.5376887245569378,10,20260512_150901,TwoRobotFoldBox
va,dp,siglip2_so400m,dp / siglip2_so400m,15,unseen,L3_TwoRobotFoldBox-v1,L3,TwoRobotFoldBox,0.0,0.0293796980753541,10,20260512_151318,TwoRobotFoldBox
va,dp,siglip2_so400m,dp / siglip2_so400m,15,unseen,L0_TwoRobotPickRemoteControl-v1,L0,TwoRobotPickRemoteControl,0.0,0.1957265943288803,10,20260512_123705,TwoRobotPickRemoteControl
va,dp,siglip2_so400m,dp / siglip2_so400m,15,unseen,L1_TwoRobotPickRemoteControl-v1,L1,TwoRobotPickRemoteControl,0.0,0.2063813388347625,10,20260512_124532,TwoRobotPickRemoteControl
va,dp,siglip2_so400m,dp / siglip2_so400m,15,unseen,L2_TwoRobotPickRemoteControl-v1,L2,TwoRobotPickRemoteControl,0.0,0.0078578758519142,10,20260512_125353,TwoRobotPickRemoteControl
va,dp,siglip2_so400m,dp / siglip2_so400m,15,unseen,L3_TwoRobotPickRemoteControl-v1,L3,TwoRobotPickRemoteControl,0.0,0.5549713686108589,10,20260512_130215,TwoRobotPickRemoteControl
va,dp,siglip2_so400m,dp / siglip2_so400m,15,unseen,L0_TwoRobotScanMilkBox-v1,L0,TwoRobotScanMilkBox,0.0,0.3224062502384185,10,20260512_131047,TwoRobotScanMilkBox
va,dp,siglip2_so400m,dp / siglip2_so400m,15,unseen,L1_TwoRobotScanMilkBox-v1,L1,TwoRobotScanMilkBox,0.0,0.2842558294534683,10,20260512_131824,TwoRobotScanMilkBox
va,dp,siglip2_so400m,dp / siglip2_so400m,15,unseen,L2_TwoRobotScanMilkBox-v1,L2,TwoRobotScanMilkBox,0.0,0.1338103279471397,10,20260512_132646,TwoRobotScanMilkBox
va,dp,siglip2_so400m,dp / siglip2_so400m,15,unseen,L3_TwoRobotScanMilkBox-v1,L3,TwoRobotScanMilkBox,0.0,0.1707387417554855,10,20260512_133238,TwoRobotScanMilkBox
va,dp,siglip2_so400m,dp / siglip2_so400m,15,unseen,L0_TwoRobotPourKettle-v1,L0,TwoRobotPourKettle,0.0,0.1463936567306518,10,20260512_133700,TwoRobotPourKettle
va,dp,siglip2_so400m,dp / siglip2_so400m,15,unseen,L1_TwoRobotPourKettle-v1,L1,TwoRobotPourKettle,0.0,0.0877819932997226,10,20260512_134123,TwoRobotPourKettle
va,dp,siglip2_so400m,dp / siglip2_so400m,15,unseen,L2_TwoRobotPourKettle-v1,L2,TwoRobotPourKettle,0.0,0.004418377066031,10,20260512_134549,TwoRobotPourKettle
va,dp,siglip2_so400m,dp / siglip2_so400m,15,unseen,L3_TwoRobotPourKettle-v1,L3,TwoRobotPourKettle,0.0,0.1022384509444236,10,20260512_135018,TwoRobotPourKettle
va,dp,siglip2_so400m,dp / siglip2_so400m,15,unseen_finetune,L0_TwoRobotPickRemoteControl-v1,L0,TwoRobotPickRemoteControl,0.4,0.5901133343577385,10,20260510_222444,TwoRobotPickRemoteControl
va,dp,siglip2_so400m,dp / siglip2_so400m,15,unseen_finetune,L1_TwoRobotPickRemoteControl-v1,L1,TwoRobotPickRemoteControl,0.9,0.9667906761169434,10,20260510_224219,TwoRobotPickRemoteControl
va,dp,siglip2_so400m,dp / siglip2_so400m,15,unseen_finetune,L2_TwoRobotPickRemoteControl-v1,L2,TwoRobotPickRemoteControl,0.7,0.8032119845971465,10,20260510_225933,TwoRobotPickRemoteControl
va,dp,siglip2_so400m,dp / siglip2_so400m,15,unseen_finetune,L3_TwoRobotPickRemoteControl-v1,L3,TwoRobotPickRemoteControl,0.3,0.4862248674035072,10,20260510_231706,TwoRobotPickRemoteControl
va,dp,siglip2_so400m,dp / siglip2_so400m,15,unseen_finetune,L0_TwoRobotScanMilkBox-v1,L0,TwoRobotScanMilkBox,0.1,0.663974529504776,10,20260510_232932,TwoRobotScanMilkBox
va,dp,siglip2_so400m,dp / siglip2_so400m,15,unseen_finetune,L1_TwoRobotScanMilkBox-v1,L1,TwoRobotScanMilkBox,0.1,0.6521075963973999,10,20260510_233910,TwoRobotScanMilkBox
va,dp,siglip2_so400m,dp / siglip2_so400m,15,unseen_finetune,L2_TwoRobotScanMilkBox-v1,L2,TwoRobotScanMilkBox,0.7,0.7656936660408974,10,20260511_015448,TwoRobotScanMilkBox
va,dp,siglip2_so400m,dp / siglip2_so400m,15,unseen_finetune,L3_TwoRobotScanMilkBox-v1,L3,TwoRobotScanMilkBox,0.5,0.653962156176567,10,20260511_020457,TwoRobotScanMilkBox
va,dp,siglip2_so400m,dp / siglip2_so400m,15,unseen_finetune,L0_TwoRobotPourKettle-v1,L0,TwoRobotPourKettle,0.5,0.6626017078757286,10,20260511_021311,TwoRobotPourKettle
va,dp,siglip2_so400m,dp / siglip2_so400m,15,unseen_finetune,L1_TwoRobotPourKettle-v1,L1,TwoRobotPourKettle,0.1,0.3842449679970741,10,20260511_022059,TwoRobotPourKettle
va,dp,siglip2_so400m,dp / siglip2_so400m,15,unseen_finetune,L2_TwoRobotPourKettle-v1,L2,TwoRobotPourKettle,0.0,0.0152333259582519,10,20260511_022835,TwoRobotPourKettle
va,dp,siglip2_so400m,dp / siglip2_so400m,15,unseen_finetune,L3_TwoRobotPourKettle-v1,L3,TwoRobotPourKettle,0.7,0.7844024032354355,10,20260511_023550,TwoRobotPourKettle
va,dp,siglip2_so400m,dp / siglip2_so400m,15,unseen_finetune,L0_TwoRobotPickFood-v1,L0,TwoRobotPickFood,0.0,0.4667170435190201,10,20260511_024516,TwoRobotPickFood
va,dp,siglip2_so400m,dp / siglip2_so400m,15,unseen_finetune,L1_TwoRobotPickFood-v1,L1,TwoRobotPickFood,0.0,0.6561698198318482,10,20260511_025303,TwoRobotPickFood
va,dp,siglip2_so400m,dp / siglip2_so400m,15,unseen_finetune,L2_TwoRobotPickFood-v1,L2,TwoRobotPickFood,0.0,0.2708773449063301,10,20260511_030005,TwoRobotPickFood
va,dp,siglip2_so400m,dp / siglip2_so400m,15,unseen_finetune,L3_TwoRobotPickFood-v1,L3,TwoRobotPickFood,0.5,0.7378279507160187,10,20260511_030622,TwoRobotPickFood
va,dp,siglip2_so400m,dp / siglip2_so400m,15,unseen_finetune,L0_TwoRobotFoldBox-v1,L0,TwoRobotFoldBox,0.7,0.7580265600699931,10,20260511_030956,TwoRobotFoldBox
va,dp,siglip2_so400m,dp / siglip2_so400m,15,unseen_finetune,L1_TwoRobotFoldBox-v1,L1,TwoRobotFoldBox,0.6,0.6368955885991454,10,20260511_031329,TwoRobotFoldBox
va,dp,siglip2_so400m,dp / siglip2_so400m,15,unseen_finetune,L2_TwoRobotFoldBox-v1,L2,TwoRobotFoldBox,1.0,1.0,10,20260511_031702,TwoRobotFoldBox
va,dp,siglip2_so400m,dp / siglip2_so400m,15,unseen_finetune,L3_TwoRobotFoldBox-v1,L3,TwoRobotFoldBox,0.8,0.8475286468863488,10,20260511_032020,TwoRobotFoldBox
va,dp,siglip2_so400m,dp / siglip2_so400m,15,unseen_scratch,L0_TwoRobotPickRemoteControl-v1,L0,TwoRobotPickRemoteControl,0.2,0.5651484936475754,10,20260514_191948,TwoRobotPickRemoteControl
va,dp,siglip2_so400m,dp / siglip2_so400m,15,unseen_scratch,L1_TwoRobotPickRemoteControl-v1,L1,TwoRobotPickRemoteControl,0.3,0.4952823966741562,10,20260514_193230,TwoRobotPickRemoteControl
va,dp,siglip2_so400m,dp / siglip2_so400m,15,unseen_scratch,L2_TwoRobotPickRemoteControl-v1,L2,TwoRobotPickRemoteControl,0.2,0.2065479015931487,10,20260514_194457,TwoRobotPickRemoteControl
va,dp,siglip2_so400m,dp / siglip2_so400m,15,unseen_scratch,L3_TwoRobotPickRemoteControl-v1,L3,TwoRobotPickRemoteControl,0.5,0.6570297956466675,10,20260514_195744,TwoRobotPickRemoteControl
va,dp,siglip2_so400m,dp / siglip2_so400m,15,unseen_scratch,L0_TwoRobotScanMilkBox-v1,L0,TwoRobotScanMilkBox,0.1,0.6004992812871933,10,20260514_200918,TwoRobotScanMilkBox
va,dp,siglip2_so400m,dp / siglip2_so400m,15,unseen_scratch,L1_TwoRobotScanMilkBox-v1,L1,TwoRobotScanMilkBox,0.0,0.4151451081037521,10,20260514_201825,TwoRobotScanMilkBox
va,dp,siglip2_so400m,dp / siglip2_so400m,15,unseen_scratch,L2_TwoRobotScanMilkBox-v1,L2,TwoRobotScanMilkBox,0.2,0.3227949947118759,10,20260514_202635,TwoRobotScanMilkBox
va,dp,siglip2_so400m,dp / siglip2_so400m,15,unseen_scratch,L3_TwoRobotScanMilkBox-v1,L3,TwoRobotScanMilkBox,0.1,0.4018246874213219,10,20260514_203517,TwoRobotScanMilkBox
va,dp,siglip2_so400m,dp / siglip2_so400m,15,unseen_scratch,L0_TwoRobotPourKettle-v1,L0,TwoRobotPourKettle,0.5,0.6548564925789833,10,20260514_204222,TwoRobotPourKettle
va,dp,siglip2_so400m,dp / siglip2_so400m,15,unseen_scratch,L1_TwoRobotPourKettle-v1,L1,TwoRobotPourKettle,0.2,0.4256346419453621,10,20260514_204836,TwoRobotPourKettle
va,dp,siglip2_so400m,dp / siglip2_so400m,15,unseen_scratch,L2_TwoRobotPourKettle-v1,L2,TwoRobotPourKettle,0.0,0.0046501715667545,10,20260514_205430,TwoRobotPourKettle
va,dp,siglip2_so400m,dp / siglip2_so400m,15,unseen_scratch,L3_TwoRobotPourKettle-v1,L3,TwoRobotPourKettle,0.0,0.348539799451828,10,20260514_205936,TwoRobotPourKettle
va,dp,siglip2_so400m,dp / siglip2_so400m,15,unseen_scratch,L0_TwoRobotPickFood-v1,L0,TwoRobotPickFood,0.0,0.3278144612908363,10,20260514_210620,TwoRobotPickFood
va,dp,siglip2_so400m,dp / siglip2_so400m,15,unseen_scratch,L1_TwoRobotPickFood-v1,L1,TwoRobotPickFood,0.0,0.4330392122268677,10,20260514_211258,TwoRobotPickFood
va,dp,siglip2_so400m,dp / siglip2_so400m,15,unseen_scratch,L2_TwoRobotPickFood-v1,L2,TwoRobotPickFood,0.0,0.1225616976618766,10,20260514_211843,TwoRobotPickFood
va,dp,siglip2_so400m,dp / siglip2_so400m,15,unseen_scratch,L3_TwoRobotPickFood-v1,L3,TwoRobotPickFood,0.1,0.5909036248922348,10,20260514_212434,TwoRobotPickFood
va,dp,siglip2_so400m,dp / siglip2_so400m,15,unseen_scratch,L0_TwoRobotFoldBox-v1,L0,TwoRobotFoldBox,0.3,0.3386108789592981,10,20260514_212800,TwoRobotFoldBox
va,dp,siglip2_so400m,dp / siglip2_so400m,15,unseen_scratch,L1_TwoRobotFoldBox-v1,L1,TwoRobotFoldBox,0.8,0.817313764244318,10,20260514_213130,TwoRobotFoldBox
va,dp,siglip2_so400m,dp / siglip2_so400m,15,unseen_scratch,L2_TwoRobotFoldBox-v1,L2,TwoRobotFoldBox,0.4,0.4194598793052136,10,20260514_213457,TwoRobotFoldBox
va,dp,siglip2_so400m,dp / siglip2_so400m,15,unseen_scratch,L3_TwoRobotFoldBox-v1,L3,TwoRobotFoldBox,0.5,0.5445217433385551,10,20260514_213824,TwoRobotFoldBox
va,dp,siglip2_so400m,dp / siglip2_so400m,30,seen,L0_TwoRobotStirSpoon-v1,L0,TwoRobotStirSpoon,0.2,0.7298313304781914,10,20260509_172902,TwoRobotStirSpoon
va,dp,siglip2_so400m,dp / siglip2_so400m,30,seen,L1_TwoRobotStirSpoon-v1,L1,TwoRobotStirSpoon,0.2,0.6450242415070534,10,20260509_173902,TwoRobotStirSpoon
va,dp,siglip2_so400m,dp / siglip2_so400m,30,seen,L2_TwoRobotStirSpoon-v1,L2,TwoRobotStirSpoon,0.6,0.8855055838823318,10,20260509_174947,TwoRobotStirSpoon
va,dp,siglip2_so400m,dp / siglip2_so400m,30,seen,L3_TwoRobotStirSpoon-v1,L3,TwoRobotStirSpoon,0.2,0.6810791969299317,10,20260509_175930,TwoRobotStirSpoon
va,dp,siglip2_so400m,dp / siglip2_so400m,30,seen,L0_TwoRobotPlacePlateRack-v1,L0,TwoRobotPlacePlateRack,0.8,0.9503150939941406,10,20260509_181409,TwoRobotPlacePlateRack
va,dp,siglip2_so400m,dp / siglip2_so400m,30,seen,L1_TwoRobotPlacePlateRack-v1,L1,TwoRobotPlacePlateRack,0.6,0.7622988134622574,10,20260509_182745,TwoRobotPlacePlateRack
va,dp,siglip2_so400m,dp / siglip2_so400m,30,seen,L2_TwoRobotPlacePlateRack-v1,L2,TwoRobotPlacePlateRack,0.2,0.7556440651416778,10,20260509_184331,TwoRobotPlacePlateRack
va,dp,siglip2_so400m,dp / siglip2_so400m,30,seen,L3_TwoRobotPlacePlateRack-v1,L3,TwoRobotPlacePlateRack,0.9,0.9336839616298676,10,20260509_185322,TwoRobotPlacePlateRack
va,dp,siglip2_so400m,dp / siglip2_so400m,30,seen,L0_TwoRobotPlaceFileFolder-v1,L0,TwoRobotPlaceFileFolder,0.7,0.8704831063747406,10,20260509_190314,TwoRobotPlaceFileFolder
va,dp,siglip2_so400m,dp / siglip2_so400m,30,seen,L1_TwoRobotPlaceFileFolder-v1,L1,TwoRobotPlaceFileFolder,0.5,0.7590801119804382,10,20260509_191341,TwoRobotPlaceFileFolder
va,dp,siglip2_so400m,dp / siglip2_so400m,30,seen,L2_TwoRobotPlaceFileFolder-v1,L2,TwoRobotPlaceFileFolder,0.8,0.8478447869420052,10,20260509_192408,TwoRobotPlaceFileFolder
va,dp,siglip2_so400m,dp / siglip2_so400m,30,seen,L3_TwoRobotPlaceFileFolder-v1,L3,TwoRobotPlaceFileFolder,1.0,1.0,10,20260509_193324,TwoRobotPlaceFileFolder
va,dp,siglip2_so400m,dp / siglip2_so400m,30,seen,L0_TwoRobotFoldTowel-v1,L0,TwoRobotFoldTowel,0.5,0.9499999940395356,10,20260509_195206,TwoRobotFoldTowel
va,dp,siglip2_so400m,dp / siglip2_so400m,30,seen,L1_TwoRobotFoldTowel-v1,L1,TwoRobotFoldTowel,0.0,0.6407407701015473,10,20260509_200804,TwoRobotFoldTowel
va,dp,siglip2_so400m,dp / siglip2_so400m,30,seen,L2_TwoRobotFoldTowel-v1,L2,TwoRobotFoldTowel,0.1,0.685052114725113,10,20260509_202453,TwoRobotFoldTowel
va,dp,siglip2_so400m,dp / siglip2_so400m,30,seen,L3_TwoRobotFoldTowel-v1,L3,TwoRobotFoldTowel,0.7,0.942487370967865,10,20260509_204025,TwoRobotFoldTowel
va,dp,siglip2_so400m,dp / siglip2_so400m,30,seen,L0_TwoRobotPlaceMugRack-v1,L0,TwoRobotPlaceMugRack,0.8,0.983143413066864,10,20260509_204805,TwoRobotPlaceMugRack
va,dp,siglip2_so400m,dp / siglip2_so400m,30,seen,L1_TwoRobotPlaceMugRack-v1,L1,TwoRobotPlaceMugRack,0.9,0.990865969657898,10,20260509_205625,TwoRobotPlaceMugRack
va,dp,siglip2_so400m,dp / siglip2_so400m,30,seen,L2_TwoRobotPlaceMugRack-v1,L2,TwoRobotPlaceMugRack,1.0,1.0,10,20260509_210507,TwoRobotPlaceMugRack
va,dp,siglip2_so400m,dp / siglip2_so400m,30,seen,L3_TwoRobotPlaceMugRack-v1,L3,TwoRobotPlaceMugRack,1.0,1.0,10,20260509_211259,TwoRobotPlaceMugRack
va,dp,siglip2_so400m,dp / siglip2_so400m,30,unseen,L0_TwoRobotPickRemoteControl-v1,L0,TwoRobotPickRemoteControl,0.0,0.1706496879458427,10,20260509_205050,TwoRobotPickRemoteControl
va,dp,siglip2_so400m,dp / siglip2_so400m,30,unseen,L1_TwoRobotPickRemoteControl-v1,L1,TwoRobotPickRemoteControl,0.0,0.1751391321420669,10,20260509_210226,TwoRobotPickRemoteControl
va,dp,siglip2_so400m,dp / siglip2_so400m,30,unseen,L2_TwoRobotPickRemoteControl-v1,L2,TwoRobotPickRemoteControl,0.0,0.0080002307426184,10,20260509_211323,TwoRobotPickRemoteControl
va,dp,siglip2_so400m,dp / siglip2_so400m,30,unseen,L3_TwoRobotPickRemoteControl-v1,L3,TwoRobotPickRemoteControl,0.0,0.6121628485620022,10,20260509_212333,TwoRobotPickRemoteControl
va,dp,siglip2_so400m,dp / siglip2_so400m,30,unseen,L0_TwoRobotScanMilkBox-v1,L0,TwoRobotScanMilkBox,0.0,0.3066621303558349,10,20260509_213159,TwoRobotScanMilkBox
va,dp,siglip2_so400m,dp / siglip2_so400m,30,unseen,L1_TwoRobotScanMilkBox-v1,L1,TwoRobotScanMilkBox,0.0,0.2242596834897995,10,20260509_214019,TwoRobotScanMilkBox
va,dp,siglip2_so400m,dp / siglip2_so400m,30,unseen,L2_TwoRobotScanMilkBox-v1,L2,TwoRobotScanMilkBox,0.0,0.1728119432926178,10,20260509_214855,TwoRobotScanMilkBox
va,dp,siglip2_so400m,dp / siglip2_so400m,30,unseen,L3_TwoRobotScanMilkBox-v1,L3,TwoRobotScanMilkBox,0.0,0.1783487871289253,10,20260509_215619,TwoRobotScanMilkBox
va,dp,siglip2_so400m,dp / siglip2_so400m,30,unseen,L0_TwoRobotPourKettle-v1,L0,TwoRobotPourKettle,0.0,0.121648159623146,10,20260509_220209,TwoRobotPourKettle
va,dp,siglip2_so400m,dp / siglip2_so400m,30,unseen,L1_TwoRobotPourKettle-v1,L1,TwoRobotPourKettle,0.0,0.0834130756556987,10,20260509_220756,TwoRobotPourKettle
va,dp,siglip2_so400m,dp / siglip2_so400m,30,unseen,L2_TwoRobotPourKettle-v1,L2,TwoRobotPourKettle,0.0,0.0043427586089819,10,20260509_221355,TwoRobotPourKettle
va,dp,siglip2_so400m,dp / siglip2_so400m,30,unseen,L3_TwoRobotPourKettle-v1,L3,TwoRobotPourKettle,0.0,0.0316638908348977,10,20260509_221947,TwoRobotPourKettle
va,dp,siglip2_so400m,dp / siglip2_so400m,30,unseen,L0_TwoRobotPickFood-v1,L0,TwoRobotPickFood,0.0,0.2376573950052261,10,20260509_222711,TwoRobotPickFood
va,dp,siglip2_so400m,dp / siglip2_so400m,30,unseen,L1_TwoRobotPickFood-v1,L1,TwoRobotPickFood,0.0,0.217800922691822,10,20260509_223433,TwoRobotPickFood
va,dp,siglip2_so400m,dp / siglip2_so400m,30,unseen,L2_TwoRobotPickFood-v1,L2,TwoRobotPickFood,0.0,0.0100387558341026,10,20260509_224152,TwoRobotPickFood
va,dp,siglip2_so400m,dp / siglip2_so400m,30,unseen,L3_TwoRobotPickFood-v1,L3,TwoRobotPickFood,0.0,0.231437000632286,10,20260509_224918,TwoRobotPickFood
va,dp,siglip2_so400m,dp / siglip2_so400m,30,unseen,L0_TwoRobotFoldBox-v1,L0,TwoRobotFoldBox,0.5,0.5116954514058307,10,20260509_225356,TwoRobotFoldBox
va,dp,siglip2_so400m,dp / siglip2_so400m,30,unseen,L1_TwoRobotFoldBox-v1,L1,TwoRobotFoldBox,0.4,0.4647020820528268,10,20260509_225835,TwoRobotFoldBox
va,dp,siglip2_so400m,dp / siglip2_so400m,30,unseen,L2_TwoRobotFoldBox-v1,L2,TwoRobotFoldBox,0.3,0.3074990180553868,10,20260509_230334,TwoRobotFoldBox
va,dp,siglip2_so400m,dp / siglip2_so400m,30,unseen,L3_TwoRobotFoldBox-v1,L3,TwoRobotFoldBox,0.0,0.0397757738828659,10,20260509_230817,TwoRobotFoldBox
va,dp,siglip2_so400m,dp / siglip2_so400m,30,unseen_finetune,L0_TwoRobotPickRemoteControl-v1,L0,TwoRobotPickRemoteControl,1.0,1.0,10,20260510_222832,TwoRobotPickRemoteControl
va,dp,siglip2_so400m,dp / siglip2_so400m,30,unseen_finetune,L1_TwoRobotPickRemoteControl-v1,L1,TwoRobotPickRemoteControl,0.9,0.9308450043201446,10,20260510_224636,TwoRobotPickRemoteControl
va,dp,siglip2_so400m,dp / siglip2_so400m,30,unseen_finetune,L2_TwoRobotPickRemoteControl-v1,L2,TwoRobotPickRemoteControl,0.2,0.2064724135678261,10,20260510_230401,TwoRobotPickRemoteControl
va,dp,siglip2_so400m,dp / siglip2_so400m,30,unseen_finetune,L3_TwoRobotPickRemoteControl-v1,L3,TwoRobotPickRemoteControl,0.7,0.8545750707387925,10,20260510_232042,TwoRobotPickRemoteControl
va,dp,siglip2_so400m,dp / siglip2_so400m,30,unseen_finetune,L0_TwoRobotScanMilkBox-v1,L0,TwoRobotScanMilkBox,0.0,0.6165637016296387,10,20260510_233224,TwoRobotScanMilkBox
va,dp,siglip2_so400m,dp / siglip2_so400m,30,unseen_finetune,L1_TwoRobotScanMilkBox-v1,L1,TwoRobotScanMilkBox,0.0,0.6271190106868744,10,20260510_234151,TwoRobotScanMilkBox
va,dp,siglip2_so400m,dp / siglip2_so400m,30,unseen_finetune,L0_TwoRobotPickFood-v1,L0,TwoRobotPickFood,0.2,0.6631971895694733,10,20260511_015231,TwoRobotPickFood
va,dp,siglip2_so400m,dp / siglip2_so400m,30,unseen_finetune,L1_TwoRobotPickFood-v1,L1,TwoRobotPickFood,0.0,0.7025433421134949,10,20260511_020236,TwoRobotPickFood
va,dp,siglip2_so400m,dp / siglip2_so400m,30,unseen_finetune,L2_TwoRobotPickFood-v1,L2,TwoRobotPickFood,0.1,0.5136738270521164,10,20260511_021341,TwoRobotPickFood
va,dp,siglip2_so400m,dp / siglip2_so400m,30,unseen_finetune,L3_TwoRobotPickFood-v1,L3,TwoRobotPickFood,0.3,0.7340564429759979,10,20260511_022410,TwoRobotPickFood
va,dp,siglip2_so400m,dp / siglip2_so400m,30,unseen_finetune,L0_TwoRobotFoldBox-v1,L0,TwoRobotFoldBox,0.6,0.6025431950110942,10,20260511_023013,TwoRobotFoldBox
va,dp,siglip2_so400m,dp / siglip2_so400m,30,unseen_finetune,L1_TwoRobotFoldBox-v1,L1,TwoRobotFoldBox,0.7,0.7324415162205696,10,20260511_023558,TwoRobotFoldBox
va,dp,siglip2_so400m,dp / siglip2_so400m,30,unseen_finetune,L2_TwoRobotFoldBox-v1,L2,TwoRobotFoldBox,1.0,1.0,10,20260511_024147,TwoRobotFoldBox
va,dp,siglip2_so400m,dp / siglip2_so400m,30,unseen_finetune,L3_TwoRobotFoldBox-v1,L3,TwoRobotFoldBox,1.0,1.0,10,20260511_024720,TwoRobotFoldBox
va,dp,siglip2_so400m,dp / siglip2_so400m,30,unseen_finetune,L2_TwoRobotScanMilkBox-v1,L2,TwoRobotScanMilkBox,0.5,0.598849605023861,10,20260510_235810,TwoRobotScanMilkBox
va,dp,siglip2_so400m,dp / siglip2_so400m,30,unseen_finetune,L3_TwoRobotScanMilkBox-v1,L3,TwoRobotScanMilkBox,0.0,0.42166428565979,10,20260511_000912,TwoRobotScanMilkBox
va,dp,siglip2_so400m,dp / siglip2_so400m,30,unseen_finetune,L0_TwoRobotPourKettle-v1,L0,TwoRobotPourKettle,0.8,0.8447787314653397,10,20260511_001742,TwoRobotPourKettle
va,dp,siglip2_so400m,dp / siglip2_so400m,30,unseen_finetune,L1_TwoRobotPourKettle-v1,L1,TwoRobotPourKettle,0.2,0.6770862862467766,10,20260511_002704,TwoRobotPourKettle
va,dp,siglip2_so400m,dp / siglip2_so400m,30,unseen_finetune,L2_TwoRobotPourKettle-v1,L2,TwoRobotPourKettle,0.0,0.0125074465293437,10,20260511_003629,TwoRobotPourKettle
va,dp,siglip2_so400m,dp / siglip2_so400m,30,unseen_finetune,L3_TwoRobotPourKettle-v1,L3,TwoRobotPourKettle,0.5,0.6802363947033883,10,20260511_004528,TwoRobotPourKettle
va,dp,siglip2_so400m,dp / siglip2_so400m,30,unseen_scratch,L0_TwoRobotPickFood-v1,L0,TwoRobotPickFood,0.0,0.3839904189109802,10,20260514_233210,TwoRobotPickFood
va,dp,siglip2_so400m,dp / siglip2_so400m,30,unseen_scratch,L1_TwoRobotPickFood-v1,L1,TwoRobotPickFood,0.0,0.3954536139965057,10,20260514_234347,TwoRobotPickFood
va,dp,siglip2_so400m,dp / siglip2_so400m,30,unseen_scratch,L0_TwoRobotPickRemoteControl-v1,L0,TwoRobotPickRemoteControl,0.3,0.5557503223419189,10,20260514_204529,TwoRobotPickRemoteControl
va,dp,siglip2_so400m,dp / siglip2_so400m,30,unseen_scratch,L1_TwoRobotPickRemoteControl-v1,L1,TwoRobotPickRemoteControl,0.4,0.7223026841878891,10,20260514_205619,TwoRobotPickRemoteControl
va,dp,siglip2_so400m,dp / siglip2_so400m,30,unseen_scratch,L2_TwoRobotPickRemoteControl-v1,L2,TwoRobotPickRemoteControl,0.1,0.1072500847745686,10,20260514_210507,TwoRobotPickRemoteControl
va,dp,siglip2_so400m,dp / siglip2_so400m,30,unseen_scratch,L3_TwoRobotPickRemoteControl-v1,L3,TwoRobotPickRemoteControl,0.1,0.5142788767814637,10,20260514_211354,TwoRobotPickRemoteControl
va,dp,siglip2_so400m,dp / siglip2_so400m,30,unseen_scratch,L0_TwoRobotScanMilkBox-v1,L0,TwoRobotScanMilkBox,0.1,0.6142660796642303,10,20260514_212213,TwoRobotScanMilkBox
va,dp,siglip2_so400m,dp / siglip2_so400m,30,unseen_scratch,L1_TwoRobotScanMilkBox-v1,L1,TwoRobotScanMilkBox,0.0,0.4799822330474853,10,20260514_213049,TwoRobotScanMilkBox
va,dp,siglip2_so400m,dp / siglip2_so400m,30,unseen_scratch,L2_TwoRobotScanMilkBox-v1,L2,TwoRobotScanMilkBox,0.2,0.3528250634670257,10,20260514_213831,TwoRobotScanMilkBox
va,dp,siglip2_so400m,dp / siglip2_so400m,30,unseen_scratch,L3_TwoRobotScanMilkBox-v1,L3,TwoRobotScanMilkBox,0.0,0.3542166471481323,10,20260514_214438,TwoRobotScanMilkBox
va,dp,siglip2_so400m,dp / siglip2_so400m,30,unseen_scratch,L0_TwoRobotPourKettle-v1,L0,TwoRobotPourKettle,0.1,0.4439434915781021,10,20260514_214936,TwoRobotPourKettle
va,dp,siglip2_so400m,dp / siglip2_so400m,30,unseen_scratch,L1_TwoRobotPourKettle-v1,L1,TwoRobotPourKettle,0.3,0.5932368651032448,10,20260514_215352,TwoRobotPourKettle
va,dp,siglip2_so400m,dp / siglip2_so400m,30,unseen_scratch,L2_TwoRobotPourKettle-v1,L2,TwoRobotPourKettle,0.0,0.0059467513579875,10,20260514_215805,TwoRobotPourKettle
va,dp,siglip2_so400m,dp / siglip2_so400m,30,unseen_scratch,L3_TwoRobotPourKettle-v1,L3,TwoRobotPourKettle,0.0,0.3144019782543182,10,20260514_220214,TwoRobotPourKettle
va,dp,siglip2_so400m,dp / siglip2_so400m,30,unseen_scratch,L2_TwoRobotPickFood-v1,L2,TwoRobotPickFood,0.0,0.1209058135747909,10,20260515_022435,TwoRobotPickFood
va,dp,siglip2_so400m,dp / siglip2_so400m,30,unseen_scratch,L3_TwoRobotPickFood-v1,L3,TwoRobotPickFood,0.3,0.6165144801139831,10,20260515_023216,TwoRobotPickFood
va,dp,siglip2_so400m,dp / siglip2_so400m,30,unseen_scratch,L0_TwoRobotFoldBox-v1,L0,TwoRobotFoldBox,0.6,0.6187796954996884,10,20260515_023659,TwoRobotFoldBox
va,dp,siglip2_so400m,dp / siglip2_so400m,30,unseen_scratch,L1_TwoRobotFoldBox-v1,L1,TwoRobotFoldBox,0.4,0.4488608088344336,10,20260515_024151,TwoRobotFoldBox
va,dp,siglip2_so400m,dp / siglip2_so400m,30,unseen_scratch,L2_TwoRobotFoldBox-v1,L2,TwoRobotFoldBox,0.6,0.6071827237494289,10,20260515_024705,TwoRobotFoldBox
va,dp,siglip2_so400m,dp / siglip2_so400m,30,unseen_scratch,L3_TwoRobotFoldBox-v1,L3,TwoRobotFoldBox,0.1,0.1302167888730764,10,20260515_025238,TwoRobotFoldBox
va,dp,siglip2_so400m,dp / siglip2_so400m,45,seen,L0_TwoRobotFoldTowel-v1,L0,TwoRobotFoldTowel,1.0,1.0,10,20260510_132804,TwoRobotFoldTowel
va,dp,siglip2_so400m,dp / siglip2_so400m,45,seen,L1_TwoRobotFoldTowel-v1,L1,TwoRobotFoldTowel,0.7,0.9262552857398988,10,20260510_134555,TwoRobotFoldTowel
va,dp,siglip2_so400m,dp / siglip2_so400m,45,seen,L2_TwoRobotFoldTowel-v1,L2,TwoRobotFoldTowel,0.3,0.7159669309854507,10,20260510_140244,TwoRobotFoldTowel
va,dp,siglip2_so400m,dp / siglip2_so400m,45,seen,L3_TwoRobotPlacePlateRack-v1,L3,TwoRobotPlacePlateRack,0.9,0.9358634322881698,10,20260510_001700,TwoRobotPlacePlateRack
va,dp,siglip2_so400m,dp / siglip2_so400m,45,seen,L0_TwoRobotPlaceFileFolder-v1,L0,TwoRobotPlaceFileFolder,0.6,0.8194352626800537,10,20260510_002401,TwoRobotPlaceFileFolder
va,dp,siglip2_so400m,dp / siglip2_so400m,45,seen,L1_TwoRobotPlaceFileFolder-v1,L1,TwoRobotPlaceFileFolder,1.0,1.0,10,20260510_003056,TwoRobotPlaceFileFolder
va,dp,siglip2_so400m,dp / siglip2_so400m,45,seen,L2_TwoRobotPlaceFileFolder-v1,L2,TwoRobotPlaceFileFolder,0.4,0.5433473140001297,10,20260510_003747,TwoRobotPlaceFileFolder
va,dp,siglip2_so400m,dp / siglip2_so400m,45,seen,L3_TwoRobotPlaceFileFolder-v1,L3,TwoRobotPlaceFileFolder,0.7,0.8167474746704102,10,20260510_004405,TwoRobotPlaceFileFolder
va,dp,siglip2_so400m,dp / siglip2_so400m,45,seen,L3_TwoRobotFoldTowel-v1,L3,TwoRobotFoldTowel,0.6,0.9368102312088012,10,20260510_145516,TwoRobotFoldTowel
va,dp,siglip2_so400m,dp / siglip2_so400m,45,seen,L0_TwoRobotPlaceMugRack-v1,L0,TwoRobotPlaceMugRack,0.8,1.0,10,20260510_150217,TwoRobotPlaceMugRack
va,dp,siglip2_so400m,dp / siglip2_so400m,45,seen,L1_TwoRobotPlaceMugRack-v1,L1,TwoRobotPlaceMugRack,0.9,0.911499872803688,10,20260510_150944,TwoRobotPlaceMugRack
va,dp,siglip2_so400m,dp / siglip2_so400m,45,seen,L2_TwoRobotPlaceMugRack-v1,L2,TwoRobotPlaceMugRack,1.0,1.0,10,20260510_151700,TwoRobotPlaceMugRack
va,dp,siglip2_so400m,dp / siglip2_so400m,45,seen,L3_TwoRobotPlaceMugRack-v1,L3,TwoRobotPlaceMugRack,0.9,1.0,10,20260510_152328,TwoRobotPlaceMugRack
va,dp,siglip2_so400m,dp / siglip2_so400m,45,seen,L0_TwoRobotStirSpoon-v1,L0,TwoRobotStirSpoon,0.1,0.5196116894483567,10,20260509_231551,TwoRobotStirSpoon
va,dp,siglip2_so400m,dp / siglip2_so400m,45,seen,L1_TwoRobotStirSpoon-v1,L1,TwoRobotStirSpoon,0.1,0.5181485950946808,10,20260509_232159,TwoRobotStirSpoon
va,dp,siglip2_so400m,dp / siglip2_so400m,45,seen,L2_TwoRobotStirSpoon-v1,L2,TwoRobotStirSpoon,0.4,0.7617686599493027,10,20260509_232823,TwoRobotStirSpoon
va,dp,siglip2_so400m,dp / siglip2_so400m,45,seen,L3_TwoRobotStirSpoon-v1,L3,TwoRobotStirSpoon,0.2,0.5434442162513733,10,20260509_233442,TwoRobotStirSpoon
va,dp,siglip2_so400m,dp / siglip2_so400m,45,seen,L0_TwoRobotPlacePlateRack-v1,L0,TwoRobotPlacePlateRack,1.0,1.0,10,20260509_234508,TwoRobotPlacePlateRack
va,dp,siglip2_so400m,dp / siglip2_so400m,45,seen,L1_TwoRobotPlacePlateRack-v1,L1,TwoRobotPlacePlateRack,0.6,0.6974690616130829,10,20260509_235508,TwoRobotPlacePlateRack
va,dp,siglip2_so400m,dp / siglip2_so400m,45,seen,L2_TwoRobotPlacePlateRack-v1,L2,TwoRobotPlacePlateRack,0.4,0.8557165175676346,10,20260510_000457,TwoRobotPlacePlateRack
va,dp,siglip2_so400m,dp / siglip2_so400m,45,unseen,L0_TwoRobotPickRemoteControl-v1,L0,TwoRobotPickRemoteControl,0.0,0.1268337681889534,10,20260509_205653,TwoRobotPickRemoteControl
va,dp,siglip2_so400m,dp / siglip2_so400m,45,unseen,L1_TwoRobotPickRemoteControl-v1,L1,TwoRobotPickRemoteControl,0.0,0.1280226469039917,10,20260509_210839,TwoRobotPickRemoteControl
va,dp,siglip2_so400m,dp / siglip2_so400m,45,unseen,L2_TwoRobotPickRemoteControl-v1,L2,TwoRobotPickRemoteControl,0.0,0.0078559947200119,10,20260509_211852,TwoRobotPickRemoteControl
va,dp,siglip2_so400m,dp / siglip2_so400m,45,unseen,L3_TwoRobotPickRemoteControl-v1,L3,TwoRobotPickRemoteControl,0.0,0.1940882503986358,10,20260509_212804,TwoRobotPickRemoteControl
va,dp,siglip2_so400m,dp / siglip2_so400m,45,unseen,L0_TwoRobotScanMilkBox-v1,L0,TwoRobotScanMilkBox,0.0,0.4278938770294189,10,20260509_213631,TwoRobotScanMilkBox
va,dp,siglip2_so400m,dp / siglip2_so400m,45,unseen,L1_TwoRobotScanMilkBox-v1,L1,TwoRobotScanMilkBox,0.0,0.2851757019758224,10,20260509_214527,TwoRobotScanMilkBox
va,dp,siglip2_so400m,dp / siglip2_so400m,45,unseen,L2_TwoRobotScanMilkBox-v1,L2,TwoRobotScanMilkBox,0.0,0.0393085485324263,10,20260509_215429,TwoRobotScanMilkBox
va,dp,siglip2_so400m,dp / siglip2_so400m,45,unseen,L3_TwoRobotScanMilkBox-v1,L3,TwoRobotScanMilkBox,0.0,0.1433754622936248,10,20260509_220219,TwoRobotScanMilkBox
va,dp,siglip2_so400m,dp / siglip2_so400m,45,unseen,L0_TwoRobotPourKettle-v1,L0,TwoRobotPourKettle,0.0,0.1105957224965095,10,20260509_220804,TwoRobotPourKettle
va,dp,siglip2_so400m,dp / siglip2_so400m,45,unseen,L1_TwoRobotPourKettle-v1,L1,TwoRobotPourKettle,0.0,0.0806320235133171,10,20260509_221402,TwoRobotPourKettle
va,dp,siglip2_so400m,dp / siglip2_so400m,45,unseen,L2_TwoRobotPourKettle-v1,L2,TwoRobotPourKettle,0.0,0.0046467344276607,10,20260509_221954,TwoRobotPourKettle
va,dp,siglip2_so400m,dp / siglip2_so400m,45,unseen,L3_TwoRobotPourKettle-v1,L3,TwoRobotPourKettle,0.0,0.1463666468858719,10,20260509_222525,TwoRobotPourKettle
va,dp,siglip2_so400m,dp / siglip2_so400m,45,unseen,L0_TwoRobotPickFood-v1,L0,TwoRobotPickFood,0.0,0.2099437236785888,10,20260509_223257,TwoRobotPickFood
va,dp,siglip2_so400m,dp / siglip2_so400m,45,unseen,L1_TwoRobotPickFood-v1,L1,TwoRobotPickFood,0.0,0.1242170840501785,10,20260509_224017,TwoRobotPickFood
va,dp,siglip2_so400m,dp / siglip2_so400m,45,unseen,L2_TwoRobotPickFood-v1,L2,TwoRobotPickFood,0.0,0.0110997334122657,10,20260509_224742,TwoRobotPickFood
va,dp,siglip2_so400m,dp / siglip2_so400m,45,unseen,L3_TwoRobotPickFood-v1,L3,TwoRobotPickFood,0.0,0.2346309632062912,10,20260509_225546,TwoRobotPickFood
va,dp,siglip2_so400m,dp / siglip2_so400m,45,unseen,L0_TwoRobotFoldBox-v1,L0,TwoRobotFoldBox,0.0,0.0072474280837923,10,20260509_230045,TwoRobotFoldBox
va,dp,siglip2_so400m,dp / siglip2_so400m,45,unseen,L1_TwoRobotFoldBox-v1,L1,TwoRobotFoldBox,0.3,0.4760160520672798,10,20260509_230546,TwoRobotFoldBox
va,dp,siglip2_so400m,dp / siglip2_so400m,45,unseen,L2_TwoRobotFoldBox-v1,L2,TwoRobotFoldBox,0.3,0.5076256659347564,10,20260509_231010,TwoRobotFoldBox
va,dp,siglip2_so400m,dp / siglip2_so400m,45,unseen,L3_TwoRobotFoldBox-v1,L3,TwoRobotFoldBox,0.0,0.0668459010310471,10,20260509_231428,TwoRobotFoldBox
va,dp,siglip2_so400m,dp / siglip2_so400m,45,unseen_finetune,L0_TwoRobotPickRemoteControl-v1,L0,TwoRobotPickRemoteControl,0.9,0.9355994284152984,10,20260511_062809,TwoRobotPickRemoteControl
va,dp,siglip2_so400m,dp / siglip2_so400m,45,unseen_finetune,L1_TwoRobotPickRemoteControl-v1,L1,TwoRobotPickRemoteControl,1.0,1.0,10,20260511_063625,TwoRobotPickRemoteControl
va,dp,siglip2_so400m,dp / siglip2_so400m,45,unseen_finetune,L2_TwoRobotPickRemoteControl-v1,L2,TwoRobotPickRemoteControl,0.4,0.4056077170185744,10,20260511_064422,TwoRobotPickRemoteControl
va,dp,siglip2_so400m,dp / siglip2_so400m,45,unseen_finetune,L3_TwoRobotPickRemoteControl-v1,L3,TwoRobotPickRemoteControl,0.9,0.9523105144500732,10,20260511_065305,TwoRobotPickRemoteControl
va,dp,siglip2_so400m,dp / siglip2_so400m,45,unseen_finetune,L0_TwoRobotScanMilkBox-v1,L0,TwoRobotScanMilkBox,0.6,0.8502504885196686,10,20260511_070106,TwoRobotScanMilkBox
va,dp,siglip2_so400m,dp / siglip2_so400m,45,unseen_finetune,L1_TwoRobotScanMilkBox-v1,L1,TwoRobotScanMilkBox,0.2,0.708688223361969,10,20260511_070821,TwoRobotScanMilkBox
va,dp,siglip2_so400m,dp / siglip2_so400m,45,unseen_finetune,L2_TwoRobotScanMilkBox-v1,L2,TwoRobotScanMilkBox,0.8,0.8421606928110122,10,20260511_071445,TwoRobotScanMilkBox
va,dp,siglip2_so400m,dp / siglip2_so400m,45,unseen_finetune,L3_TwoRobotScanMilkBox-v1,L3,TwoRobotScanMilkBox,0.3,0.6189082801342011,10,20260511_071948,TwoRobotScanMilkBox
va,dp,siglip2_so400m,dp / siglip2_so400m,45,unseen_finetune,L0_TwoRobotPourKettle-v1,L0,TwoRobotPourKettle,0.8,0.9484097003936768,10,20260511_072336,TwoRobotPourKettle
va,dp,siglip2_so400m,dp / siglip2_so400m,45,unseen_finetune,L1_TwoRobotPourKettle-v1,L1,TwoRobotPourKettle,0.4,0.6618865102529525,10,20260511_072712,TwoRobotPourKettle
va,dp,siglip2_so400m,dp / siglip2_so400m,45,unseen_finetune,L2_TwoRobotPourKettle-v1,L2,TwoRobotPourKettle,0.0,0.0072455683723092,10,20260511_073044,TwoRobotPourKettle
va,dp,siglip2_so400m,dp / siglip2_so400m,45,unseen_finetune,L3_TwoRobotPourKettle-v1,L3,TwoRobotPourKettle,0.5,0.7032861545681953,10,20260511_073417,TwoRobotPourKettle
va,dp,siglip2_so400m,dp / siglip2_so400m,45,unseen_finetune,L0_TwoRobotPickFood-v1,L0,TwoRobotPickFood,0.2,0.7052031397819519,10,20260511_073912,TwoRobotPickFood
va,dp,siglip2_so400m,dp / siglip2_so400m,45,unseen_finetune,L1_TwoRobotPickFood-v1,L1,TwoRobotPickFood,0.5,0.8311217665672302,10,20260511_074403,TwoRobotPickFood
va,dp,siglip2_so400m,dp / siglip2_so400m,45,unseen_finetune,L2_TwoRobotPickFood-v1,L2,TwoRobotPickFood,0.1,0.4659673288464546,10,20260511_074852,TwoRobotPickFood
va,dp,siglip2_so400m,dp / siglip2_so400m,45,unseen_finetune,L3_TwoRobotPickFood-v1,L3,TwoRobotPickFood,0.4,0.7877284348011017,10,20260511_075342,TwoRobotPickFood
va,dp,siglip2_so400m,dp / siglip2_so400m,45,unseen_finetune,L0_TwoRobotFoldBox-v1,L0,TwoRobotFoldBox,1.0,1.0,10,20260511_075625,TwoRobotFoldBox
va,dp,siglip2_so400m,dp / siglip2_so400m,45,unseen_finetune,L1_TwoRobotFoldBox-v1,L1,TwoRobotFoldBox,1.0,1.0,10,20260511_075908,TwoRobotFoldBox
va,dp,siglip2_so400m,dp / siglip2_so400m,45,unseen_finetune,L2_TwoRobotFoldBox-v1,L2,TwoRobotFoldBox,1.0,1.0,10,20260511_080156,TwoRobotFoldBox
va,dp,siglip2_so400m,dp / siglip2_so400m,45,unseen_finetune,L3_TwoRobotFoldBox-v1,L3,TwoRobotFoldBox,0.8,0.8036481108516454,10,20260511_080439,TwoRobotFoldBox
va,dp,siglip2_so400m,dp / siglip2_so400m,45,unseen_scratch,L3_TwoRobotPickRemoteControl-v1,L3,TwoRobotPickRemoteControl,0.5,0.6752361208200455,10,20260515_125131,TwoRobotPickRemoteControl
va,dp,siglip2_so400m,dp / siglip2_so400m,45,unseen_scratch,L0_TwoRobotScanMilkBox-v1,L0,TwoRobotScanMilkBox,0.1,0.5726074665784836,10,20260515_125908,TwoRobotScanMilkBox
va,dp,siglip2_so400m,dp / siglip2_so400m,45,unseen_scratch,L1_TwoRobotScanMilkBox-v1,L1,TwoRobotScanMilkBox,0.0,0.3851003110408783,10,20260515_130649,TwoRobotScanMilkBox
va,dp,siglip2_so400m,dp / siglip2_so400m,45,unseen_scratch,L2_TwoRobotScanMilkBox-v1,L2,TwoRobotScanMilkBox,0.0,0.1373547226190567,10,20260515_131338,TwoRobotScanMilkBox
va,dp,siglip2_so400m,dp / siglip2_so400m,45,unseen_scratch,L3_TwoRobotScanMilkBox-v1,L3,TwoRobotScanMilkBox,0.1,0.4070617154240608,10,20260515_131838,TwoRobotScanMilkBox
va,dp,siglip2_so400m,dp / siglip2_so400m,45,unseen_scratch,L0_TwoRobotPourKettle-v1,L0,TwoRobotPourKettle,0.3,0.4947015359997749,10,20260515_132216,TwoRobotPourKettle
va,dp,siglip2_so400m,dp / siglip2_so400m,45,unseen_scratch,L1_TwoRobotPourKettle-v1,L1,TwoRobotPourKettle,0.2,0.4593108221888542,10,20260515_132554,TwoRobotPourKettle
va,dp,siglip2_so400m,dp / siglip2_so400m,45,unseen_scratch,L2_TwoRobotPourKettle-v1,L2,TwoRobotPourKettle,0.0,0.0064832210540771,10,20260515_132933,TwoRobotPourKettle
va,dp,siglip2_so400m,dp / siglip2_so400m,45,unseen_scratch,L3_TwoRobotPourKettle-v1,L3,TwoRobotPourKettle,0.0,0.2758487164974212,10,20260515_133317,TwoRobotPourKettle
va,dp,siglip2_so400m,dp / siglip2_so400m,45,unseen_scratch,L0_TwoRobotPickFood-v1,L0,TwoRobotPickFood,0.0,0.3601542264223099,10,20260515_133834,TwoRobotPickFood
va,dp,siglip2_so400m,dp / siglip2_so400m,45,unseen_scratch,L1_TwoRobotPickFood-v1,L1,TwoRobotPickFood,0.0,0.4288560628890991,10,20260515_134356,TwoRobotPickFood
va,dp,siglip2_so400m,dp / siglip2_so400m,45,unseen_scratch,L2_TwoRobotPickFood-v1,L2,TwoRobotPickFood,0.0,0.1220772609114646,10,20260515_134907,TwoRobotPickFood
va,dp,siglip2_so400m,dp / siglip2_so400m,45,unseen_scratch,L3_TwoRobotPickFood-v1,L3,TwoRobotPickFood,0.2,0.6746132284402847,10,20260515_135413,TwoRobotPickFood
va,dp,siglip2_so400m,dp / siglip2_so400m,45,unseen_scratch,L0_TwoRobotFoldBox-v1,L0,TwoRobotFoldBox,0.7,0.766855226457119,10,20260515_135657,TwoRobotFoldBox
va,dp,siglip2_so400m,dp / siglip2_so400m,45,unseen_scratch,L1_TwoRobotFoldBox-v1,L1,TwoRobotFoldBox,0.8,0.8158149410039186,10,20260515_135941,TwoRobotFoldBox
va,dp,siglip2_so400m,dp / siglip2_so400m,45,unseen_scratch,L2_TwoRobotFoldBox-v1,L2,TwoRobotFoldBox,0.3,0.3174512221012264,10,20260515_140227,TwoRobotFoldBox
va,dp,siglip2_so400m,dp / siglip2_so400m,45,unseen_scratch,L3_TwoRobotFoldBox-v1,L3,TwoRobotFoldBox,0.1,0.1544998845085501,10,20260515_140516,TwoRobotFoldBox
va,dp,siglip2_so400m,dp / siglip2_so400m,45,unseen_scratch,L2_TwoRobotPickRemoteControl-v1,L2,TwoRobotPickRemoteControl,0.3,0.3057077121920883,10,20260514_234709,TwoRobotPickRemoteControl
va,dp,siglip2_so400m,dp / siglip2_so400m,45,unseen_scratch,L0_TwoRobotPickRemoteControl-v1,L0,TwoRobotPickRemoteControl,0.4,0.6619011640548706,10,20260514_204336,TwoRobotPickRemoteControl
va,dp,siglip2_so400m,dp / siglip2_so400m,45,unseen_scratch,L1_TwoRobotPickRemoteControl-v1,L1,TwoRobotPickRemoteControl,0.2,0.5794649153947831,10,20260514_205425,TwoRobotPickRemoteControl
va,dp,videomae_large,dp / videomae_large,15,seen,L0_TwoRobotStirSpoon-v1,L0,TwoRobotStirSpoon,0.0,0.3730260893702507,10,20260512_032916,TwoRobotStirSpoon
va,dp,videomae_large,dp / videomae_large,15,seen,L1_TwoRobotStirSpoon-v1,L1,TwoRobotStirSpoon,0.1,0.4685398653149605,10,20260512_034056,TwoRobotStirSpoon
va,dp,videomae_large,dp / videomae_large,15,seen,L2_TwoRobotStirSpoon-v1,L2,TwoRobotStirSpoon,0.4,0.6537919928319752,10,20260512_035156,TwoRobotStirSpoon
va,dp,videomae_large,dp / videomae_large,15,seen,L3_TwoRobotStirSpoon-v1,L3,TwoRobotStirSpoon,0.3,0.6639243498444557,10,20260512_040159,TwoRobotStirSpoon
va,dp,videomae_large,dp / videomae_large,15,seen,L0_TwoRobotPlacePlateRack-v1,L0,TwoRobotPlacePlateRack,0.0,0.386811101436615,10,20260512_041518,TwoRobotPlacePlateRack
va,dp,videomae_large,dp / videomae_large,15,seen,L1_TwoRobotPlacePlateRack-v1,L1,TwoRobotPlacePlateRack,0.0,0.3602378070354461,10,20260512_042855,TwoRobotPlacePlateRack
va,dp,videomae_large,dp / videomae_large,15,seen,L2_TwoRobotPlacePlateRack-v1,L2,TwoRobotPlacePlateRack,0.0,0.24412242770195,10,20260512_044216,TwoRobotPlacePlateRack
va,dp,videomae_large,dp / videomae_large,15,seen,L3_TwoRobotPlacePlateRack-v1,L3,TwoRobotPlacePlateRack,0.1,0.4632874995470047,10,20260512_044942,TwoRobotPlacePlateRack
va,dp,videomae_large,dp / videomae_large,15,seen,L0_TwoRobotPlaceFileFolder-v1,L0,TwoRobotPlaceFileFolder,0.8,0.90539590716362,10,20260512_045651,TwoRobotPlaceFileFolder
va,dp,videomae_large,dp / videomae_large,15,seen,L1_TwoRobotPlaceFileFolder-v1,L1,TwoRobotPlaceFileFolder,0.5,0.745376181602478,10,20260512_050404,TwoRobotPlaceFileFolder
va,dp,videomae_large,dp / videomae_large,15,seen,L2_TwoRobotPlaceFileFolder-v1,L2,TwoRobotPlaceFileFolder,0.4,0.5433253765106201,10,20260512_051113,TwoRobotPlaceFileFolder
va,dp,videomae_large,dp / videomae_large,15,seen,L3_TwoRobotPlaceFileFolder-v1,L3,TwoRobotPlaceFileFolder,0.1,0.3545613914728164,10,20260512_051752,TwoRobotPlaceFileFolder
va,dp,videomae_large,dp / videomae_large,15,seen,L0_TwoRobotFoldTowel-v1,L0,TwoRobotFoldTowel,0.4,0.899999988079071,10,20260512_053121,TwoRobotFoldTowel
va,dp,videomae_large,dp / videomae_large,15,seen,L1_TwoRobotFoldTowel-v1,L1,TwoRobotFoldTowel,0.3,0.7364399418234825,10,20260512_054524,TwoRobotFoldTowel
va,dp,videomae_large,dp / videomae_large,15,seen,L2_TwoRobotFoldTowel-v1,L2,TwoRobotFoldTowel,0.1,0.6440747529268265,10,20260512_055942,TwoRobotFoldTowel
va,dp,videomae_large,dp / videomae_large,15,seen,L3_TwoRobotFoldTowel-v1,L3,TwoRobotFoldTowel,0.1,0.8017472296953201,10,20260512_061506,TwoRobotFoldTowel
va,dp,videomae_large,dp / videomae_large,15,seen,L0_TwoRobotPlaceMugRack-v1,L0,TwoRobotPlaceMugRack,0.0,0.9049902081489564,10,20260512_062254,TwoRobotPlaceMugRack
va,dp,videomae_large,dp / videomae_large,15,seen,L1_TwoRobotPlaceMugRack-v1,L1,TwoRobotPlaceMugRack,0.2,0.9516173839569092,10,20260512_063017,TwoRobotPlaceMugRack
va,dp,videomae_large,dp / videomae_large,15,seen,L2_TwoRobotPlaceMugRack-v1,L2,TwoRobotPlaceMugRack,0.0,0.1003987058997154,10,20260512_063748,TwoRobotPlaceMugRack
va,dp,videomae_large,dp / videomae_large,15,seen,L3_TwoRobotPlaceMugRack-v1,L3,TwoRobotPlaceMugRack,0.9,1.0,10,20260512_064435,TwoRobotPlaceMugRack
va,dp,videomae_large,dp / videomae_large,15,unseen,L2_TwoRobotPickRemoteControl-v1,L2,TwoRobotPickRemoteControl,0.0,0.0080987572669982,10,20260510_010410,TwoRobotPickRemoteControl
va,dp,videomae_large,dp / videomae_large,15,unseen,L3_TwoRobotPickRemoteControl-v1,L3,TwoRobotPickRemoteControl,0.0,0.3358929172158241,10,20260510_011603,TwoRobotPickRemoteControl
va,dp,videomae_large,dp / videomae_large,15,unseen,L0_TwoRobotScanMilkBox-v1,L0,TwoRobotScanMilkBox,0.0,0.3595353633165359,10,20260510_012500,TwoRobotScanMilkBox
va,dp,videomae_large,dp / videomae_large,15,unseen,L1_TwoRobotScanMilkBox-v1,L1,TwoRobotScanMilkBox,0.0,0.2906077414751052,10,20260510_013342,TwoRobotScanMilkBox
va,dp,videomae_large,dp / videomae_large,15,unseen,L2_TwoRobotScanMilkBox-v1,L2,TwoRobotScanMilkBox,0.0,0.1484402783215045,10,20260510_014104,TwoRobotScanMilkBox
va,dp,videomae_large,dp / videomae_large,15,unseen,L3_TwoRobotScanMilkBox-v1,L3,TwoRobotScanMilkBox,0.0,0.1698661349713802,10,20260510_014659,TwoRobotScanMilkBox
va,dp,videomae_large,dp / videomae_large,15,unseen,L0_TwoRobotPourKettle-v1,L0,TwoRobotPourKettle,0.0,0.1882287248969078,10,20260510_015121,TwoRobotPourKettle
va,dp,videomae_large,dp / videomae_large,15,unseen,L1_TwoRobotPourKettle-v1,L1,TwoRobotPourKettle,0.0,0.1134340301156044,10,20260510_015520,TwoRobotPourKettle
va,dp,videomae_large,dp / videomae_large,15,unseen,L2_TwoRobotPourKettle-v1,L2,TwoRobotPourKettle,0.0,0.004493482876569,10,20260510_015919,TwoRobotPourKettle
va,dp,videomae_large,dp / videomae_large,15,unseen,L3_TwoRobotPourKettle-v1,L3,TwoRobotPourKettle,0.0,0.09982570707798,10,20260510_020324,TwoRobotPourKettle
va,dp,videomae_large,dp / videomae_large,15,unseen,L0_TwoRobotPickFood-v1,L0,TwoRobotPickFood,0.0,0.2056495621800422,10,20260510_020901,TwoRobotPickFood
va,dp,videomae_large,dp / videomae_large,15,unseen,L1_TwoRobotPickFood-v1,L1,TwoRobotPickFood,0.0,0.1839881375432014,10,20260510_021434,TwoRobotPickFood
va,dp,videomae_large,dp / videomae_large,15,unseen,L2_TwoRobotPickFood-v1,L2,TwoRobotPickFood,0.0,0.0043366208672523,10,20260510_022033,TwoRobotPickFood
va,dp,videomae_large,dp / videomae_large,15,unseen,L3_TwoRobotPickFood-v1,L3,TwoRobotPickFood,0.0,0.2094020098447799,10,20260510_022628,TwoRobotPickFood
va,dp,videomae_large,dp / videomae_large,15,unseen,L0_TwoRobotFoldBox-v1,L0,TwoRobotFoldBox,0.0,0.0097650239709764,10,20260510_023000,TwoRobotFoldBox
va,dp,videomae_large,dp / videomae_large,15,unseen,L1_TwoRobotFoldBox-v1,L1,TwoRobotFoldBox,0.0,0.0100043804850429,10,20260510_023329,TwoRobotFoldBox
va,dp,videomae_large,dp / videomae_large,15,unseen,L2_TwoRobotFoldBox-v1,L2,TwoRobotFoldBox,0.0,0.0039712954312562,10,20260510_023702,TwoRobotFoldBox
va,dp,videomae_large,dp / videomae_large,15,unseen,L3_TwoRobotFoldBox-v1,L3,TwoRobotFoldBox,0.1,0.1102659603580832,10,20260510_024036,TwoRobotFoldBox
va,dp,videomae_large,dp / videomae_large,15,unseen,L0_TwoRobotPickRemoteControl-v1,L0,TwoRobotPickRemoteControl,0.0,0.1466012299060821,10,20260510_002336,TwoRobotPickRemoteControl
va,dp,videomae_large,dp / videomae_large,15,unseen,L1_TwoRobotPickRemoteControl-v1,L1,TwoRobotPickRemoteControl,0.0,0.1145066894590854,10,20260510_003707,TwoRobotPickRemoteControl
va,dp,videomae_large,dp / videomae_large,15,unseen_finetune,L0_TwoRobotPickRemoteControl-v1,L0,TwoRobotPickRemoteControl,0.4,0.675959300994873,10,20260511_000017,TwoRobotPickRemoteControl
va,dp,videomae_large,dp / videomae_large,15,unseen_finetune,L1_TwoRobotPickRemoteControl-v1,L1,TwoRobotPickRemoteControl,0.7,0.796304565668106,10,20260511_015656,TwoRobotPickRemoteControl
va,dp,videomae_large,dp / videomae_large,15,unseen_finetune,L2_TwoRobotPickRemoteControl-v1,L2,TwoRobotPickRemoteControl,0.4,0.4072081591002643,10,20260511_021146,TwoRobotPickRemoteControl
va,dp,videomae_large,dp / videomae_large,15,unseen_finetune,L3_TwoRobotPickRemoteControl-v1,L3,TwoRobotPickRemoteControl,0.2,0.4872280091047287,10,20260511_022711,TwoRobotPickRemoteControl
va,dp,videomae_large,dp / videomae_large,15,unseen_finetune,L0_TwoRobotScanMilkBox-v1,L0,TwoRobotScanMilkBox,0.3,0.7288194298744202,10,20260511_023944,TwoRobotScanMilkBox
va,dp,videomae_large,dp / videomae_large,15,unseen_finetune,L1_TwoRobotScanMilkBox-v1,L1,TwoRobotScanMilkBox,0.0,0.6284403681755066,10,20260511_025104,TwoRobotScanMilkBox
va,dp,videomae_large,dp / videomae_large,15,unseen_finetune,L2_TwoRobotScanMilkBox-v1,L2,TwoRobotScanMilkBox,0.4,0.5200052008032798,10,20260511_030010,TwoRobotScanMilkBox
va,dp,videomae_large,dp / videomae_large,15,unseen_finetune,L3_TwoRobotScanMilkBox-v1,L3,TwoRobotScanMilkBox,0.1,0.3842051044106483,10,20260511_030627,TwoRobotScanMilkBox
va,dp,videomae_large,dp / videomae_large,15,unseen_finetune,L0_TwoRobotPourKettle-v1,L0,TwoRobotPourKettle,0.3,0.4731452785432338,10,20260511_031112,TwoRobotPourKettle
va,dp,videomae_large,dp / videomae_large,15,unseen_finetune,L1_TwoRobotPourKettle-v1,L1,TwoRobotPourKettle,0.2,0.3405554257333278,10,20260511_031559,TwoRobotPourKettle
va,dp,videomae_large,dp / videomae_large,15,unseen_finetune,L2_TwoRobotPourKettle-v1,L2,TwoRobotPourKettle,0.0,0.0079556821845471,10,20260511_032022,TwoRobotPourKettle
va,dp,videomae_large,dp / videomae_large,15,unseen_finetune,L3_TwoRobotPourKettle-v1,L3,TwoRobotPourKettle,0.0,0.1479025859385729,10,20260511_032407,TwoRobotPourKettle
va,dp,videomae_large,dp / videomae_large,15,unseen_finetune,L0_TwoRobotPickFood-v1,L0,TwoRobotPickFood,0.0,0.5318268954753875,10,20260511_032919,TwoRobotPickFood
va,dp,videomae_large,dp / videomae_large,15,unseen_finetune,L1_TwoRobotPickFood-v1,L1,TwoRobotPickFood,0.4,0.7972628712654114,10,20260511_033416,TwoRobotPickFood
va,dp,videomae_large,dp / videomae_large,15,unseen_finetune,L2_TwoRobotPickFood-v1,L2,TwoRobotPickFood,0.0,0.2720324844121933,10,20260511_033858,TwoRobotPickFood
va,dp,videomae_large,dp / videomae_large,15,unseen_finetune,L3_TwoRobotPickFood-v1,L3,TwoRobotPickFood,0.2,0.7277040481567383,10,20260511_034343,TwoRobotPickFood
va,dp,videomae_large,dp / videomae_large,15,unseen_finetune,L0_TwoRobotFoldBox-v1,L0,TwoRobotFoldBox,0.4,0.4046272641979158,10,20260511_034620,TwoRobotFoldBox
va,dp,videomae_large,dp / videomae_large,15,unseen_finetune,L1_TwoRobotFoldBox-v1,L1,TwoRobotFoldBox,0.7,0.725889389240183,10,20260511_034855,TwoRobotFoldBox
va,dp,videomae_large,dp / videomae_large,15,unseen_finetune,L2_TwoRobotFoldBox-v1,L2,TwoRobotFoldBox,0.5,0.5063684072345496,10,20260511_035137,TwoRobotFoldBox
va,dp,videomae_large,dp / videomae_large,15,unseen_finetune,L3_TwoRobotFoldBox-v1,L3,TwoRobotFoldBox,0.3,0.3105424986220896,10,20260511_035417,TwoRobotFoldBox
va,dp,videomae_large,dp / videomae_large,15,unseen_scratch,L1_TwoRobotPickRemoteControl-v1,L1,TwoRobotPickRemoteControl,0.1,0.2808772578835487,10,20260514_234702,TwoRobotPickRemoteControl
va,dp,videomae_large,dp / videomae_large,15,unseen_scratch,L2_TwoRobotPickRemoteControl-v1,L2,TwoRobotPickRemoteControl,0.0,0.0078853965736925,10,20260515_000316,TwoRobotPickRemoteControl
va,dp,videomae_large,dp / videomae_large,15,unseen_scratch,L3_TwoRobotPickRemoteControl-v1,L3,TwoRobotPickRemoteControl,0.0,0.2809162363409996,10,20260515_001825,TwoRobotPickRemoteControl
va,dp,videomae_large,dp / videomae_large,15,unseen_scratch,L0_TwoRobotPickRemoteControl-v1,L0,TwoRobotPickRemoteControl,0.0,0.2256475940346717,10,20260514_192124,TwoRobotPickRemoteControl
va,dp,videomae_large,dp / videomae_large,15,unseen_scratch,L0_TwoRobotScanMilkBox-v1,L0,TwoRobotScanMilkBox,0.1,0.5566556841135025,10,20260515_022730,TwoRobotScanMilkBox
va,dp,videomae_large,dp / videomae_large,15,unseen_scratch,L1_TwoRobotScanMilkBox-v1,L1,TwoRobotScanMilkBox,0.0,0.394318038225174,10,20260515_023814,TwoRobotScanMilkBox
va,dp,videomae_large,dp / videomae_large,15,unseen_scratch,L2_TwoRobotScanMilkBox-v1,L2,TwoRobotScanMilkBox,0.0,0.1347370207309723,10,20260515_024854,TwoRobotScanMilkBox
va,dp,videomae_large,dp / videomae_large,15,unseen_scratch,L3_TwoRobotScanMilkBox-v1,L3,TwoRobotScanMilkBox,0.0,0.2345209032297134,10,20260515_025740,TwoRobotScanMilkBox
va,dp,videomae_large,dp / videomae_large,15,unseen_scratch,L0_TwoRobotPourKettle-v1,L0,TwoRobotPourKettle,0.0,0.1692332617938518,10,20260515_030355,TwoRobotPourKettle
va,dp,videomae_large,dp / videomae_large,15,unseen_scratch,L1_TwoRobotPourKettle-v1,L1,TwoRobotPourKettle,0.1,0.2185727514326572,10,20260515_030929,TwoRobotPourKettle
va,dp,videomae_large,dp / videomae_large,15,unseen_scratch,L2_TwoRobotPourKettle-v1,L2,TwoRobotPourKettle,0.0,0.0066287637222558,10,20260515_031506,TwoRobotPourKettle
va,dp,videomae_large,dp / videomae_large,15,unseen_scratch,L3_TwoRobotPourKettle-v1,L3,TwoRobotPourKettle,0.0,0.2846421025693416,10,20260515_032047,TwoRobotPourKettle
va,dp,videomae_large,dp / videomae_large,15,unseen_scratch,L0_TwoRobotPickFood-v1,L0,TwoRobotPickFood,0.0,0.3640689194202423,10,20260515_032754,TwoRobotPickFood
va,dp,videomae_large,dp / videomae_large,15,unseen_scratch,L1_TwoRobotPickFood-v1,L1,TwoRobotPickFood,0.0,0.292426398396492,10,20260515_033434,TwoRobotPickFood
va,dp,videomae_large,dp / videomae_large,15,unseen_scratch,L2_TwoRobotPickFood-v1,L2,TwoRobotPickFood,0.0,0.012697547674179,10,20260515_034053,TwoRobotPickFood
va,dp,videomae_large,dp / videomae_large,15,unseen_scratch,L3_TwoRobotPickFood-v1,L3,TwoRobotPickFood,0.0,0.3226074501872062,10,20260515_034701,TwoRobotPickFood
va,dp,videomae_large,dp / videomae_large,15,unseen_scratch,L0_TwoRobotFoldBox-v1,L0,TwoRobotFoldBox,0.3,0.328222652990371,10,20260515_035046,TwoRobotFoldBox
va,dp,videomae_large,dp / videomae_large,15,unseen_scratch,L1_TwoRobotFoldBox-v1,L1,TwoRobotFoldBox,0.6,0.6257846787571907,10,20260515_035429,TwoRobotFoldBox
va,dp,videomae_large,dp / videomae_large,15,unseen_scratch,L2_TwoRobotFoldBox-v1,L2,TwoRobotFoldBox,1.0,1.0,10,20260515_035812,TwoRobotFoldBox
va,dp,videomae_large,dp / videomae_large,15,unseen_scratch,L3_TwoRobotFoldBox-v1,L3,TwoRobotFoldBox,0.5,0.5318525588139892,10,20260515_040156,TwoRobotFoldBox
va,dp,videomae_large,dp / videomae_large,30,seen,L3_TwoRobotStirSpoon-v1,L3,TwoRobotStirSpoon,0.0,0.3504688248038292,10,20260510_010016,TwoRobotStirSpoon
va,dp,videomae_large,dp / videomae_large,30,seen,L0_TwoRobotPlacePlateRack-v1,L0,TwoRobotPlacePlateRack,0.2,0.7114743739366531,10,20260510_011550,TwoRobotPlacePlateRack
va,dp,videomae_large,dp / videomae_large,30,seen,L1_TwoRobotPlacePlateRack-v1,L1,TwoRobotPlacePlateRack,0.0,0.1672674119472503,10,20260510_012731,TwoRobotPlacePlateRack
va,dp,videomae_large,dp / videomae_large,30,seen,L2_TwoRobotPlacePlateRack-v1,L2,TwoRobotPlacePlateRack,0.0,0.2401790291070938,10,20260510_013801,TwoRobotPlacePlateRack
va,dp,videomae_large,dp / videomae_large,30,seen,L3_TwoRobotPlacePlateRack-v1,L3,TwoRobotPlacePlateRack,0.0,0.361816456913948,10,20260510_014244,TwoRobotPlacePlateRack
va,dp,videomae_large,dp / videomae_large,30,seen,L0_TwoRobotPlaceFileFolder-v1,L0,TwoRobotPlaceFileFolder,0.0,0.5363749414682388,10,20260510_014658,TwoRobotPlaceFileFolder
va,dp,videomae_large,dp / videomae_large,30,seen,L1_TwoRobotPlaceFileFolder-v1,L1,TwoRobotPlaceFileFolder,0.1,0.5774035841226578,10,20260510_015113,TwoRobotPlaceFileFolder
va,dp,videomae_large,dp / videomae_large,30,seen,L2_TwoRobotPlaceFileFolder-v1,L2,TwoRobotPlaceFileFolder,0.4,0.5467623457312584,10,20260510_015509,TwoRobotPlaceFileFolder
va,dp,videomae_large,dp / videomae_large,30,seen,L3_TwoRobotPlaceFileFolder-v1,L3,TwoRobotPlaceFileFolder,0.2,0.5444409489631653,10,20260510_015832,TwoRobotPlaceFileFolder
va,dp,videomae_large,dp / videomae_large,30,seen,L0_TwoRobotFoldTowel-v1,L0,TwoRobotFoldTowel,0.0,0.435774564743042,10,20260510_020557,TwoRobotFoldTowel
va,dp,videomae_large,dp / videomae_large,30,seen,L1_TwoRobotFoldTowel-v1,L1,TwoRobotFoldTowel,0.0,0.4905822992324829,10,20260510_021315,TwoRobotFoldTowel
va,dp,videomae_large,dp / videomae_large,30,seen,L2_TwoRobotFoldTowel-v1,L2,TwoRobotFoldTowel,0.0,0.2557175621390343,10,20260510_022110,TwoRobotFoldTowel
va,dp,videomae_large,dp / videomae_large,30,seen,L3_TwoRobotFoldTowel-v1,L3,TwoRobotFoldTowel,0.0,0.464171102643013,10,20260510_023011,TwoRobotFoldTowel
va,dp,videomae_large,dp / videomae_large,30,seen,L0_TwoRobotPlaceMugRack-v1,L0,TwoRobotPlaceMugRack,0.1,0.5099283561110497,10,20260510_023437,TwoRobotPlaceMugRack
va,dp,videomae_large,dp / videomae_large,30,seen,L1_TwoRobotPlaceMugRack-v1,L1,TwoRobotPlaceMugRack,0.7,0.8970300674438476,10,20260510_023904,TwoRobotPlaceMugRack
va,dp,videomae_large,dp / videomae_large,30,seen,L2_TwoRobotPlaceMugRack-v1,L2,TwoRobotPlaceMugRack,0.6,1.0,10,20260510_024311,TwoRobotPlaceMugRack
va,dp,videomae_large,dp / videomae_large,30,seen,L3_TwoRobotPlaceMugRack-v1,L3,TwoRobotPlaceMugRack,1.0,1.0,10,20260510_024643,TwoRobotPlaceMugRack
va,dp,videomae_large,dp / videomae_large,30,seen,L0_TwoRobotStirSpoon-v1,L0,TwoRobotStirSpoon,0.0,0.3937570035457611,10,20260510_002001,TwoRobotStirSpoon
va,dp,videomae_large,dp / videomae_large,30,seen,L1_TwoRobotStirSpoon-v1,L1,TwoRobotStirSpoon,0.1,0.5248581096529961,10,20260510_002921,TwoRobotStirSpoon
va,dp,videomae_large,dp / videomae_large,30,seen,L2_TwoRobotStirSpoon-v1,L2,TwoRobotStirSpoon,0.0,0.0073421379551291,10,20260510_003848,TwoRobotStirSpoon
va,dp,videomae_large,dp / videomae_large,30,unseen,L0_TwoRobotPickRemoteControl-v1,L0,TwoRobotPickRemoteControl,0.0,0.1342646270990371,10,20260510_142700,TwoRobotPickRemoteControl
va,dp,videomae_large,dp / videomae_large,30,unseen,L1_TwoRobotPickRemoteControl-v1,L1,TwoRobotPickRemoteControl,0.0,0.1156214769929647,10,20260510_144135,TwoRobotPickRemoteControl
va,dp,videomae_large,dp / videomae_large,30,unseen,L2_TwoRobotPickRemoteControl-v1,L2,TwoRobotPickRemoteControl,0.0,0.0078868793789297,10,20260510_145617,TwoRobotPickRemoteControl
va,dp,videomae_large,dp / videomae_large,30,unseen,L3_TwoRobotPickRemoteControl-v1,L3,TwoRobotPickRemoteControl,0.0,0.240056212246418,10,20260510_151110,TwoRobotPickRemoteControl
va,dp,videomae_large,dp / videomae_large,30,unseen,L0_TwoRobotScanMilkBox-v1,L0,TwoRobotScanMilkBox,0.0,0.2948252961039543,10,20260510_152404,TwoRobotScanMilkBox
va,dp,videomae_large,dp / videomae_large,30,unseen,L1_TwoRobotScanMilkBox-v1,L1,TwoRobotScanMilkBox,0.0,0.165068881213665,10,20260510_153617,TwoRobotScanMilkBox
va,dp,videomae_large,dp / videomae_large,30,unseen,L2_TwoRobotScanMilkBox-v1,L2,TwoRobotScanMilkBox,0.0,0.1049422848969698,10,20260510_154753,TwoRobotScanMilkBox
va,dp,videomae_large,dp / videomae_large,30,unseen,L3_TwoRobotScanMilkBox-v1,L3,TwoRobotScanMilkBox,0.0,0.1647008776664734,10,20260510_155705,TwoRobotScanMilkBox
va,dp,videomae_large,dp / videomae_large,30,unseen,L0_TwoRobotPourKettle-v1,L0,TwoRobotPourKettle,0.0,0.1565811157226562,10,20260510_160406,TwoRobotPourKettle
va,dp,videomae_large,dp / videomae_large,30,unseen,L1_TwoRobotPourKettle-v1,L1,TwoRobotPourKettle,0.0,0.1124601043760776,10,20260510_161054,TwoRobotPourKettle
va,dp,videomae_large,dp / videomae_large,30,unseen,L2_TwoRobotPourKettle-v1,L2,TwoRobotPourKettle,0.0,0.0045052965637296,10,20260510_161726,TwoRobotPourKettle
va,dp,videomae_large,dp / videomae_large,30,unseen,L3_TwoRobotPourKettle-v1,L3,TwoRobotPourKettle,0.0,0.0524701667949557,10,20260510_162342,TwoRobotPourKettle
va,dp,videomae_large,dp / videomae_large,30,unseen,L0_TwoRobotPickFood-v1,L0,TwoRobotPickFood,0.0,0.2415552943944931,10,20260510_163125,TwoRobotPickFood
va,dp,videomae_large,dp / videomae_large,30,unseen,L1_TwoRobotPickFood-v1,L1,TwoRobotPickFood,0.0,0.1354267939925194,10,20260510_163857,TwoRobotPickFood
va,dp,videomae_large,dp / videomae_large,30,unseen,L2_TwoRobotPickFood-v1,L2,TwoRobotPickFood,0.0,0.0140501916408538,10,20260510_164528,TwoRobotPickFood
va,dp,videomae_large,dp / videomae_large,30,unseen,L3_TwoRobotPickFood-v1,L3,TwoRobotPickFood,0.0,0.2657569706439971,10,20260510_165045,TwoRobotPickFood
va,dp,videomae_large,dp / videomae_large,30,unseen,L0_TwoRobotFoldBox-v1,L0,TwoRobotFoldBox,0.0,0.0291063273325562,10,20260510_165324,TwoRobotFoldBox
va,dp,videomae_large,dp / videomae_large,30,unseen,L1_TwoRobotFoldBox-v1,L1,TwoRobotFoldBox,0.7,0.7077771021053195,10,20260510_165602,TwoRobotFoldBox
va,dp,videomae_large,dp / videomae_large,30,unseen,L2_TwoRobotFoldBox-v1,L2,TwoRobotFoldBox,0.0,0.0163780203321948,10,20260510_165847,TwoRobotFoldBox
va,dp,videomae_large,dp / videomae_large,30,unseen,L3_TwoRobotFoldBox-v1,L3,TwoRobotFoldBox,0.0,0.0239345049485564,10,20260510_170133,TwoRobotFoldBox
va,dp,videomae_large,dp / videomae_large,30,unseen_finetune,L0_TwoRobotPickRemoteControl-v1,L0,TwoRobotPickRemoteControl,0.7,0.834734907746315,10,20260511_015702,TwoRobotPickRemoteControl
va,dp,videomae_large,dp / videomae_large,30,unseen_finetune,L1_TwoRobotPickRemoteControl-v1,L1,TwoRobotPickRemoteControl,0.6,0.7330290913581848,10,20260511_021232,TwoRobotPickRemoteControl
va,dp,videomae_large,dp / videomae_large,30,unseen_finetune,L2_TwoRobotPickRemoteControl-v1,L2,TwoRobotPickRemoteControl,0.0,0.0087546111550182,10,20260511_022727,TwoRobotPickRemoteControl
va,dp,videomae_large,dp / videomae_large,30,unseen_finetune,L3_TwoRobotPickRemoteControl-v1,L3,TwoRobotPickRemoteControl,0.4,0.5458740666508675,10,20260511_024135,TwoRobotPickRemoteControl
va,dp,videomae_large,dp / videomae_large,30,unseen_finetune,L0_TwoRobotScanMilkBox-v1,L0,TwoRobotScanMilkBox,0.3,0.7650895655155182,10,20260511_025306,TwoRobotScanMilkBox
va,dp,videomae_large,dp / videomae_large,30,unseen_finetune,L1_TwoRobotScanMilkBox-v1,L1,TwoRobotScanMilkBox,0.4,0.7726422667503356,10,20260511_030250,TwoRobotScanMilkBox
va,dp,videomae_large,dp / videomae_large,30,unseen_finetune,L2_TwoRobotScanMilkBox-v1,L2,TwoRobotScanMilkBox,0.4,0.4842283722013235,10,20260511_031026,TwoRobotScanMilkBox
va,dp,videomae_large,dp / videomae_large,30,unseen_finetune,L3_TwoRobotScanMilkBox-v1,L3,TwoRobotScanMilkBox,0.2,0.5449035435914993,10,20260511_031621,TwoRobotScanMilkBox
va,dp,videomae_large,dp / videomae_large,30,unseen_finetune,L0_TwoRobotPourKettle-v1,L0,TwoRobotPourKettle,0.6,0.7907335728406906,10,20260511_032022,TwoRobotPourKettle
va,dp,videomae_large,dp / videomae_large,30,unseen_finetune,L1_TwoRobotPourKettle-v1,L1,TwoRobotPourKettle,0.7,0.8183582037687301,10,20260511_032407,TwoRobotPourKettle
va,dp,videomae_large,dp / videomae_large,30,unseen_finetune,L2_TwoRobotPourKettle-v1,L2,TwoRobotPourKettle,0.0,0.0090797345619648,10,20260511_032747,TwoRobotPourKettle
va,dp,videomae_large,dp / videomae_large,30,unseen_finetune,L3_TwoRobotPourKettle-v1,L3,TwoRobotPourKettle,0.7,0.7448985110968351,10,20260511_033126,TwoRobotPourKettle
va,dp,videomae_large,dp / videomae_large,30,unseen_finetune,L0_TwoRobotPickFood-v1,L0,TwoRobotPickFood,0.0,0.5438030153512955,10,20260511_033613,TwoRobotPickFood
va,dp,videomae_large,dp / videomae_large,30,unseen_finetune,L1_TwoRobotPickFood-v1,L1,TwoRobotPickFood,0.3,0.7417412132024765,10,20260511_034055,TwoRobotPickFood
va,dp,videomae_large,dp / videomae_large,30,unseen_finetune,L2_TwoRobotPickFood-v1,L2,TwoRobotPickFood,0.0,0.2232281923294067,10,20260511_034538,TwoRobotPickFood
va,dp,videomae_large,dp / videomae_large,30,unseen_finetune,L3_TwoRobotPickFood-v1,L3,TwoRobotPickFood,0.1,0.5926411062479019,10,20260511_035025,TwoRobotPickFood
va,dp,videomae_large,dp / videomae_large,30,unseen_finetune,L0_TwoRobotFoldBox-v1,L0,TwoRobotFoldBox,1.0,1.0,10,20260511_035300,TwoRobotFoldBox
va,dp,videomae_large,dp / videomae_large,30,unseen_finetune,L1_TwoRobotFoldBox-v1,L1,TwoRobotFoldBox,1.0,1.0,10,20260511_035531,TwoRobotFoldBox
va,dp,videomae_large,dp / videomae_large,30,unseen_finetune,L2_TwoRobotFoldBox-v1,L2,TwoRobotFoldBox,0.1,0.1256417465396225,10,20260511_035802,TwoRobotFoldBox
va,dp,videomae_large,dp / videomae_large,30,unseen_finetune,L3_TwoRobotFoldBox-v1,L3,TwoRobotFoldBox,0.4,0.4100104743614793,10,20260511_040032,TwoRobotFoldBox
va,dp,videomae_large,dp / videomae_large,30,unseen_scratch,L3_TwoRobotPickRemoteControl-v1,L3,TwoRobotPickRemoteControl,0.0,0.3194866955280304,10,20260514_214953,TwoRobotPickRemoteControl
va,dp,videomae_large,dp / videomae_large,30,unseen_scratch,L0_TwoRobotPourKettle-v1,L0,TwoRobotPourKettle,0.1,0.3821690857410431,10,20260514_215428,TwoRobotPourKettle
va,dp,videomae_large,dp / videomae_large,30,unseen_scratch,L1_TwoRobotPourKettle-v1,L1,TwoRobotPourKettle,0.1,0.2568088285624981,10,20260514_215840,TwoRobotPourKettle
va,dp,videomae_large,dp / videomae_large,30,unseen_scratch,L0_TwoRobotPickRemoteControl-v1,L0,TwoRobotPickRemoteControl,0.0,0.2947961285710335,10,20260515_041032,TwoRobotPickRemoteControl
va,dp,videomae_large,dp / videomae_large,30,unseen_scratch,L1_TwoRobotPickRemoteControl-v1,L1,TwoRobotPickRemoteControl,0.0,0.3331824630498886,10,20260515_041748,TwoRobotPickRemoteControl
va,dp,videomae_large,dp / videomae_large,30,unseen_scratch,L2_TwoRobotPickRemoteControl-v1,L2,TwoRobotPickRemoteControl,0.0,0.0078344868961721,10,20260515_042510,TwoRobotPickRemoteControl
va,dp,videomae_large,dp / videomae_large,30,unseen_scratch,L0_TwoRobotScanMilkBox-v1,L0,TwoRobotScanMilkBox,0.1,0.4420488119125366,10,20260515_043317,TwoRobotScanMilkBox
va,dp,videomae_large,dp / videomae_large,30,unseen_scratch,L1_TwoRobotScanMilkBox-v1,L1,TwoRobotScanMilkBox,0.0,0.3847359180450439,10,20260515_044055,TwoRobotScanMilkBox
va,dp,videomae_large,dp / videomae_large,30,unseen_scratch,L2_TwoRobotScanMilkBox-v1,L2,TwoRobotScanMilkBox,0.2,0.3026165634393692,10,20260515_044752,TwoRobotScanMilkBox
va,dp,videomae_large,dp / videomae_large,30,unseen_scratch,L3_TwoRobotScanMilkBox-v1,L3,TwoRobotScanMilkBox,0.0,0.2227402865886688,10,20260515_045325,TwoRobotScanMilkBox
va,dp,videomae_large,dp / videomae_large,30,unseen_scratch,L2_TwoRobotPourKettle-v1,L2,TwoRobotPourKettle,0.0,0.0060835997574031,10,20260515_045731,TwoRobotPourKettle
va,dp,videomae_large,dp / videomae_large,30,unseen_scratch,L3_TwoRobotPourKettle-v1,L3,TwoRobotPourKettle,0.0,0.207275652885437,10,20260515_050139,TwoRobotPourKettle
va,dp,videomae_large,dp / videomae_large,30,unseen_scratch,L0_TwoRobotPickFood-v1,L0,TwoRobotPickFood,0.0,0.278940761089325,10,20260515_050713,TwoRobotPickFood
va,dp,videomae_large,dp / videomae_large,30,unseen_scratch,L1_TwoRobotPickFood-v1,L1,TwoRobotPickFood,0.0,0.2980759292840957,10,20260515_051247,TwoRobotPickFood
va,dp,videomae_large,dp / videomae_large,30,unseen_scratch,L2_TwoRobotPickFood-v1,L2,TwoRobotPickFood,0.0,0.015183188021183,10,20260515_051818,TwoRobotPickFood
va,dp,videomae_large,dp / videomae_large,30,unseen_scratch,L3_TwoRobotPickFood-v1,L3,TwoRobotPickFood,0.0,0.3338269859552383,10,20260515_052355,TwoRobotPickFood
va,dp,videomae_large,dp / videomae_large,30,unseen_scratch,L0_TwoRobotFoldBox-v1,L0,TwoRobotFoldBox,0.1,0.126264491956681,10,20260515_052711,TwoRobotFoldBox
va,dp,videomae_large,dp / videomae_large,30,unseen_scratch,L1_TwoRobotFoldBox-v1,L1,TwoRobotFoldBox,0.8,0.8158102132380008,10,20260515_053030,TwoRobotFoldBox
va,dp,videomae_large,dp / videomae_large,30,unseen_scratch,L2_TwoRobotFoldBox-v1,L2,TwoRobotFoldBox,0.9,0.9050471063703298,10,20260515_053353,TwoRobotFoldBox
va,dp,videomae_large,dp / videomae_large,30,unseen_scratch,L3_TwoRobotFoldBox-v1,L3,TwoRobotFoldBox,0.3,0.3215788586065173,10,20260515_053716,TwoRobotFoldBox
va,dp,videomae_large,dp / videomae_large,45,seen,L0_TwoRobotStirSpoon-v1,L0,TwoRobotStirSpoon,0.0,0.145342569053173,10,20260513_011231,TwoRobotStirSpoon
va,dp,videomae_large,dp / videomae_large,45,seen,L1_TwoRobotStirSpoon-v1,L1,TwoRobotStirSpoon,0.0,0.1553642354905605,10,20260513_012335,TwoRobotStirSpoon
va,dp,videomae_large,dp / videomae_large,45,seen,L2_TwoRobotStirSpoon-v1,L2,TwoRobotStirSpoon,0.0,0.0076763132587075,10,20260513_013456,TwoRobotStirSpoon
va,dp,videomae_large,dp / videomae_large,45,seen,L3_TwoRobotStirSpoon-v1,L3,TwoRobotStirSpoon,0.0,0.1434261910617351,10,20260513_014653,TwoRobotStirSpoon
va,dp,videomae_large,dp / videomae_large,45,seen,L0_TwoRobotPlacePlateRack-v1,L0,TwoRobotPlacePlateRack,0.0,0.3516474634408951,10,20260513_020531,TwoRobotPlacePlateRack
va,dp,videomae_large,dp / videomae_large,45,seen,L1_TwoRobotPlacePlateRack-v1,L1,TwoRobotPlacePlateRack,0.0,0.1358363449573517,10,20260513_022235,TwoRobotPlacePlateRack
va,dp,videomae_large,dp / videomae_large,45,seen,L2_TwoRobotPlacePlateRack-v1,L2,TwoRobotPlacePlateRack,0.0,0.1536254614591598,10,20260513_023921,TwoRobotPlacePlateRack
va,dp,videomae_large,dp / videomae_large,45,seen,L3_TwoRobotPlacePlateRack-v1,L3,TwoRobotPlacePlateRack,0.0,0.4214421421289444,10,20260513_024850,TwoRobotPlacePlateRack
va,dp,videomae_large,dp / videomae_large,45,seen,L0_TwoRobotPlaceFileFolder-v1,L0,TwoRobotPlaceFileFolder,0.2,0.6057515025138855,10,20260513_025751,TwoRobotPlaceFileFolder
va,dp,videomae_large,dp / videomae_large,45,seen,L1_TwoRobotPlaceFileFolder-v1,L1,TwoRobotPlaceFileFolder,0.0,0.4625069856643676,10,20260513_030645,TwoRobotPlaceFileFolder
va,dp,videomae_large,dp / videomae_large,45,seen,L2_TwoRobotPlaceFileFolder-v1,L2,TwoRobotPlaceFileFolder,0.3,0.468770557641983,10,20260513_031545,TwoRobotPlaceFileFolder
va,dp,videomae_large,dp / videomae_large,45,seen,L3_TwoRobotPlaceFileFolder-v1,L3,TwoRobotPlaceFileFolder,0.0,0.2990468293428421,10,20260513_032336,TwoRobotPlaceFileFolder
va,dp,videomae_large,dp / videomae_large,45,seen,L0_TwoRobotFoldTowel-v1,L0,TwoRobotFoldTowel,0.0,0.0352291820570826,10,20260513_033807,TwoRobotFoldTowel
va,dp,videomae_large,dp / videomae_large,45,seen,L1_TwoRobotFoldTowel-v1,L1,TwoRobotFoldTowel,0.0,0.0819574519991874,10,20260513_035256,TwoRobotFoldTowel
va,dp,videomae_large,dp / videomae_large,45,seen,L2_TwoRobotFoldTowel-v1,L2,TwoRobotFoldTowel,0.0,0.0373733462765812,10,20260513_040736,TwoRobotFoldTowel
va,dp,videomae_large,dp / videomae_large,45,seen,L3_TwoRobotFoldTowel-v1,L3,TwoRobotFoldTowel,0.0,0.334857639670372,10,20260513_042150,TwoRobotFoldTowel
va,dp,videomae_large,dp / videomae_large,45,seen,L0_TwoRobotPlaceMugRack-v1,L0,TwoRobotPlaceMugRack,0.0,0.1009766146540641,10,20260513_042916,TwoRobotPlaceMugRack
va,dp,videomae_large,dp / videomae_large,45,seen,L1_TwoRobotPlaceMugRack-v1,L1,TwoRobotPlaceMugRack,0.0,0.0841284275054931,10,20260513_043628,TwoRobotPlaceMugRack
va,dp,videomae_large,dp / videomae_large,45,seen,L2_TwoRobotPlaceMugRack-v1,L2,TwoRobotPlaceMugRack,0.0,0.000434187054634,10,20260513_044329,TwoRobotPlaceMugRack
va,dp,videomae_large,dp / videomae_large,45,seen,L3_TwoRobotPlaceMugRack-v1,L3,TwoRobotPlaceMugRack,0.0,0.1383807733654976,10,20260513_044805,TwoRobotPlaceMugRack
va,dp,videomae_large,dp / videomae_large,45,unseen,L0_TwoRobotPickRemoteControl-v1,L0,TwoRobotPickRemoteControl,0.0,0.1358925357460975,10,20260509_175237,TwoRobotPickRemoteControl
va,dp,videomae_large,dp / videomae_large,45,unseen,L1_TwoRobotPickRemoteControl-v1,L1,TwoRobotPickRemoteControl,0.0,0.0678698552772402,10,20260509_180136,TwoRobotPickRemoteControl
va,dp,videomae_large,dp / videomae_large,45,unseen,L2_TwoRobotPickRemoteControl-v1,L2,TwoRobotPickRemoteControl,0.0,0.0079316424205899,10,20260509_181011,TwoRobotPickRemoteControl
va,dp,videomae_large,dp / videomae_large,45,unseen,L3_TwoRobotPickRemoteControl-v1,L3,TwoRobotPickRemoteControl,0.0,0.132024634629488,10,20260509_181904,TwoRobotPickRemoteControl
va,dp,videomae_large,dp / videomae_large,45,unseen,L0_TwoRobotScanMilkBox-v1,L0,TwoRobotScanMilkBox,0.0,0.2698972254991531,10,20260509_182733,TwoRobotScanMilkBox
va,dp,videomae_large,dp / videomae_large,45,unseen,L1_TwoRobotScanMilkBox-v1,L1,TwoRobotScanMilkBox,0.0,0.2597900047898293,10,20260509_183809,TwoRobotScanMilkBox
va,dp,videomae_large,dp / videomae_large,45,unseen,L2_TwoRobotScanMilkBox-v1,L2,TwoRobotScanMilkBox,0.1,0.2018636489287018,10,20260509_184831,TwoRobotScanMilkBox
va,dp,videomae_large,dp / videomae_large,45,unseen,L3_TwoRobotScanMilkBox-v1,L3,TwoRobotScanMilkBox,0.0,0.1203999280929565,10,20260509_185711,TwoRobotScanMilkBox
va,dp,videomae_large,dp / videomae_large,45,unseen,L0_TwoRobotPourKettle-v1,L0,TwoRobotPourKettle,0.1,0.2901067942380905,10,20260509_190433,TwoRobotPourKettle
va,dp,videomae_large,dp / videomae_large,45,unseen,L1_TwoRobotPourKettle-v1,L1,TwoRobotPourKettle,0.0,0.1030378770083189,10,20260509_191240,TwoRobotPourKettle
va,dp,videomae_large,dp / videomae_large,45,unseen,L2_TwoRobotPourKettle-v1,L2,TwoRobotPourKettle,0.0,0.0046510378364473,10,20260509_192040,TwoRobotPourKettle
va,dp,videomae_large,dp / videomae_large,45,unseen,L3_TwoRobotPourKettle-v1,L3,TwoRobotPourKettle,0.0,0.1274376239627599,10,20260509_192842,TwoRobotPourKettle
va,dp,videomae_large,dp / videomae_large,45,unseen,L0_TwoRobotPickFood-v1,L0,TwoRobotPickFood,0.0,0.2060704350471496,10,20260509_193922,TwoRobotPickFood
va,dp,videomae_large,dp / videomae_large,45,unseen,L1_TwoRobotPickFood-v1,L1,TwoRobotPickFood,0.0,0.149088741838932,10,20260509_194954,TwoRobotPickFood
va,dp,videomae_large,dp / videomae_large,45,unseen,L2_TwoRobotPickFood-v1,L2,TwoRobotPickFood,0.0,0.0143505990505218,10,20260509_200239,TwoRobotPickFood
va,dp,videomae_large,dp / videomae_large,45,unseen,L3_TwoRobotPickFood-v1,L3,TwoRobotPickFood,0.0,0.2345540031790733,10,20260509_201338,TwoRobotPickFood
va,dp,videomae_large,dp / videomae_large,45,unseen,L0_TwoRobotFoldBox-v1,L0,TwoRobotFoldBox,0.0,0.0274884475627914,10,20260509_201926,TwoRobotFoldBox
va,dp,videomae_large,dp / videomae_large,45,unseen,L1_TwoRobotFoldBox-v1,L1,TwoRobotFoldBox,0.0,0.0246613381430506,10,20260509_202513,TwoRobotFoldBox
va,dp,videomae_large,dp / videomae_large,45,unseen,L2_TwoRobotFoldBox-v1,L2,TwoRobotFoldBox,0.4,0.716670094197616,10,20260509_203115,TwoRobotFoldBox
va,dp,videomae_large,dp / videomae_large,45,unseen,L3_TwoRobotFoldBox-v1,L3,TwoRobotFoldBox,0.0,0.0274634568020701,10,20260509_203655,TwoRobotFoldBox
va,dp,videomae_large,dp / videomae_large,45,unseen_finetune,L0_TwoRobotPickRemoteControl-v1,L0,TwoRobotPickRemoteControl,0.9,0.9328921854496002,10,20260513_014913,TwoRobotPickRemoteControl
va,dp,videomae_large,dp / videomae_large,45,unseen_finetune,L1_TwoRobotPickRemoteControl-v1,L1,TwoRobotPickRemoteControl,0.5,0.6588812306523323,10,20260513_020417,TwoRobotPickRemoteControl
va,dp,videomae_large,dp / videomae_large,45,unseen_finetune,L2_TwoRobotPickRemoteControl-v1,L2,TwoRobotPickRemoteControl,0.7,0.7023805665783585,10,20260513_021748,TwoRobotPickRemoteControl
va,dp,videomae_large,dp / videomae_large,45,unseen_finetune,L3_TwoRobotPickRemoteControl-v1,L3,TwoRobotPickRemoteControl,0.7,0.9330377876758577,10,20260513_022918,TwoRobotPickRemoteControl
va,dp,videomae_large,dp / videomae_large,45,unseen_finetune,L0_TwoRobotScanMilkBox-v1,L0,TwoRobotScanMilkBox,0.4,0.7924460351467133,10,20260513_024150,TwoRobotScanMilkBox
va,dp,videomae_large,dp / videomae_large,45,unseen_finetune,L1_TwoRobotScanMilkBox-v1,L1,TwoRobotScanMilkBox,0.3,0.7492447137832642,10,20260513_025505,TwoRobotScanMilkBox
va,dp,videomae_large,dp / videomae_large,45,unseen_finetune,L2_TwoRobotScanMilkBox-v1,L2,TwoRobotScanMilkBox,0.5,0.5978018298745156,10,20260513_030709,TwoRobotScanMilkBox
va,dp,videomae_large,dp / videomae_large,45,unseen_finetune,L3_TwoRobotScanMilkBox-v1,L3,TwoRobotScanMilkBox,0.0,0.4300440073013306,10,20260513_031634,TwoRobotScanMilkBox
va,dp,videomae_large,dp / videomae_large,45,unseen_finetune,L0_TwoRobotPourKettle-v1,L0,TwoRobotPourKettle,0.3,0.6497161000967026,10,20260513_032322,TwoRobotPourKettle
va,dp,videomae_large,dp / videomae_large,45,unseen_finetune,L1_TwoRobotPourKettle-v1,L1,TwoRobotPourKettle,0.2,0.7250498190522194,10,20260513_033000,TwoRobotPourKettle
va,dp,videomae_large,dp / videomae_large,45,unseen_finetune,L2_TwoRobotPourKettle-v1,L2,TwoRobotPourKettle,0.0,0.0068495909217745,10,20260513_033629,TwoRobotPourKettle
va,dp,videomae_large,dp / videomae_large,45,unseen_finetune,L3_TwoRobotPourKettle-v1,L3,TwoRobotPourKettle,0.1,0.3129279300570488,10,20260513_034302,TwoRobotPourKettle
va,dp,videomae_large,dp / videomae_large,45,unseen_finetune,L0_TwoRobotPickFood-v1,L0,TwoRobotPickFood,0.0,0.6623360097408295,10,20260513_035222,TwoRobotPickFood
va,dp,videomae_large,dp / videomae_large,45,unseen_finetune,L1_TwoRobotPickFood-v1,L1,TwoRobotPickFood,0.3,0.7498862951993942,10,20260513_040148,TwoRobotPickFood
va,dp,videomae_large,dp / videomae_large,45,unseen_finetune,L2_TwoRobotPickFood-v1,L2,TwoRobotPickFood,0.2,0.612050612270832,10,20260513_041100,TwoRobotPickFood
va,dp,videomae_large,dp / videomae_large,45,unseen_finetune,L3_TwoRobotPickFood-v1,L3,TwoRobotPickFood,0.4,0.8081281423568726,10,20260513_041848,TwoRobotPickFood
va,dp,videomae_large,dp / videomae_large,45,unseen_finetune,L0_TwoRobotFoldBox-v1,L0,TwoRobotFoldBox,0.9,0.9009720630012452,10,20260513_042316,TwoRobotFoldBox
va,dp,videomae_large,dp / videomae_large,45,unseen_finetune,L1_TwoRobotFoldBox-v1,L1,TwoRobotFoldBox,0.4,0.43566948287189,10,20260513_042729,TwoRobotFoldBox
va,dp,videomae_large,dp / videomae_large,45,unseen_finetune,L2_TwoRobotFoldBox-v1,L2,TwoRobotFoldBox,0.4,0.4097259797155857,10,20260513_043157,TwoRobotFoldBox
va,dp,videomae_large,dp / videomae_large,45,unseen_finetune,L3_TwoRobotFoldBox-v1,L3,TwoRobotFoldBox,1.0,1.0,10,20260513_043603,TwoRobotFoldBox
va,dp,videomae_large,dp / videomae_large,45,unseen_scratch,L0_TwoRobotPickRemoteControl-v1,L0,TwoRobotPickRemoteControl,0.2,0.4487093657255173,10,20260514_204450,TwoRobotPickRemoteControl
va,dp,videomae_large,dp / videomae_large,45,unseen_scratch,L1_TwoRobotPickRemoteControl-v1,L1,TwoRobotPickRemoteControl,0.2,0.4524959981441497,10,20260514_205528,TwoRobotPickRemoteControl
va,dp,videomae_large,dp / videomae_large,45,unseen_scratch,L2_TwoRobotPickRemoteControl-v1,L2,TwoRobotPickRemoteControl,0.0,0.00800236701034,10,20260514_210414,TwoRobotPickRemoteControl
va,dp,videomae_large,dp / videomae_large,45,unseen_scratch,L3_TwoRobotPickRemoteControl-v1,L3,TwoRobotPickRemoteControl,0.3,0.5345862492918968,10,20260514_211305,TwoRobotPickRemoteControl
va,dp,videomae_large,dp / videomae_large,45,unseen_scratch,L0_TwoRobotScanMilkBox-v1,L0,TwoRobotScanMilkBox,0.0,0.5634156078100204,10,20260514_212108,TwoRobotScanMilkBox
va,dp,videomae_large,dp / videomae_large,45,unseen_scratch,L1_TwoRobotScanMilkBox-v1,L1,TwoRobotScanMilkBox,0.0,0.4300424575805664,10,20260514_212913,TwoRobotScanMilkBox
va,dp,videomae_large,dp / videomae_large,45,unseen_scratch,L2_TwoRobotScanMilkBox-v1,L2,TwoRobotScanMilkBox,0.1,0.2326579459011554,10,20260514_213627,TwoRobotScanMilkBox
va,dp,videomae_large,dp / videomae_large,45,unseen_scratch,L3_TwoRobotScanMilkBox-v1,L3,TwoRobotScanMilkBox,0.0,0.2913205847144127,10,20260514_214157,TwoRobotScanMilkBox
va,dp,videomae_large,dp / videomae_large,45,unseen_scratch,L0_TwoRobotPourKettle-v1,L0,TwoRobotPourKettle,0.3,0.5240440562367439,10,20260514_214559,TwoRobotPourKettle
va,dp,videomae_large,dp / videomae_large,45,unseen_scratch,L1_TwoRobotPourKettle-v1,L1,TwoRobotPourKettle,0.5,0.7055751368403435,10,20260514_215005,TwoRobotPourKettle
va,dp,videomae_large,dp / videomae_large,45,unseen_scratch,L2_TwoRobotPourKettle-v1,L2,TwoRobotPourKettle,0.0,0.0075328151229768,10,20260514_215410,TwoRobotPourKettle
va,dp,videomae_large,dp / videomae_large,45,unseen_scratch,L3_TwoRobotPourKettle-v1,L3,TwoRobotPourKettle,0.0,0.3937868729233741,10,20260514_215811,TwoRobotPourKettle
va,dp,videomae_large,dp / videomae_large,45,unseen_scratch,L0_TwoRobotPickFood-v1,L0,TwoRobotPickFood,0.0,0.3460622310638427,10,20260514_220333,TwoRobotPickFood
va,dp,videomae_large,dp / videomae_large,45,unseen_scratch,L1_TwoRobotPickFood-v1,L1,TwoRobotPickFood,0.0,0.3894265562295914,10,20260514_220835,TwoRobotPickFood
va,dp,videomae_large,dp / videomae_large,45,unseen_scratch,L2_TwoRobotPickFood-v1,L2,TwoRobotPickFood,0.0,0.1719404965639114,10,20260514_221336,TwoRobotPickFood
va,dp,videomae_large,dp / videomae_large,45,unseen_scratch,L3_TwoRobotPickFood-v1,L3,TwoRobotPickFood,0.1,0.6581934183835983,10,20260514_221837,TwoRobotPickFood
va,dp,videomae_large,dp / videomae_large,45,unseen_scratch,L0_TwoRobotFoldBox-v1,L0,TwoRobotFoldBox,0.4,0.4238416507840156,10,20260514_222129,TwoRobotFoldBox
va,dp,videomae_large,dp / videomae_large,45,unseen_scratch,L1_TwoRobotFoldBox-v1,L1,TwoRobotFoldBox,0.9,0.9022634768858552,10,20260514_222422,TwoRobotFoldBox
va,dp,videomae_large,dp / videomae_large,45,unseen_scratch,L2_TwoRobotFoldBox-v1,L2,TwoRobotFoldBox,0.8,0.800648905755952,10,20260514_222720,TwoRobotFoldBox
va,dp,videomae_large,dp / videomae_large,45,unseen_scratch,L3_TwoRobotFoldBox-v1,L3,TwoRobotFoldBox,0.2,0.2790419707074761,10,20260514_223021,TwoRobotFoldBox
va,vqbet,dinov2_vitl14,vqbet / dinov2_vitl14,15,seen,L1_TwoRobotPlacePlateRack-v1,L1,TwoRobotPlacePlateRack,0.7,0.7740772664546967,10,20260510_142918,TwoRobotPlacePlateRack
va,vqbet,dinov2_vitl14,vqbet / dinov2_vitl14,15,seen,L2_TwoRobotPlacePlateRack-v1,L2,TwoRobotPlacePlateRack,0.0,0.5174956887960434,10,20260510_144531,TwoRobotPlacePlateRack
va,vqbet,dinov2_vitl14,vqbet / dinov2_vitl14,15,seen,L3_TwoRobotPlacePlateRack-v1,L3,TwoRobotPlacePlateRack,0.1,0.3886917918920517,10,20260510_145402,TwoRobotPlacePlateRack
va,vqbet,dinov2_vitl14,vqbet / dinov2_vitl14,15,seen,L0_TwoRobotPlaceFileFolder-v1,L0,TwoRobotPlaceFileFolder,0.5,0.7592380344867706,10,20260510_150141,TwoRobotPlaceFileFolder
va,vqbet,dinov2_vitl14,vqbet / dinov2_vitl14,15,seen,L1_TwoRobotPlaceFileFolder-v1,L1,TwoRobotPlaceFileFolder,0.8,0.939811670780182,10,20260510_150907,TwoRobotPlaceFileFolder
va,vqbet,dinov2_vitl14,vqbet / dinov2_vitl14,15,seen,L2_TwoRobotPlaceFileFolder-v1,L2,TwoRobotPlaceFileFolder,0.7,0.9235314413905144,10,20260510_151639,TwoRobotPlaceFileFolder
va,vqbet,dinov2_vitl14,vqbet / dinov2_vitl14,15,seen,L3_TwoRobotPlaceFileFolder-v1,L3,TwoRobotPlaceFileFolder,0.6,0.7582375079393386,10,20260510_152314,TwoRobotPlaceFileFolder
va,vqbet,dinov2_vitl14,vqbet / dinov2_vitl14,15,seen,L0_TwoRobotFoldTowel-v1,L0,TwoRobotFoldTowel,1.0,1.0,10,20260510_153808,TwoRobotFoldTowel
va,vqbet,dinov2_vitl14,vqbet / dinov2_vitl14,15,seen,L1_TwoRobotFoldTowel-v1,L1,TwoRobotFoldTowel,0.7,0.8884923547506333,10,20260510_155341,TwoRobotFoldTowel
va,vqbet,dinov2_vitl14,vqbet / dinov2_vitl14,15,seen,L2_TwoRobotFoldTowel-v1,L2,TwoRobotFoldTowel,0.1,0.3419780910015106,10,20260510_160816,TwoRobotFoldTowel
va,vqbet,dinov2_vitl14,vqbet / dinov2_vitl14,15,seen,L3_TwoRobotFoldTowel-v1,L3,TwoRobotFoldTowel,0.5,0.7192971289157868,10,20260510_162232,TwoRobotFoldTowel
va,vqbet,dinov2_vitl14,vqbet / dinov2_vitl14,15,seen,L0_TwoRobotPlaceMugRack-v1,L0,TwoRobotPlaceMugRack,0.0,0.1630875170230865,10,20260510_162809,TwoRobotPlaceMugRack
va,vqbet,dinov2_vitl14,vqbet / dinov2_vitl14,15,seen,L1_TwoRobotPlaceMugRack-v1,L1,TwoRobotPlaceMugRack,0.9,0.987331247329712,10,20260510_163340,TwoRobotPlaceMugRack
va,vqbet,dinov2_vitl14,vqbet / dinov2_vitl14,15,seen,L2_TwoRobotPlaceMugRack-v1,L2,TwoRobotPlaceMugRack,0.0,0.5665274932980537,10,20260510_163915,TwoRobotPlaceMugRack
va,vqbet,dinov2_vitl14,vqbet / dinov2_vitl14,15,seen,L3_TwoRobotPlaceMugRack-v1,L3,TwoRobotPlaceMugRack,0.5,0.7757834076881409,10,20260510_164350,TwoRobotPlaceMugRack
va,vqbet,dinov2_vitl14,vqbet / dinov2_vitl14,15,seen,L0_TwoRobotStirSpoon-v1,L0,TwoRobotStirSpoon,0.2,0.4095112398266792,10,20260512_220007,TwoRobotStirSpoon
va,vqbet,dinov2_vitl14,vqbet / dinov2_vitl14,15,seen,L1_TwoRobotStirSpoon-v1,L1,TwoRobotStirSpoon,0.5,0.6539016231894493,10,20260512_220755,TwoRobotStirSpoon
va,vqbet,dinov2_vitl14,vqbet / dinov2_vitl14,15,seen,L2_TwoRobotStirSpoon-v1,L2,TwoRobotStirSpoon,0.2,0.5177628705278039,10,20260512_221538,TwoRobotStirSpoon
va,vqbet,dinov2_vitl14,vqbet / dinov2_vitl14,15,seen,L3_TwoRobotStirSpoon-v1,L3,TwoRobotStirSpoon,0.8,0.8679317981004715,10,20260512_222309,TwoRobotStirSpoon
va,vqbet,dinov2_vitl14,vqbet / dinov2_vitl14,15,seen,L0_TwoRobotPlacePlateRack-v1,L0,TwoRobotPlacePlateRack,0.2,0.4857331395149231,10,20260512_223507,TwoRobotPlacePlateRack
va,vqbet,dinov2_vitl14,vqbet / dinov2_vitl14,15,unseen,L3_TwoRobotPickRemoteControl-v1,L3,TwoRobotPickRemoteControl,0.0,0.3937637716531753,10,20260510_142648,TwoRobotPickRemoteControl
va,vqbet,dinov2_vitl14,vqbet / dinov2_vitl14,15,unseen,L0_TwoRobotScanMilkBox-v1,L0,TwoRobotScanMilkBox,0.0,0.2944702163338661,10,20260510_144029,TwoRobotScanMilkBox
va,vqbet,dinov2_vitl14,vqbet / dinov2_vitl14,15,unseen,L1_TwoRobotScanMilkBox-v1,L1,TwoRobotScanMilkBox,0.0,0.2961525350809097,10,20260510_145421,TwoRobotScanMilkBox
va,vqbet,dinov2_vitl14,vqbet / dinov2_vitl14,15,unseen,L2_TwoRobotScanMilkBox-v1,L2,TwoRobotScanMilkBox,0.1,0.2661613941192627,10,20260510_150714,TwoRobotScanMilkBox
va,vqbet,dinov2_vitl14,vqbet / dinov2_vitl14,15,unseen,L3_TwoRobotScanMilkBox-v1,L3,TwoRobotScanMilkBox,0.0,0.169683414697647,10,20260510_151727,TwoRobotScanMilkBox
va,vqbet,dinov2_vitl14,vqbet / dinov2_vitl14,15,unseen,L0_TwoRobotPourKettle-v1,L0,TwoRobotPourKettle,0.2,0.3728275060653686,10,20260510_152514,TwoRobotPourKettle
va,vqbet,dinov2_vitl14,vqbet / dinov2_vitl14,15,unseen,L1_TwoRobotPourKettle-v1,L1,TwoRobotPourKettle,0.0,0.1116183027625083,10,20260510_153226,TwoRobotPourKettle
va,vqbet,dinov2_vitl14,vqbet / dinov2_vitl14,15,unseen,L2_TwoRobotPourKettle-v1,L2,TwoRobotPourKettle,0.0,0.0044479131698608,10,20260510_154005,TwoRobotPourKettle
va,vqbet,dinov2_vitl14,vqbet / dinov2_vitl14,15,unseen,L3_TwoRobotPourKettle-v1,L3,TwoRobotPourKettle,0.0,0.2797574311494827,10,20260510_154756,TwoRobotPourKettle
va,vqbet,dinov2_vitl14,vqbet / dinov2_vitl14,15,unseen,L0_TwoRobotPickFood-v1,L0,TwoRobotPickFood,0.0,0.2137082755565643,10,20260510_155801,TwoRobotPickFood
va,vqbet,dinov2_vitl14,vqbet / dinov2_vitl14,15,unseen,L1_TwoRobotPickFood-v1,L1,TwoRobotPickFood,0.0,0.1470738723874092,10,20260510_160748,TwoRobotPickFood
va,vqbet,dinov2_vitl14,vqbet / dinov2_vitl14,15,unseen,L2_TwoRobotPickFood-v1,L2,TwoRobotPickFood,0.0,0.0187788993120193,10,20260510_161705,TwoRobotPickFood
va,vqbet,dinov2_vitl14,vqbet / dinov2_vitl14,15,unseen,L3_TwoRobotPickFood-v1,L3,TwoRobotPickFood,0.0,0.2140423715114593,10,20260510_162524,TwoRobotPickFood
va,vqbet,dinov2_vitl14,vqbet / dinov2_vitl14,15,unseen,L0_TwoRobotFoldBox-v1,L0,TwoRobotFoldBox,0.0,0.0109863982535898,10,20260510_162954,TwoRobotFoldBox
va,vqbet,dinov2_vitl14,vqbet / dinov2_vitl14,15,unseen,L1_TwoRobotFoldBox-v1,L1,TwoRobotFoldBox,1.0,1.0,10,20260510_163415,TwoRobotFoldBox
va,vqbet,dinov2_vitl14,vqbet / dinov2_vitl14,15,unseen,L2_TwoRobotFoldBox-v1,L2,TwoRobotFoldBox,0.0,0.0147821515798568,10,20260510_163841,TwoRobotFoldBox
va,vqbet,dinov2_vitl14,vqbet / dinov2_vitl14,15,unseen,L3_TwoRobotFoldBox-v1,L3,TwoRobotFoldBox,0.6,0.6834622176364065,10,20260510_164307,TwoRobotFoldBox
va,vqbet,dinov2_vitl14,vqbet / dinov2_vitl14,15,unseen,L0_TwoRobotPickRemoteControl-v1,L0,TwoRobotPickRemoteControl,0.0,0.2131356090307235,10,20260512_220402,TwoRobotPickRemoteControl
va,vqbet,dinov2_vitl14,vqbet / dinov2_vitl14,15,unseen,L1_TwoRobotPickRemoteControl-v1,L1,TwoRobotPickRemoteControl,0.0,0.202807530760765,10,20260512_221536,TwoRobotPickRemoteControl
va,vqbet,dinov2_vitl14,vqbet / dinov2_vitl14,15,unseen,L2_TwoRobotPickRemoteControl-v1,L2,TwoRobotPickRemoteControl,0.0,0.0079944729339331,10,20260512_222645,TwoRobotPickRemoteControl
va,vqbet,dinov2_vitl14,vqbet / dinov2_vitl14,15,unseen_finetune,L0_TwoRobotPickRemoteControl-v1,L0,TwoRobotPickRemoteControl,0.0,0.2342521861195564,10,20260512_220015,TwoRobotPickRemoteControl
va,vqbet,dinov2_vitl14,vqbet / dinov2_vitl14,15,unseen_finetune,L1_TwoRobotPickRemoteControl-v1,L1,TwoRobotPickRemoteControl,0.0,0.1893501594662666,10,20260512_221042,TwoRobotPickRemoteControl
va,vqbet,dinov2_vitl14,vqbet / dinov2_vitl14,15,unseen_finetune,L2_TwoRobotPickRemoteControl-v1,L2,TwoRobotPickRemoteControl,0.0,0.0079630612861365,10,20260512_222036,TwoRobotPickRemoteControl
va,vqbet,dinov2_vitl14,vqbet / dinov2_vitl14,15,unseen_finetune,L3_TwoRobotPickRemoteControl-v1,L3,TwoRobotPickRemoteControl,0.0,0.4142594620585441,10,20260512_223237,TwoRobotPickRemoteControl
va,vqbet,dinov2_vitl14,vqbet / dinov2_vitl14,15,unseen_finetune,L0_TwoRobotScanMilkBox-v1,L0,TwoRobotScanMilkBox,0.0,0.4501807451248169,10,20260512_224105,TwoRobotScanMilkBox
va,vqbet,dinov2_vitl14,vqbet / dinov2_vitl14,15,unseen_finetune,L1_TwoRobotScanMilkBox-v1,L1,TwoRobotScanMilkBox,0.1,0.5598438024520874,10,20260512_224908,TwoRobotScanMilkBox
va,vqbet,dinov2_vitl14,vqbet / dinov2_vitl14,15,unseen_finetune,L2_TwoRobotScanMilkBox-v1,L2,TwoRobotScanMilkBox,0.0,0.0711989041417837,10,20260511_015440,TwoRobotScanMilkBox
va,vqbet,dinov2_vitl14,vqbet / dinov2_vitl14,15,unseen_finetune,L3_TwoRobotScanMilkBox-v1,L3,TwoRobotScanMilkBox,0.0,0.0904189772903919,10,20260511_020434,TwoRobotScanMilkBox
va,vqbet,dinov2_vitl14,vqbet / dinov2_vitl14,15,unseen_finetune,L0_TwoRobotPourKettle-v1,L0,TwoRobotPourKettle,0.0,0.1339332073926925,10,20260511_021239,TwoRobotPourKettle
va,vqbet,dinov2_vitl14,vqbet / dinov2_vitl14,15,unseen_finetune,L1_TwoRobotPourKettle-v1,L1,TwoRobotPourKettle,0.0,0.1146430164575576,10,20260511_022014,TwoRobotPourKettle
va,vqbet,dinov2_vitl14,vqbet / dinov2_vitl14,15,unseen_finetune,L2_TwoRobotPourKettle-v1,L2,TwoRobotPourKettle,0.0,0.0045709729660302,10,20260511_022749,TwoRobotPourKettle
va,vqbet,dinov2_vitl14,vqbet / dinov2_vitl14,15,unseen_finetune,L3_TwoRobotPourKettle-v1,L3,TwoRobotPourKettle,0.0,0.1511817626655101,10,20260511_023502,TwoRobotPourKettle
va,vqbet,dinov2_vitl14,vqbet / dinov2_vitl14,15,unseen_finetune,L0_TwoRobotPickFood-v1,L0,TwoRobotPickFood,0.0,0.2898402392864227,10,20260511_024423,TwoRobotPickFood
va,vqbet,dinov2_vitl14,vqbet / dinov2_vitl14,15,unseen_finetune,L1_TwoRobotPickFood-v1,L1,TwoRobotPickFood,0.0,0.2531585544347763,10,20260511_025154,TwoRobotPickFood
va,vqbet,dinov2_vitl14,vqbet / dinov2_vitl14,15,unseen_finetune,L2_TwoRobotPickFood-v1,L2,TwoRobotPickFood,0.0,0.018405932188034,10,20260511_025843,TwoRobotPickFood
va,vqbet,dinov2_vitl14,vqbet / dinov2_vitl14,15,unseen_finetune,L3_TwoRobotPickFood-v1,L3,TwoRobotPickFood,0.0,0.3852523535490036,10,20260511_030443,TwoRobotPickFood
va,vqbet,dinov2_vitl14,vqbet / dinov2_vitl14,15,unseen_finetune,L0_TwoRobotFoldBox-v1,L0,TwoRobotFoldBox,1.0,1.0,10,20260511_030752,TwoRobotFoldBox
va,vqbet,dinov2_vitl14,vqbet / dinov2_vitl14,15,unseen_finetune,L1_TwoRobotFoldBox-v1,L1,TwoRobotFoldBox,0.6,0.7100988002493978,10,20260511_031100,TwoRobotFoldBox
va,vqbet,dinov2_vitl14,vqbet / dinov2_vitl14,15,unseen_finetune,L2_TwoRobotFoldBox-v1,L2,TwoRobotFoldBox,0.1,0.1053038528421893,10,20260511_031411,TwoRobotFoldBox
va,vqbet,dinov2_vitl14,vqbet / dinov2_vitl14,15,unseen_finetune,L3_TwoRobotFoldBox-v1,L3,TwoRobotFoldBox,0.0,0.0211097471415996,10,20260511_031718,TwoRobotFoldBox
va,vqbet,dinov2_vitl14,vqbet / dinov2_vitl14,15,unseen_scratch,L0_TwoRobotPickRemoteControl-v1,L0,TwoRobotPickRemoteControl,0.0,0.6267265141010284,10,20260515_125153,TwoRobotPickRemoteControl
va,vqbet,dinov2_vitl14,vqbet / dinov2_vitl14,15,unseen_scratch,L1_TwoRobotPickRemoteControl-v1,L1,TwoRobotPickRemoteControl,0.8,0.8961884200572967,10,20260515_125849,TwoRobotPickRemoteControl
va,vqbet,dinov2_vitl14,vqbet / dinov2_vitl14,15,unseen_scratch,L2_TwoRobotPickRemoteControl-v1,L2,TwoRobotPickRemoteControl,0.3,0.3054180764593184,10,20260515_130538,TwoRobotPickRemoteControl
va,vqbet,dinov2_vitl14,vqbet / dinov2_vitl14,15,unseen_scratch,L3_TwoRobotPickRemoteControl-v1,L3,TwoRobotPickRemoteControl,0.0,0.2276524037122726,10,20260515_131236,TwoRobotPickRemoteControl
va,vqbet,dinov2_vitl14,vqbet / dinov2_vitl14,15,unseen_scratch,L0_TwoRobotScanMilkBox-v1,L0,TwoRobotScanMilkBox,0.9,0.9685364246368408,10,20260515_131938,TwoRobotScanMilkBox
va,vqbet,dinov2_vitl14,vqbet / dinov2_vitl14,15,unseen_scratch,L1_TwoRobotScanMilkBox-v1,L1,TwoRobotScanMilkBox,1.0,1.0,10,20260515_132650,TwoRobotScanMilkBox
va,vqbet,dinov2_vitl14,vqbet / dinov2_vitl14,15,unseen_scratch,L2_TwoRobotScanMilkBox-v1,L2,TwoRobotScanMilkBox,0.8,0.8555386617779732,10,20260515_133320,TwoRobotScanMilkBox
va,vqbet,dinov2_vitl14,vqbet / dinov2_vitl14,15,unseen_scratch,L3_TwoRobotScanMilkBox-v1,L3,TwoRobotScanMilkBox,0.8,0.8840748131275177,10,20260515_133827,TwoRobotScanMilkBox
va,vqbet,dinov2_vitl14,vqbet / dinov2_vitl14,15,unseen_scratch,L0_TwoRobotPourKettle-v1,L0,TwoRobotPourKettle,0.1,0.2761850036680698,10,20260515_134213,TwoRobotPourKettle
va,vqbet,dinov2_vitl14,vqbet / dinov2_vitl14,15,unseen_scratch,L1_TwoRobotPourKettle-v1,L1,TwoRobotPourKettle,0.0,0.0779704697430133,10,20260515_134548,TwoRobotPourKettle
va,vqbet,dinov2_vitl14,vqbet / dinov2_vitl14,15,unseen_scratch,L2_TwoRobotPourKettle-v1,L2,TwoRobotPourKettle,0.0,0.0045076410751789,10,20260515_134922,TwoRobotPourKettle
va,vqbet,dinov2_vitl14,vqbet / dinov2_vitl14,15,unseen_scratch,L3_TwoRobotPourKettle-v1,L3,TwoRobotPourKettle,0.0,0.2285324901342392,10,20260515_135252,TwoRobotPourKettle
va,vqbet,dinov2_vitl14,vqbet / dinov2_vitl14,15,unseen_scratch,L0_TwoRobotPickFood-v1,L0,TwoRobotPickFood,0.2,0.6470390558242798,10,20260515_135755,TwoRobotPickFood
va,vqbet,dinov2_vitl14,vqbet / dinov2_vitl14,15,unseen_scratch,L1_TwoRobotPickFood-v1,L1,TwoRobotPickFood,0.1,0.6564052700996399,10,20260515_140304,TwoRobotPickFood
va,vqbet,dinov2_vitl14,vqbet / dinov2_vitl14,15,unseen_scratch,L2_TwoRobotPickFood-v1,L2,TwoRobotPickFood,0.0,0.0296262070536613,10,20260515_140749,TwoRobotPickFood
va,vqbet,dinov2_vitl14,vqbet / dinov2_vitl14,15,unseen_scratch,L3_TwoRobotPickFood-v1,L3,TwoRobotPickFood,0.8,0.9303548276424408,10,20260515_141229,TwoRobotPickFood
va,vqbet,dinov2_vitl14,vqbet / dinov2_vitl14,15,unseen_scratch,L0_TwoRobotFoldBox-v1,L0,TwoRobotFoldBox,1.0,1.0,10,20260515_141521,TwoRobotFoldBox
va,vqbet,dinov2_vitl14,vqbet / dinov2_vitl14,15,unseen_scratch,L1_TwoRobotFoldBox-v1,L1,TwoRobotFoldBox,0.0,0.076216247677803,10,20260515_141812,TwoRobotFoldBox
va,vqbet,dinov2_vitl14,vqbet / dinov2_vitl14,15,unseen_scratch,L2_TwoRobotFoldBox-v1,L2,TwoRobotFoldBox,1.0,1.0,10,20260515_142105,TwoRobotFoldBox
va,vqbet,dinov2_vitl14,vqbet / dinov2_vitl14,15,unseen_scratch,L3_TwoRobotFoldBox-v1,L3,TwoRobotFoldBox,1.0,1.0,10,20260515_142351,TwoRobotFoldBox
va,vqbet,dinov2_vitl14,vqbet / dinov2_vitl14,30,seen,L1_TwoRobotPlacePlateRack-v1,L1,TwoRobotPlacePlateRack,0.7,0.8518725842237472,10,20260510_142432,TwoRobotPlacePlateRack
va,vqbet,dinov2_vitl14,vqbet / dinov2_vitl14,30,seen,L2_TwoRobotPlacePlateRack-v1,L2,TwoRobotPlacePlateRack,0.1,0.6189322382211685,10,20260510_143813,TwoRobotPlacePlateRack
va,vqbet,dinov2_vitl14,vqbet / dinov2_vitl14,30,seen,L3_TwoRobotPlacePlateRack-v1,L3,TwoRobotPlacePlateRack,0.2,0.4828065723180771,10,20260510_144450,TwoRobotPlacePlateRack
va,vqbet,dinov2_vitl14,vqbet / dinov2_vitl14,30,seen,L0_TwoRobotPlaceFileFolder-v1,L0,TwoRobotPlaceFileFolder,0.6,0.8466439783573151,10,20260510_145102,TwoRobotPlaceFileFolder
va,vqbet,dinov2_vitl14,vqbet / dinov2_vitl14,30,seen,L1_TwoRobotPlaceFileFolder-v1,L1,TwoRobotPlaceFileFolder,0.9,0.938199120759964,10,20260510_145743,TwoRobotPlaceFileFolder
va,vqbet,dinov2_vitl14,vqbet / dinov2_vitl14,30,seen,L2_TwoRobotPlaceFileFolder-v1,L2,TwoRobotPlaceFileFolder,0.9,0.9238911867141724,10,20260510_150433,TwoRobotPlaceFileFolder
va,vqbet,dinov2_vitl14,vqbet / dinov2_vitl14,30,seen,L3_TwoRobotPlaceFileFolder-v1,L3,TwoRobotPlaceFileFolder,0.8,0.8907852113246918,10,20260510_151053,TwoRobotPlaceFileFolder
va,vqbet,dinov2_vitl14,vqbet / dinov2_vitl14,30,seen,L0_TwoRobotFoldTowel-v1,L0,TwoRobotFoldTowel,0.2,0.7579726636409759,10,20260510_152432,TwoRobotFoldTowel
va,vqbet,dinov2_vitl14,vqbet / dinov2_vitl14,30,seen,L1_TwoRobotFoldTowel-v1,L1,TwoRobotFoldTowel,0.9,1.0,10,20260510_153709,TwoRobotFoldTowel
va,vqbet,dinov2_vitl14,vqbet / dinov2_vitl14,30,seen,L2_TwoRobotFoldTowel-v1,L2,TwoRobotFoldTowel,0.0,0.4159686908125877,10,20260510_155003,TwoRobotFoldTowel
va,vqbet,dinov2_vitl14,vqbet / dinov2_vitl14,30,seen,L3_TwoRobotFoldTowel-v1,L3,TwoRobotFoldTowel,0.0,0.6947434186935425,10,20260510_160356,TwoRobotFoldTowel
va,vqbet,dinov2_vitl14,vqbet / dinov2_vitl14,30,seen,L0_TwoRobotPlaceMugRack-v1,L0,TwoRobotPlaceMugRack,0.6,1.0,10,20260510_161011,TwoRobotPlaceMugRack
va,vqbet,dinov2_vitl14,vqbet / dinov2_vitl14,30,seen,L1_TwoRobotPlaceMugRack-v1,L1,TwoRobotPlaceMugRack,0.7,0.9609649658203124,10,20260510_161608,TwoRobotPlaceMugRack
va,vqbet,dinov2_vitl14,vqbet / dinov2_vitl14,30,seen,L2_TwoRobotPlaceMugRack-v1,L2,TwoRobotPlaceMugRack,0.7,0.9913028001785278,10,20260510_162200,TwoRobotPlaceMugRack
va,vqbet,dinov2_vitl14,vqbet / dinov2_vitl14,30,seen,L3_TwoRobotPlaceMugRack-v1,L3,TwoRobotPlaceMugRack,0.8,0.9680964469909668,10,20260510_162653,TwoRobotPlaceMugRack
va,vqbet,dinov2_vitl14,vqbet / dinov2_vitl14,30,seen,L0_TwoRobotStirSpoon-v1,L0,TwoRobotStirSpoon,0.3,0.7535612560808659,10,20260512_214935,TwoRobotStirSpoon
va,vqbet,dinov2_vitl14,vqbet / dinov2_vitl14,30,seen,L1_TwoRobotStirSpoon-v1,L1,TwoRobotStirSpoon,0.3,0.7162709653377533,10,20260512_215549,TwoRobotStirSpoon
va,vqbet,dinov2_vitl14,vqbet / dinov2_vitl14,30,seen,L2_TwoRobotStirSpoon-v1,L2,TwoRobotStirSpoon,0.7,0.9235505819320678,10,20260512_220234,TwoRobotStirSpoon
va,vqbet,dinov2_vitl14,vqbet / dinov2_vitl14,30,seen,L3_TwoRobotStirSpoon-v1,L3,TwoRobotStirSpoon,0.2,0.7102669149637222,10,20260512_220926,TwoRobotStirSpoon
va,vqbet,dinov2_vitl14,vqbet / dinov2_vitl14,30,seen,L0_TwoRobotPlacePlateRack-v1,L0,TwoRobotPlacePlateRack,0.8,0.8671691417694092,10,20260512_222233,TwoRobotPlacePlateRack
va,vqbet,dinov2_vitl14,vqbet / dinov2_vitl14,30,unseen,L0_TwoRobotPickRemoteControl-v1,L0,TwoRobotPickRemoteControl,0.0,0.0798588544130325,10,20260512_215128,TwoRobotPickRemoteControl
va,vqbet,dinov2_vitl14,vqbet / dinov2_vitl14,30,unseen,L1_TwoRobotPickRemoteControl-v1,L1,TwoRobotPickRemoteControl,0.0,0.1660415846854448,10,20260512_220254,TwoRobotPickRemoteControl
va,vqbet,dinov2_vitl14,vqbet / dinov2_vitl14,30,unseen,L2_TwoRobotPickRemoteControl-v1,L2,TwoRobotPickRemoteControl,0.0,0.0079295229166746,10,20260512_221406,TwoRobotPickRemoteControl
va,vqbet,dinov2_vitl14,vqbet / dinov2_vitl14,30,unseen,L3_TwoRobotPickRemoteControl-v1,L3,TwoRobotPickRemoteControl,0.0,0.0781764715909957,10,20260510_142704,TwoRobotPickRemoteControl
va,vqbet,dinov2_vitl14,vqbet / dinov2_vitl14,30,unseen,L0_TwoRobotScanMilkBox-v1,L0,TwoRobotScanMilkBox,0.0,0.4102641016244888,10,20260510_144050,TwoRobotScanMilkBox
va,vqbet,dinov2_vitl14,vqbet / dinov2_vitl14,30,unseen,L1_TwoRobotScanMilkBox-v1,L1,TwoRobotScanMilkBox,0.0,0.2453635931015014,10,20260510_145433,TwoRobotScanMilkBox
va,vqbet,dinov2_vitl14,vqbet / dinov2_vitl14,30,unseen,L2_TwoRobotScanMilkBox-v1,L2,TwoRobotScanMilkBox,0.0,0.1623264376074075,10,20260510_150719,TwoRobotScanMilkBox
va,vqbet,dinov2_vitl14,vqbet / dinov2_vitl14,30,unseen,L3_TwoRobotScanMilkBox-v1,L3,TwoRobotScanMilkBox,0.0,0.1853199139237404,10,20260510_151727,TwoRobotScanMilkBox
va,vqbet,dinov2_vitl14,vqbet / dinov2_vitl14,30,unseen,L0_TwoRobotPourKettle-v1,L0,TwoRobotPourKettle,0.0,0.4149121791124344,10,20260510_152511,TwoRobotPourKettle
va,vqbet,dinov2_vitl14,vqbet / dinov2_vitl14,30,unseen,L1_TwoRobotPourKettle-v1,L1,TwoRobotPourKettle,0.0,0.1531251177191734,10,20260510_153224,TwoRobotPourKettle
va,vqbet,dinov2_vitl14,vqbet / dinov2_vitl14,30,unseen,L2_TwoRobotPourKettle-v1,L2,TwoRobotPourKettle,0.0,0.0046815793029963,10,20260510_154003,TwoRobotPourKettle
va,vqbet,dinov2_vitl14,vqbet / dinov2_vitl14,30,unseen,L3_TwoRobotPourKettle-v1,L3,TwoRobotPourKettle,0.0,0.1764364272356033,10,20260510_154753,TwoRobotPourKettle
va,vqbet,dinov2_vitl14,vqbet / dinov2_vitl14,30,unseen,L0_TwoRobotPickFood-v1,L0,TwoRobotPickFood,0.0,0.2404835775494575,10,20260510_155801,TwoRobotPickFood
va,vqbet,dinov2_vitl14,vqbet / dinov2_vitl14,30,unseen,L1_TwoRobotPickFood-v1,L1,TwoRobotPickFood,0.0,0.4883568227291107,10,20260510_160741,TwoRobotPickFood
va,vqbet,dinov2_vitl14,vqbet / dinov2_vitl14,30,unseen,L2_TwoRobotPickFood-v1,L2,TwoRobotPickFood,0.0,0.0196988552808761,10,20260510_161642,TwoRobotPickFood
va,vqbet,dinov2_vitl14,vqbet / dinov2_vitl14,30,unseen,L3_TwoRobotPickFood-v1,L3,TwoRobotPickFood,0.0,0.3056603938341141,10,20260510_162456,TwoRobotPickFood
va,vqbet,dinov2_vitl14,vqbet / dinov2_vitl14,30,unseen,L0_TwoRobotFoldBox-v1,L0,TwoRobotFoldBox,0.0,0.0171216997317969,10,20260510_162919,TwoRobotFoldBox
va,vqbet,dinov2_vitl14,vqbet / dinov2_vitl14,30,unseen,L1_TwoRobotFoldBox-v1,L1,TwoRobotFoldBox,1.0,1.0,10,20260510_163332,TwoRobotFoldBox
va,vqbet,dinov2_vitl14,vqbet / dinov2_vitl14,30,unseen,L2_TwoRobotFoldBox-v1,L2,TwoRobotFoldBox,1.0,1.0,10,20260510_163748,TwoRobotFoldBox
va,vqbet,dinov2_vitl14,vqbet / dinov2_vitl14,30,unseen,L3_TwoRobotFoldBox-v1,L3,TwoRobotFoldBox,0.2,0.2905795011669397,10,20260510_164210,TwoRobotFoldBox
va,vqbet,dinov2_vitl14,vqbet / dinov2_vitl14,30,unseen_finetune,L0_TwoRobotPickRemoteControl-v1,L0,TwoRobotPickRemoteControl,0.6,0.7887466073036193,10,20260512_154131,TwoRobotPickRemoteControl
va,vqbet,dinov2_vitl14,vqbet / dinov2_vitl14,30,unseen_finetune,L1_TwoRobotPickRemoteControl-v1,L1,TwoRobotPickRemoteControl,0.6,0.9349815607070924,10,20260512_155719,TwoRobotPickRemoteControl
va,vqbet,dinov2_vitl14,vqbet / dinov2_vitl14,30,unseen_finetune,L2_TwoRobotPickRemoteControl-v1,L2,TwoRobotPickRemoteControl,0.0,0.0080484820064157,10,20260512_161348,TwoRobotPickRemoteControl
va,vqbet,dinov2_vitl14,vqbet / dinov2_vitl14,30,unseen_finetune,L3_TwoRobotPickRemoteControl-v1,L3,TwoRobotPickRemoteControl,0.3,0.5372343704104423,10,20260512_163018,TwoRobotPickRemoteControl
va,vqbet,dinov2_vitl14,vqbet / dinov2_vitl14,30,unseen_finetune,L0_TwoRobotScanMilkBox-v1,L0,TwoRobotScanMilkBox,0.6,0.875485897064209,10,20260512_164159,TwoRobotScanMilkBox
va,vqbet,dinov2_vitl14,vqbet / dinov2_vitl14,30,unseen_finetune,L1_TwoRobotScanMilkBox-v1,L1,TwoRobotScanMilkBox,0.6,0.823980834274434,10,20260512_165316,TwoRobotScanMilkBox
va,vqbet,dinov2_vitl14,vqbet / dinov2_vitl14,30,unseen_finetune,L2_TwoRobotScanMilkBox-v1,L2,TwoRobotScanMilkBox,0.4,0.5502760112285614,10,20260512_170347,TwoRobotScanMilkBox
va,vqbet,dinov2_vitl14,vqbet / dinov2_vitl14,30,unseen_finetune,L3_TwoRobotScanMilkBox-v1,L3,TwoRobotScanMilkBox,0.8,0.8728386014699936,10,20260512_171219,TwoRobotScanMilkBox
va,vqbet,dinov2_vitl14,vqbet / dinov2_vitl14,30,unseen_finetune,L0_TwoRobotPourKettle-v1,L0,TwoRobotPourKettle,0.1,0.35073551684618,10,20260512_171838,TwoRobotPourKettle
va,vqbet,dinov2_vitl14,vqbet / dinov2_vitl14,30,unseen_finetune,L1_TwoRobotPourKettle-v1,L1,TwoRobotPourKettle,0.0,0.1590859726071357,10,20260512_172454,TwoRobotPourKettle
va,vqbet,dinov2_vitl14,vqbet / dinov2_vitl14,30,unseen_finetune,L2_TwoRobotPourKettle-v1,L2,TwoRobotPourKettle,0.0,0.0069051107391715,10,20260512_173034,TwoRobotPourKettle
va,vqbet,dinov2_vitl14,vqbet / dinov2_vitl14,30,unseen_finetune,L3_TwoRobotPourKettle-v1,L3,TwoRobotPourKettle,0.4,0.7840391859412194,10,20260512_173534,TwoRobotPourKettle
va,vqbet,dinov2_vitl14,vqbet / dinov2_vitl14,30,unseen_finetune,L0_TwoRobotPickFood-v1,L0,TwoRobotPickFood,0.1,0.586026594042778,10,20260512_174108,TwoRobotPickFood
va,vqbet,dinov2_vitl14,vqbet / dinov2_vitl14,30,unseen_finetune,L1_TwoRobotPickFood-v1,L1,TwoRobotPickFood,0.0,0.4825253129005432,10,20260512_174641,TwoRobotPickFood
va,vqbet,dinov2_vitl14,vqbet / dinov2_vitl14,30,unseen_finetune,L2_TwoRobotPickFood-v1,L2,TwoRobotPickFood,0.0,0.0259186118841171,10,20260512_175153,TwoRobotPickFood
va,vqbet,dinov2_vitl14,vqbet / dinov2_vitl14,30,unseen_finetune,L3_TwoRobotPickFood-v1,L3,TwoRobotPickFood,0.3,0.6515999406576156,10,20260512_175716,TwoRobotPickFood
va,vqbet,dinov2_vitl14,vqbet / dinov2_vitl14,30,unseen_finetune,L0_TwoRobotFoldBox-v1,L0,TwoRobotFoldBox,0.2,0.5068553980439902,10,20260512_180046,TwoRobotFoldBox
va,vqbet,dinov2_vitl14,vqbet / dinov2_vitl14,30,unseen_finetune,L1_TwoRobotFoldBox-v1,L1,TwoRobotFoldBox,0.4,0.9010989886708558,10,20260512_180424,TwoRobotFoldBox
va,vqbet,dinov2_vitl14,vqbet / dinov2_vitl14,30,unseen_finetune,L2_TwoRobotFoldBox-v1,L2,TwoRobotFoldBox,0.3,0.3,10,20260512_180814,TwoRobotFoldBox
va,vqbet,dinov2_vitl14,vqbet / dinov2_vitl14,30,unseen_finetune,L3_TwoRobotFoldBox-v1,L3,TwoRobotFoldBox,0.2,0.2,10,20260512_181132,TwoRobotFoldBox
va,vqbet,dinov2_vitl14,vqbet / dinov2_vitl14,30,unseen_scratch,L0_TwoRobotPourKettle-v1,L0,TwoRobotPourKettle,0.0,0.1974978640675544,10,20260515_003950,TwoRobotPourKettle
va,vqbet,dinov2_vitl14,vqbet / dinov2_vitl14,30,unseen_scratch,L1_TwoRobotPourKettle-v1,L1,TwoRobotPourKettle,0.0,0.2602396070957183,10,20260515_004420,TwoRobotPourKettle
va,vqbet,dinov2_vitl14,vqbet / dinov2_vitl14,30,unseen_scratch,L2_TwoRobotPourKettle-v1,L2,TwoRobotPourKettle,0.0,0.0044673760887235,10,20260515_004852,TwoRobotPourKettle
va,vqbet,dinov2_vitl14,vqbet / dinov2_vitl14,30,unseen_scratch,L3_TwoRobotPourKettle-v1,L3,TwoRobotPourKettle,0.0,0.1888157784938812,10,20260515_005329,TwoRobotPourKettle
va,vqbet,dinov2_vitl14,vqbet / dinov2_vitl14,30,unseen_scratch,L0_TwoRobotPickFood-v1,L0,TwoRobotPickFood,0.1,0.5550258755683899,10,20260515_005949,TwoRobotPickFood
va,vqbet,dinov2_vitl14,vqbet / dinov2_vitl14,30,unseen_scratch,L1_TwoRobotPickFood-v1,L1,TwoRobotPickFood,0.0,0.665610471367836,10,20260515_010636,TwoRobotPickFood
va,vqbet,dinov2_vitl14,vqbet / dinov2_vitl14,30,unseen_scratch,L2_TwoRobotPickFood-v1,L2,TwoRobotPickFood,0.0,0.3193271219730377,10,20260515_011334,TwoRobotPickFood
va,vqbet,dinov2_vitl14,vqbet / dinov2_vitl14,30,unseen_scratch,L3_TwoRobotPickFood-v1,L3,TwoRobotPickFood,0.3,0.7422148525714874,10,20260515_012031,TwoRobotPickFood
va,vqbet,dinov2_vitl14,vqbet / dinov2_vitl14,30,unseen_scratch,L0_TwoRobotFoldBox-v1,L0,TwoRobotFoldBox,1.0,1.0,10,20260515_012445,TwoRobotFoldBox
va,vqbet,dinov2_vitl14,vqbet / dinov2_vitl14,30,unseen_scratch,L1_TwoRobotFoldBox-v1,L1,TwoRobotFoldBox,1.0,1.0,10,20260515_012846,TwoRobotFoldBox
va,vqbet,dinov2_vitl14,vqbet / dinov2_vitl14,30,unseen_scratch,L2_TwoRobotFoldBox-v1,L2,TwoRobotFoldBox,1.0,1.0,10,20260515_013248,TwoRobotFoldBox
va,vqbet,dinov2_vitl14,vqbet / dinov2_vitl14,30,unseen_scratch,L3_TwoRobotFoldBox-v1,L3,TwoRobotFoldBox,1.0,1.0,10,20260515_013643,TwoRobotFoldBox
va,vqbet,dinov2_vitl14,vqbet / dinov2_vitl14,30,unseen_scratch,L0_TwoRobotPickRemoteControl-v1,L0,TwoRobotPickRemoteControl,0.0,0.552028326690197,10,20260515_022853,TwoRobotPickRemoteControl
va,vqbet,dinov2_vitl14,vqbet / dinov2_vitl14,30,unseen_scratch,L1_TwoRobotPickRemoteControl-v1,L1,TwoRobotPickRemoteControl,0.9,0.9517164409160614,10,20260515_023753,TwoRobotPickRemoteControl
va,vqbet,dinov2_vitl14,vqbet / dinov2_vitl14,30,unseen_scratch,L2_TwoRobotPickRemoteControl-v1,L2,TwoRobotPickRemoteControl,0.1,0.1071236443705856,10,20260515_024717,TwoRobotPickRemoteControl
va,vqbet,dinov2_vitl14,vqbet / dinov2_vitl14,30,unseen_scratch,L3_TwoRobotPickRemoteControl-v1,L3,TwoRobotPickRemoteControl,0.4,0.6094010978937149,10,20260515_025724,TwoRobotPickRemoteControl
va,vqbet,dinov2_vitl14,vqbet / dinov2_vitl14,30,unseen_scratch,L0_TwoRobotScanMilkBox-v1,L0,TwoRobotScanMilkBox,1.0,1.0,10,20260515_030703,TwoRobotScanMilkBox
va,vqbet,dinov2_vitl14,vqbet / dinov2_vitl14,30,unseen_scratch,L1_TwoRobotScanMilkBox-v1,L1,TwoRobotScanMilkBox,1.0,1.0,10,20260515_031622,TwoRobotScanMilkBox
va,vqbet,dinov2_vitl14,vqbet / dinov2_vitl14,30,unseen_scratch,L2_TwoRobotScanMilkBox-v1,L2,TwoRobotScanMilkBox,0.9,0.9262307912111284,10,20260515_032445,TwoRobotScanMilkBox
va,vqbet,dinov2_vitl14,vqbet / dinov2_vitl14,30,unseen_scratch,L3_TwoRobotScanMilkBox-v1,L3,TwoRobotScanMilkBox,0.9,0.9419231325387954,10,20260515_033100,TwoRobotScanMilkBox
va,vqbet,dinov2_vitl14,vqbet / dinov2_vitl14,45,seen,L0_TwoRobotStirSpoon-v1,L0,TwoRobotStirSpoon,0.7,0.7760810673236846,10,20260512_142328,TwoRobotStirSpoon
va,vqbet,dinov2_vitl14,vqbet / dinov2_vitl14,45,seen,L1_TwoRobotStirSpoon-v1,L1,TwoRobotStirSpoon,0.0,0.1841747015714645,10,20260512_143300,TwoRobotStirSpoon
va,vqbet,dinov2_vitl14,vqbet / dinov2_vitl14,45,seen,L2_TwoRobotStirSpoon-v1,L2,TwoRobotStirSpoon,0.8,0.8553856869693846,10,20260512_144224,TwoRobotStirSpoon
va,vqbet,dinov2_vitl14,vqbet / dinov2_vitl14,45,seen,L3_TwoRobotStirSpoon-v1,L3,TwoRobotStirSpoon,0.3,0.5506377875804901,10,20260512_145217,TwoRobotStirSpoon
va,vqbet,dinov2_vitl14,vqbet / dinov2_vitl14,45,seen,L0_TwoRobotPlacePlateRack-v1,L0,TwoRobotPlacePlateRack,0.3,0.5517755687236786,10,20260512_150843,TwoRobotPlacePlateRack
va,vqbet,dinov2_vitl14,vqbet / dinov2_vitl14,45,seen,L1_TwoRobotPlacePlateRack-v1,L1,TwoRobotPlacePlateRack,0.6,0.7986722558736801,10,20260512_151949,TwoRobotPlacePlateRack
va,vqbet,dinov2_vitl14,vqbet / dinov2_vitl14,45,seen,L2_TwoRobotPlacePlateRack-v1,L2,TwoRobotPlacePlateRack,0.3,0.7541881918907165,10,20260512_153019,TwoRobotPlacePlateRack
va,vqbet,dinov2_vitl14,vqbet / dinov2_vitl14,45,seen,L3_TwoRobotPlacePlateRack-v1,L3,TwoRobotPlacePlateRack,0.6,0.7297160178422928,10,20260512_153839,TwoRobotPlacePlateRack
va,vqbet,dinov2_vitl14,vqbet / dinov2_vitl14,45,seen,L0_TwoRobotPlaceFileFolder-v1,L0,TwoRobotPlaceFileFolder,0.7,0.9450418174266816,10,20260512_154604,TwoRobotPlaceFileFolder
va,vqbet,dinov2_vitl14,vqbet / dinov2_vitl14,45,seen,L1_TwoRobotPlaceFileFolder-v1,L1,TwoRobotPlaceFileFolder,0.8,0.8943511068820953,10,20260512_155355,TwoRobotPlaceFileFolder
va,vqbet,dinov2_vitl14,vqbet / dinov2_vitl14,45,seen,L2_TwoRobotPlaceFileFolder-v1,L2,TwoRobotPlaceFileFolder,0.6,0.9236582949757576,10,20260512_160203,TwoRobotPlaceFileFolder
va,vqbet,dinov2_vitl14,vqbet / dinov2_vitl14,45,seen,L3_TwoRobotPlaceFileFolder-v1,L3,TwoRobotPlaceFileFolder,0.6,0.7377908766269684,10,20260512_160916,TwoRobotPlaceFileFolder
va,vqbet,dinov2_vitl14,vqbet / dinov2_vitl14,45,seen,L0_TwoRobotFoldTowel-v1,L0,TwoRobotFoldTowel,0.6,0.886262059211731,10,20260512_162612,TwoRobotFoldTowel
va,vqbet,dinov2_vitl14,vqbet / dinov2_vitl14,45,seen,L1_TwoRobotFoldTowel-v1,L1,TwoRobotFoldTowel,1.0,1.0,10,20260512_163838,TwoRobotFoldTowel
va,vqbet,dinov2_vitl14,vqbet / dinov2_vitl14,45,seen,L2_TwoRobotFoldTowel-v1,L2,TwoRobotFoldTowel,0.3,0.6382594764232635,10,20260512_165043,TwoRobotFoldTowel
va,vqbet,dinov2_vitl14,vqbet / dinov2_vitl14,45,seen,L3_TwoRobotFoldTowel-v1,L3,TwoRobotFoldTowel,0.5,0.84507155418396,10,20260512_170424,TwoRobotFoldTowel
va,vqbet,dinov2_vitl14,vqbet / dinov2_vitl14,45,seen,L0_TwoRobotPlaceMugRack-v1,L0,TwoRobotPlaceMugRack,1.0,1.0,10,20260512_171046,TwoRobotPlaceMugRack
va,vqbet,dinov2_vitl14,vqbet / dinov2_vitl14,45,seen,L1_TwoRobotPlaceMugRack-v1,L1,TwoRobotPlaceMugRack,1.0,1.0,10,20260512_171713,TwoRobotPlaceMugRack
va,vqbet,dinov2_vitl14,vqbet / dinov2_vitl14,45,seen,L2_TwoRobotPlaceMugRack-v1,L2,TwoRobotPlaceMugRack,0.0,0.5993850708007813,10,20260512_172320,TwoRobotPlaceMugRack
va,vqbet,dinov2_vitl14,vqbet / dinov2_vitl14,45,seen,L3_TwoRobotPlaceMugRack-v1,L3,TwoRobotPlaceMugRack,1.0,1.0,10,20260512_172835,TwoRobotPlaceMugRack
va,vqbet,dinov2_vitl14,vqbet / dinov2_vitl14,45,unseen,L0_TwoRobotPickRemoteControl-v1,L0,TwoRobotPickRemoteControl,0.0,0.1806794345378875,10,20260513_222849,TwoRobotPickRemoteControl
va,vqbet,dinov2_vitl14,vqbet / dinov2_vitl14,45,unseen,L1_TwoRobotPickRemoteControl-v1,L1,TwoRobotPickRemoteControl,0.0,0.1376268357038498,10,20260513_223523,TwoRobotPickRemoteControl
va,vqbet,dinov2_vitl14,vqbet / dinov2_vitl14,45,unseen,L2_TwoRobotPickRemoteControl-v1,L2,TwoRobotPickRemoteControl,0.0,0.0078437328804284,10,20260510_010419,TwoRobotPickRemoteControl
va,vqbet,dinov2_vitl14,vqbet / dinov2_vitl14,45,unseen,L3_TwoRobotPickRemoteControl-v1,L3,TwoRobotPickRemoteControl,0.6,0.7122027426958084,10,20260510_011646,TwoRobotPickRemoteControl
va,vqbet,dinov2_vitl14,vqbet / dinov2_vitl14,45,unseen,L0_TwoRobotScanMilkBox-v1,L0,TwoRobotScanMilkBox,0.0,0.3189835011959075,10,20260510_012543,TwoRobotScanMilkBox
va,vqbet,dinov2_vitl14,vqbet / dinov2_vitl14,45,unseen,L1_TwoRobotScanMilkBox-v1,L1,TwoRobotScanMilkBox,0.0,0.1933087274432182,10,20260510_013431,TwoRobotScanMilkBox
va,vqbet,dinov2_vitl14,vqbet / dinov2_vitl14,45,unseen,L2_TwoRobotScanMilkBox-v1,L2,TwoRobotScanMilkBox,0.0,0.1408157274127006,10,20260510_014142,TwoRobotScanMilkBox
va,vqbet,dinov2_vitl14,vqbet / dinov2_vitl14,45,unseen,L3_TwoRobotScanMilkBox-v1,L3,TwoRobotScanMilkBox,0.0,0.0475500725209713,10,20260510_014729,TwoRobotScanMilkBox
va,vqbet,dinov2_vitl14,vqbet / dinov2_vitl14,45,unseen,L0_TwoRobotPourKettle-v1,L0,TwoRobotPourKettle,0.0,0.158041812479496,10,20260510_015140,TwoRobotPourKettle
va,vqbet,dinov2_vitl14,vqbet / dinov2_vitl14,45,unseen,L1_TwoRobotPourKettle-v1,L1,TwoRobotPourKettle,0.0,0.1401621073484421,10,20260510_015537,TwoRobotPourKettle
va,vqbet,dinov2_vitl14,vqbet / dinov2_vitl14,45,unseen,L2_TwoRobotPourKettle-v1,L2,TwoRobotPourKettle,0.0,0.0046938061248511,10,20260510_015937,TwoRobotPourKettle
va,vqbet,dinov2_vitl14,vqbet / dinov2_vitl14,45,unseen,L3_TwoRobotPourKettle-v1,L3,TwoRobotPourKettle,0.0,0.1266372874379158,10,20260510_020341,TwoRobotPourKettle
va,vqbet,dinov2_vitl14,vqbet / dinov2_vitl14,45,unseen,L0_TwoRobotPickFood-v1,L0,TwoRobotPickFood,0.0,0.1619857192039489,10,20260510_020912,TwoRobotPickFood
va,vqbet,dinov2_vitl14,vqbet / dinov2_vitl14,45,unseen,L1_TwoRobotPickFood-v1,L1,TwoRobotPickFood,0.0,0.1693941071629524,10,20260510_021444,TwoRobotPickFood
va,vqbet,dinov2_vitl14,vqbet / dinov2_vitl14,45,unseen,L2_TwoRobotPickFood-v1,L2,TwoRobotPickFood,0.0,0.0124350756406784,10,20260510_022041,TwoRobotPickFood
va,vqbet,dinov2_vitl14,vqbet / dinov2_vitl14,45,unseen,L3_TwoRobotPickFood-v1,L3,TwoRobotPickFood,0.0,0.1815922707319259,10,20260510_022632,TwoRobotPickFood
va,vqbet,dinov2_vitl14,vqbet / dinov2_vitl14,45,unseen,L0_TwoRobotFoldBox-v1,L0,TwoRobotFoldBox,1.0,1.0,10,20260510_023007,TwoRobotFoldBox
va,vqbet,dinov2_vitl14,vqbet / dinov2_vitl14,45,unseen,L1_TwoRobotFoldBox-v1,L1,TwoRobotFoldBox,0.9,1.0,10,20260510_023340,TwoRobotFoldBox
va,vqbet,dinov2_vitl14,vqbet / dinov2_vitl14,45,unseen,L2_TwoRobotFoldBox-v1,L2,TwoRobotFoldBox,0.0,0.0339561252854764,10,20260510_023714,TwoRobotFoldBox
va,vqbet,dinov2_vitl14,vqbet / dinov2_vitl14,45,unseen,L3_TwoRobotFoldBox-v1,L3,TwoRobotFoldBox,1.0,1.0,10,20260510_024048,TwoRobotFoldBox
va,vqbet,dinov2_vitl14,vqbet / dinov2_vitl14,45,unseen_finetune,L0_TwoRobotPickRemoteControl-v1,L0,TwoRobotPickRemoteControl,0.6,0.7887466073036193,10,20260512_154131,TwoRobotPickRemoteControl
va,vqbet,dinov2_vitl14,vqbet / dinov2_vitl14,45,unseen_finetune,L1_TwoRobotPickRemoteControl-v1,L1,TwoRobotPickRemoteControl,0.6,0.9349815607070924,10,20260512_155719,TwoRobotPickRemoteControl
va,vqbet,dinov2_vitl14,vqbet / dinov2_vitl14,45,unseen_finetune,L2_TwoRobotPickRemoteControl-v1,L2,TwoRobotPickRemoteControl,0.1,0.1084205724298954,10,20260513_025959,TwoRobotPickRemoteControl
va,vqbet,dinov2_vitl14,vqbet / dinov2_vitl14,45,unseen_finetune,L3_TwoRobotPickRemoteControl-v1,L3,TwoRobotPickRemoteControl,0.4,0.800684604048729,10,20260513_031313,TwoRobotPickRemoteControl
va,vqbet,dinov2_vitl14,vqbet / dinov2_vitl14,45,unseen_finetune,L0_TwoRobotScanMilkBox-v1,L0,TwoRobotScanMilkBox,0.7,0.88430734872818,10,20260513_032557,TwoRobotScanMilkBox
va,vqbet,dinov2_vitl14,vqbet / dinov2_vitl14,45,unseen_finetune,L1_TwoRobotScanMilkBox-v1,L1,TwoRobotScanMilkBox,0.4,0.8181746900081635,10,20260513_033821,TwoRobotScanMilkBox
va,vqbet,dinov2_vitl14,vqbet / dinov2_vitl14,45,unseen_finetune,L2_TwoRobotScanMilkBox-v1,L2,TwoRobotScanMilkBox,0.8,0.8429048046469688,10,20260513_034945,TwoRobotScanMilkBox
va,vqbet,dinov2_vitl14,vqbet / dinov2_vitl14,45,unseen_finetune,L3_TwoRobotScanMilkBox-v1,L3,TwoRobotScanMilkBox,0.0,0.4462083548307419,10,20260513_035908,TwoRobotScanMilkBox
va,vqbet,dinov2_vitl14,vqbet / dinov2_vitl14,45,unseen_finetune,L0_TwoRobotPourKettle-v1,L0,TwoRobotPourKettle,0.0,0.1916943147778511,10,20260513_040546,TwoRobotPourKettle
va,vqbet,dinov2_vitl14,vqbet / dinov2_vitl14,45,unseen_finetune,L1_TwoRobotPourKettle-v1,L1,TwoRobotPourKettle,0.0,0.1156119614839553,10,20260513_041208,TwoRobotPourKettle
va,vqbet,dinov2_vitl14,vqbet / dinov2_vitl14,45,unseen_finetune,L2_TwoRobotPourKettle-v1,L2,TwoRobotPourKettle,0.0,0.0044384042266756,10,20260513_041737,TwoRobotPourKettle
va,vqbet,dinov2_vitl14,vqbet / dinov2_vitl14,45,unseen_finetune,L3_TwoRobotPourKettle-v1,L3,TwoRobotPourKettle,0.0,0.0733419273048639,10,20260513_042321,TwoRobotPourKettle
va,vqbet,dinov2_vitl14,vqbet / dinov2_vitl14,45,unseen_finetune,L0_TwoRobotPickFood-v1,L0,TwoRobotPickFood,0.0,0.4694520711898803,10,20260513_043111,TwoRobotPickFood
va,vqbet,dinov2_vitl14,vqbet / dinov2_vitl14,45,unseen_finetune,L1_TwoRobotPickFood-v1,L1,TwoRobotPickFood,0.0,0.5998309016227722,10,20260513_043813,TwoRobotPickFood
va,vqbet,dinov2_vitl14,vqbet / dinov2_vitl14,45,unseen_finetune,L2_TwoRobotPickFood-v1,L2,TwoRobotPickFood,0.0,0.071034999191761,10,20260513_044446,TwoRobotPickFood
va,vqbet,dinov2_vitl14,vqbet / dinov2_vitl14,45,unseen_finetune,L3_TwoRobotPickFood-v1,L3,TwoRobotPickFood,0.1,0.5124078601598739,10,20260513_045037,TwoRobotPickFood
va,vqbet,dinov2_vitl14,vqbet / dinov2_vitl14,45,unseen_finetune,L0_TwoRobotFoldBox-v1,L0,TwoRobotFoldBox,1.0,1.0,10,20260513_045338,TwoRobotFoldBox
va,vqbet,dinov2_vitl14,vqbet / dinov2_vitl14,45,unseen_finetune,L1_TwoRobotFoldBox-v1,L1,TwoRobotFoldBox,0.0,0.0753172267228365,10,20260513_045626,TwoRobotFoldBox
va,vqbet,dinov2_vitl14,vqbet / dinov2_vitl14,45,unseen_finetune,L2_TwoRobotFoldBox-v1,L2,TwoRobotFoldBox,1.0,1.0,10,20260513_045907,TwoRobotFoldBox
va,vqbet,dinov2_vitl14,vqbet / dinov2_vitl14,45,unseen_finetune,L3_TwoRobotFoldBox-v1,L3,TwoRobotFoldBox,0.3,0.3794194959104061,10,20260513_050138,TwoRobotFoldBox
va,vqbet,dinov2_vitl14,vqbet / dinov2_vitl14,45,unseen_scratch,L0_TwoRobotPickRemoteControl-v1,L0,TwoRobotPickRemoteControl,0.0,0.4841052204370498,10,20260515_125115,TwoRobotPickRemoteControl
va,vqbet,dinov2_vitl14,vqbet / dinov2_vitl14,45,unseen_scratch,L1_TwoRobotPickRemoteControl-v1,L1,TwoRobotPickRemoteControl,0.3,0.7369804739952087,10,20260515_125807,TwoRobotPickRemoteControl
va,vqbet,dinov2_vitl14,vqbet / dinov2_vitl14,45,unseen_scratch,L2_TwoRobotPickRemoteControl-v1,L2,TwoRobotPickRemoteControl,0.4,0.4049334740731865,10,20260515_130449,TwoRobotPickRemoteControl
va,vqbet,dinov2_vitl14,vqbet / dinov2_vitl14,45,unseen_scratch,L3_TwoRobotPickRemoteControl-v1,L3,TwoRobotPickRemoteControl,0.0,0.2733704552054405,10,20260515_131147,TwoRobotPickRemoteControl
va,vqbet,dinov2_vitl14,vqbet / dinov2_vitl14,45,unseen_scratch,L0_TwoRobotScanMilkBox-v1,L0,TwoRobotScanMilkBox,0.8,0.9246474027633668,10,20260515_131846,TwoRobotScanMilkBox
va,vqbet,dinov2_vitl14,vqbet / dinov2_vitl14,45,unseen_scratch,L1_TwoRobotScanMilkBox-v1,L1,TwoRobotScanMilkBox,1.0,1.0,10,20260515_132545,TwoRobotScanMilkBox
va,vqbet,dinov2_vitl14,vqbet / dinov2_vitl14,45,unseen_scratch,L2_TwoRobotScanMilkBox-v1,L2,TwoRobotScanMilkBox,0.9,0.9237323582172394,10,20260515_133203,TwoRobotScanMilkBox
va,vqbet,dinov2_vitl14,vqbet / dinov2_vitl14,45,unseen_scratch,L3_TwoRobotScanMilkBox-v1,L3,TwoRobotScanMilkBox,0.9,0.9499969482421876,10,20260515_133703,TwoRobotScanMilkBox
va,vqbet,dinov2_vitl14,vqbet / dinov2_vitl14,45,unseen_scratch,L0_TwoRobotPourKettle-v1,L0,TwoRobotPourKettle,0.0,0.2137547872960567,10,20260515_134047,TwoRobotPourKettle
va,vqbet,dinov2_vitl14,vqbet / dinov2_vitl14,45,unseen_scratch,L1_TwoRobotPourKettle-v1,L1,TwoRobotPourKettle,0.0,0.2194722101092338,10,20260515_134418,TwoRobotPourKettle
va,vqbet,dinov2_vitl14,vqbet / dinov2_vitl14,45,unseen_scratch,L2_TwoRobotPourKettle-v1,L2,TwoRobotPourKettle,0.0,0.0121610878966748,10,20260515_134747,TwoRobotPourKettle
va,vqbet,dinov2_vitl14,vqbet / dinov2_vitl14,45,unseen_scratch,L3_TwoRobotPourKettle-v1,L3,TwoRobotPourKettle,0.0,0.2041609928011894,10,20260515_135115,TwoRobotPourKettle
va,vqbet,dinov2_vitl14,vqbet / dinov2_vitl14,45,unseen_scratch,L0_TwoRobotPickFood-v1,L0,TwoRobotPickFood,0.0,0.5998520225286483,10,20260515_135559,TwoRobotPickFood
va,vqbet,dinov2_vitl14,vqbet / dinov2_vitl14,45,unseen_scratch,L1_TwoRobotPickFood-v1,L1,TwoRobotPickFood,0.0,0.49671311378479,10,20260515_140052,TwoRobotPickFood
va,vqbet,dinov2_vitl14,vqbet / dinov2_vitl14,45,unseen_scratch,L2_TwoRobotPickFood-v1,L2,TwoRobotPickFood,0.0,0.1224899962544441,10,20260515_140542,TwoRobotPickFood
va,vqbet,dinov2_vitl14,vqbet / dinov2_vitl14,45,unseen_scratch,L3_TwoRobotPickFood-v1,L3,TwoRobotPickFood,0.6,0.8571068227291108,10,20260515_141021,TwoRobotPickFood
va,vqbet,dinov2_vitl14,vqbet / dinov2_vitl14,45,unseen_scratch,L0_TwoRobotFoldBox-v1,L0,TwoRobotFoldBox,1.0,1.0,10,20260515_141250,TwoRobotFoldBox
va,vqbet,dinov2_vitl14,vqbet / dinov2_vitl14,45,unseen_scratch,L1_TwoRobotFoldBox-v1,L1,TwoRobotFoldBox,0.0,0.0857120081782341,10,20260515_141525,TwoRobotFoldBox
va,vqbet,dinov2_vitl14,vqbet / dinov2_vitl14,45,unseen_scratch,L2_TwoRobotFoldBox-v1,L2,TwoRobotFoldBox,1.0,1.0,10,20260515_141802,TwoRobotFoldBox
va,vqbet,dinov2_vitl14,vqbet / dinov2_vitl14,45,unseen_scratch,L3_TwoRobotFoldBox-v1,L3,TwoRobotFoldBox,0.9,0.9150893405079842,10,20260515_142036,TwoRobotFoldBox
va,vqbet,siglip2_so400m,vqbet / siglip2_so400m,15,seen,L1_TwoRobotFoldTowel-v1,L1,TwoRobotFoldTowel,0.9,1.0,10,20260513_082840,TwoRobotFoldTowel
va,vqbet,siglip2_so400m,vqbet / siglip2_so400m,15,seen,L2_TwoRobotFoldTowel-v1,L2,TwoRobotFoldTowel,0.3,0.6697087079286576,10,20260513_083827,TwoRobotFoldTowel
va,vqbet,siglip2_so400m,vqbet / siglip2_so400m,15,seen,L3_TwoRobotFoldTowel-v1,L3,TwoRobotFoldTowel,0.7,0.9499999940395356,10,20260513_084840,TwoRobotFoldTowel
va,vqbet,siglip2_so400m,vqbet / siglip2_so400m,15,seen,L0_TwoRobotPlaceMugRack-v1,L0,TwoRobotPlaceMugRack,0.3,0.6359377890825272,10,20260513_085308,TwoRobotPlaceMugRack
va,vqbet,siglip2_so400m,vqbet / siglip2_so400m,15,seen,L1_TwoRobotPlaceMugRack-v1,L1,TwoRobotPlaceMugRack,0.6,0.9509007275104524,10,20260513_085704,TwoRobotPlaceMugRack
va,vqbet,siglip2_so400m,vqbet / siglip2_so400m,15,seen,L2_TwoRobotPlaceMugRack-v1,L2,TwoRobotPlaceMugRack,0.1,0.8255447417497634,10,20260513_090043,TwoRobotPlaceMugRack
va,vqbet,siglip2_so400m,vqbet / siglip2_so400m,15,seen,L3_TwoRobotPlaceMugRack-v1,L3,TwoRobotPlaceMugRack,0.8,0.822113935649395,10,20260513_090357,TwoRobotPlaceMugRack
va,vqbet,siglip2_so400m,vqbet / siglip2_so400m,15,seen,L0_TwoRobotStirSpoon-v1,L0,TwoRobotStirSpoon,0.2,0.4329595908522606,10,20260513_123545,TwoRobotStirSpoon
va,vqbet,siglip2_so400m,vqbet / siglip2_so400m,15,seen,L1_TwoRobotStirSpoon-v1,L1,TwoRobotStirSpoon,0.0,0.2312754824757576,10,20260513_123948,TwoRobotStirSpoon
va,vqbet,siglip2_so400m,vqbet / siglip2_so400m,15,seen,L2_TwoRobotStirSpoon-v1,L2,TwoRobotStirSpoon,0.4,0.6256803114898503,10,20260513_124355,TwoRobotStirSpoon
va,vqbet,siglip2_so400m,vqbet / siglip2_so400m,15,seen,L3_TwoRobotStirSpoon-v1,L3,TwoRobotStirSpoon,0.4,0.6112642496824264,10,20260513_124803,TwoRobotStirSpoon
va,vqbet,siglip2_so400m,vqbet / siglip2_so400m,15,seen,L0_TwoRobotPlacePlateRack-v1,L0,TwoRobotPlacePlateRack,0.8,0.9395734280347824,10,20260513_125605,TwoRobotPlacePlateRack
va,vqbet,siglip2_so400m,vqbet / siglip2_so400m,15,seen,L1_TwoRobotPlacePlateRack-v1,L1,TwoRobotPlacePlateRack,0.9,0.924013179540634,10,20260513_130406,TwoRobotPlacePlateRack
va,vqbet,siglip2_so400m,vqbet / siglip2_so400m,15,seen,L2_TwoRobotPlacePlateRack-v1,L2,TwoRobotPlacePlateRack,0.3,0.7673956602811813,10,20260513_131144,TwoRobotPlacePlateRack
va,vqbet,siglip2_so400m,vqbet / siglip2_so400m,15,seen,L3_TwoRobotPlacePlateRack-v1,L3,TwoRobotPlacePlateRack,0.5,0.6824591219425201,10,20260513_131515,TwoRobotPlacePlateRack
va,vqbet,siglip2_so400m,vqbet / siglip2_so400m,15,seen,L0_TwoRobotPlaceFileFolder-v1,L0,TwoRobotPlaceFileFolder,0.8,0.9045615375041962,10,20260513_131819,TwoRobotPlaceFileFolder
va,vqbet,siglip2_so400m,vqbet / siglip2_so400m,15,seen,L1_TwoRobotPlaceFileFolder-v1,L1,TwoRobotPlaceFileFolder,0.9,0.9520947098731994,10,20260513_132124,TwoRobotPlaceFileFolder
va,vqbet,siglip2_so400m,vqbet / siglip2_so400m,15,seen,L2_TwoRobotPlaceFileFolder-v1,L2,TwoRobotPlaceFileFolder,1.0,1.0,10,20260513_132430,TwoRobotPlaceFileFolder
va,vqbet,siglip2_so400m,vqbet / siglip2_so400m,15,seen,L3_TwoRobotPlaceFileFolder-v1,L3,TwoRobotPlaceFileFolder,0.8,0.8709507256746292,10,20260513_132705,TwoRobotPlaceFileFolder
va,vqbet,siglip2_so400m,vqbet / siglip2_so400m,15,seen,L0_TwoRobotFoldTowel-v1,L0,TwoRobotFoldTowel,1.0,1.0,10,20260513_133246,TwoRobotFoldTowel
va,vqbet,siglip2_so400m,vqbet / siglip2_so400m,15,unseen,L0_TwoRobotPickRemoteControl-v1,L0,TwoRobotPickRemoteControl,0.0,0.1804495945572853,10,20260513_011641,TwoRobotPickRemoteControl
va,vqbet,siglip2_so400m,vqbet / siglip2_so400m,15,unseen,L1_TwoRobotPickRemoteControl-v1,L1,TwoRobotPickRemoteControl,0.0,0.1114303741604089,10,20260513_013137,TwoRobotPickRemoteControl
va,vqbet,siglip2_so400m,vqbet / siglip2_so400m,15,unseen,L2_TwoRobotPickRemoteControl-v1,L2,TwoRobotPickRemoteControl,0.0,0.0079519033897668,10,20260513_014717,TwoRobotPickRemoteControl
va,vqbet,siglip2_so400m,vqbet / siglip2_so400m,15,unseen,L3_TwoRobotPickRemoteControl-v1,L3,TwoRobotPickRemoteControl,0.1,0.3892293721437454,10,20260513_020222,TwoRobotPickRemoteControl
va,vqbet,siglip2_so400m,vqbet / siglip2_so400m,15,unseen,L0_TwoRobotScanMilkBox-v1,L0,TwoRobotScanMilkBox,0.0,0.2800387412309646,10,20260513_021626,TwoRobotScanMilkBox
va,vqbet,siglip2_so400m,vqbet / siglip2_so400m,15,unseen,L1_TwoRobotScanMilkBox-v1,L1,TwoRobotScanMilkBox,0.0,0.232380211353302,10,20260513_022807,TwoRobotScanMilkBox
va,vqbet,siglip2_so400m,vqbet / siglip2_so400m,15,unseen,L2_TwoRobotScanMilkBox-v1,L2,TwoRobotScanMilkBox,0.0,0.1369340427219867,10,20260513_023847,TwoRobotScanMilkBox
va,vqbet,siglip2_so400m,vqbet / siglip2_so400m,15,unseen,L3_TwoRobotScanMilkBox-v1,L3,TwoRobotScanMilkBox,0.0,0.1556921482086181,10,20260513_024738,TwoRobotScanMilkBox
va,vqbet,siglip2_so400m,vqbet / siglip2_so400m,15,unseen,L0_TwoRobotPourKettle-v1,L0,TwoRobotPourKettle,0.0,0.4299342036247253,10,20260513_025421,TwoRobotPourKettle
va,vqbet,siglip2_so400m,vqbet / siglip2_so400m,15,unseen,L1_TwoRobotPourKettle-v1,L1,TwoRobotPourKettle,0.0,0.1153118409216404,10,20260513_030107,TwoRobotPourKettle
va,vqbet,siglip2_so400m,vqbet / siglip2_so400m,15,unseen,L2_TwoRobotPourKettle-v1,L2,TwoRobotPourKettle,0.0,0.0044878482818603,10,20260513_030742,TwoRobotPourKettle
va,vqbet,siglip2_so400m,vqbet / siglip2_so400m,15,unseen,L3_TwoRobotPourKettle-v1,L3,TwoRobotPourKettle,0.0,0.0543852716684341,10,20260513_031426,TwoRobotPourKettle
va,vqbet,siglip2_so400m,vqbet / siglip2_so400m,15,unseen,L0_TwoRobotPickFood-v1,L0,TwoRobotPickFood,0.0,0.1717054739594459,10,20260513_032326,TwoRobotPickFood
va,vqbet,siglip2_so400m,vqbet / siglip2_so400m,15,unseen,L1_TwoRobotPickFood-v1,L1,TwoRobotPickFood,0.0,0.1364908382296562,10,20260513_033203,TwoRobotPickFood
va,vqbet,siglip2_so400m,vqbet / siglip2_so400m,15,unseen,L2_TwoRobotPickFood-v1,L2,TwoRobotPickFood,0.0,0.020093785226345,10,20260513_034044,TwoRobotPickFood
va,vqbet,siglip2_so400m,vqbet / siglip2_so400m,15,unseen,L3_TwoRobotPickFood-v1,L3,TwoRobotPickFood,0.0,0.1923609167337417,10,20260513_034941,TwoRobotPickFood
va,vqbet,siglip2_so400m,vqbet / siglip2_so400m,15,unseen,L0_TwoRobotFoldBox-v1,L0,TwoRobotFoldBox,0.0,0.0315654700621962,10,20260513_035459,TwoRobotFoldBox
va,vqbet,siglip2_so400m,vqbet / siglip2_so400m,15,unseen,L1_TwoRobotFoldBox-v1,L1,TwoRobotFoldBox,0.9,0.9073919348418712,10,20260513_040017,TwoRobotFoldBox
va,vqbet,siglip2_so400m,vqbet / siglip2_so400m,15,unseen,L2_TwoRobotFoldBox-v1,L2,TwoRobotFoldBox,0.2,0.5167803717777133,10,20260513_040531,TwoRobotFoldBox
va,vqbet,siglip2_so400m,vqbet / siglip2_so400m,15,unseen,L3_TwoRobotFoldBox-v1,L3,TwoRobotFoldBox,0.0,0.016898482479155,10,20260513_041036,TwoRobotFoldBox
va,vqbet,siglip2_so400m,vqbet / siglip2_so400m,15,unseen_finetune,L0_TwoRobotPickRemoteControl-v1,L0,TwoRobotPickRemoteControl,0.0,0.2584947496652603,10,20260513_012917,TwoRobotPickRemoteControl
va,vqbet,siglip2_so400m,vqbet / siglip2_so400m,15,unseen_finetune,L1_TwoRobotPickRemoteControl-v1,L1,TwoRobotPickRemoteControl,0.0,0.2052314043045044,10,20260513_014624,TwoRobotPickRemoteControl
va,vqbet,siglip2_so400m,vqbet / siglip2_so400m,15,unseen_finetune,L2_TwoRobotPickRemoteControl-v1,L2,TwoRobotPickRemoteControl,0.0,0.0076983141712844,10,20260513_020237,TwoRobotPickRemoteControl
va,vqbet,siglip2_so400m,vqbet / siglip2_so400m,15,unseen_finetune,L3_TwoRobotPickRemoteControl-v1,L3,TwoRobotPickRemoteControl,0.0,0.2592931941151619,10,20260513_021808,TwoRobotPickRemoteControl
va,vqbet,siglip2_so400m,vqbet / siglip2_so400m,15,unseen_finetune,L0_TwoRobotScanMilkBox-v1,L0,TwoRobotScanMilkBox,0.0,0.416188034415245,10,20260513_023147,TwoRobotScanMilkBox
va,vqbet,siglip2_so400m,vqbet / siglip2_so400m,15,unseen_finetune,L1_TwoRobotScanMilkBox-v1,L1,TwoRobotScanMilkBox,0.0,0.4046579718589783,10,20260513_024606,TwoRobotScanMilkBox
va,vqbet,siglip2_so400m,vqbet / siglip2_so400m,15,unseen_finetune,L2_TwoRobotScanMilkBox-v1,L2,TwoRobotScanMilkBox,0.0,0.082841919362545,10,20260513_030044,TwoRobotScanMilkBox
va,vqbet,siglip2_so400m,vqbet / siglip2_so400m,15,unseen_finetune,L3_TwoRobotScanMilkBox-v1,L3,TwoRobotScanMilkBox,0.0,0.1134178549051284,10,20260513_031259,TwoRobotScanMilkBox
va,vqbet,siglip2_so400m,vqbet / siglip2_so400m,15,unseen_finetune,L0_TwoRobotPourKettle-v1,L0,TwoRobotPourKettle,0.0,0.1530813068151474,10,20260513_032221,TwoRobotPourKettle
va,vqbet,siglip2_so400m,vqbet / siglip2_so400m,15,unseen_finetune,L1_TwoRobotPourKettle-v1,L1,TwoRobotPourKettle,0.0,0.0862780082970857,10,20260513_033048,TwoRobotPourKettle
va,vqbet,siglip2_so400m,vqbet / siglip2_so400m,15,unseen_finetune,L2_TwoRobotPourKettle-v1,L2,TwoRobotPourKettle,0.0,0.0044371445663273,10,20260513_033920,TwoRobotPourKettle
va,vqbet,siglip2_so400m,vqbet / siglip2_so400m,15,unseen_finetune,L3_TwoRobotPourKettle-v1,L3,TwoRobotPourKettle,0.0,0.1273514367640018,10,20260513_034808,TwoRobotPourKettle
va,vqbet,siglip2_so400m,vqbet / siglip2_so400m,15,unseen_finetune,L0_TwoRobotPickFood-v1,L0,TwoRobotPickFood,0.0,0.2820916533470153,10,20260513_040008,TwoRobotPickFood
va,vqbet,siglip2_so400m,vqbet / siglip2_so400m,15,unseen_finetune,L1_TwoRobotPickFood-v1,L1,TwoRobotPickFood,0.0,0.3588714689016342,10,20260513_041203,TwoRobotPickFood
va,vqbet,siglip2_so400m,vqbet / siglip2_so400m,15,unseen_finetune,L2_TwoRobotPickFood-v1,L2,TwoRobotPickFood,0.0,0.0236257329583168,10,20260513_042317,TwoRobotPickFood
va,vqbet,siglip2_so400m,vqbet / siglip2_so400m,15,unseen_finetune,L3_TwoRobotPickFood-v1,L3,TwoRobotPickFood,0.0,0.3207055687904357,10,20260513_043421,TwoRobotPickFood
va,vqbet,siglip2_so400m,vqbet / siglip2_so400m,15,unseen_finetune,L0_TwoRobotFoldBox-v1,L0,TwoRobotFoldBox,0.0,0.0212165464647114,10,20260513_044054,TwoRobotFoldBox
va,vqbet,siglip2_so400m,vqbet / siglip2_so400m,15,unseen_finetune,L1_TwoRobotFoldBox-v1,L1,TwoRobotFoldBox,0.3,0.5037823759019375,10,20260513_044656,TwoRobotFoldBox
va,vqbet,siglip2_so400m,vqbet / siglip2_so400m,15,unseen_finetune,L2_TwoRobotFoldBox-v1,L2,TwoRobotFoldBox,0.6,0.9011825268156828,10,20260513_045211,TwoRobotFoldBox
va,vqbet,siglip2_so400m,vqbet / siglip2_so400m,15,unseen_finetune,L3_TwoRobotFoldBox-v1,L3,TwoRobotFoldBox,0.3,0.3117230767384171,10,20260513_045725,TwoRobotFoldBox
va,vqbet,siglip2_so400m,vqbet / siglip2_so400m,15,unseen_scratch,L0_TwoRobotPickRemoteControl-v1,L0,TwoRobotPickRemoteControl,0.0,0.5119592159986496,10,20260515_125144,TwoRobotPickRemoteControl
va,vqbet,siglip2_so400m,vqbet / siglip2_so400m,15,unseen_scratch,L1_TwoRobotPickRemoteControl-v1,L1,TwoRobotPickRemoteControl,1.0,1.0,10,20260515_125829,TwoRobotPickRemoteControl
va,vqbet,siglip2_so400m,vqbet / siglip2_so400m,15,unseen_scratch,L2_TwoRobotPickRemoteControl-v1,L2,TwoRobotPickRemoteControl,0.0,0.0098012375645339,10,20260515_130509,TwoRobotPickRemoteControl
va,vqbet,siglip2_so400m,vqbet / siglip2_so400m,15,unseen_scratch,L3_TwoRobotPickRemoteControl-v1,L3,TwoRobotPickRemoteControl,0.3,0.6164901912212372,10,20260515_131205,TwoRobotPickRemoteControl
va,vqbet,siglip2_so400m,vqbet / siglip2_so400m,15,unseen_scratch,L0_TwoRobotScanMilkBox-v1,L0,TwoRobotScanMilkBox,1.0,1.0,10,20260515_131906,TwoRobotScanMilkBox
va,vqbet,siglip2_so400m,vqbet / siglip2_so400m,15,unseen_scratch,L1_TwoRobotScanMilkBox-v1,L1,TwoRobotScanMilkBox,1.0,1.0,10,20260515_132604,TwoRobotScanMilkBox
va,vqbet,siglip2_so400m,vqbet / siglip2_so400m,15,unseen_scratch,L2_TwoRobotScanMilkBox-v1,L2,TwoRobotScanMilkBox,0.8,0.8366227209568023,10,20260515_133220,TwoRobotScanMilkBox
va,vqbet,siglip2_so400m,vqbet / siglip2_so400m,15,unseen_scratch,L3_TwoRobotScanMilkBox-v1,L3,TwoRobotScanMilkBox,1.0,1.0,10,20260515_133718,TwoRobotScanMilkBox
va,vqbet,siglip2_so400m,vqbet / siglip2_so400m,15,unseen_scratch,L0_TwoRobotPourKettle-v1,L0,TwoRobotPourKettle,0.0,0.1762257486581802,10,20260515_134058,TwoRobotPourKettle
va,vqbet,siglip2_so400m,vqbet / siglip2_so400m,15,unseen_scratch,L1_TwoRobotPourKettle-v1,L1,TwoRobotPourKettle,0.1,0.3603992953896522,10,20260515_134429,TwoRobotPourKettle
va,vqbet,siglip2_so400m,vqbet / siglip2_so400m,15,unseen_scratch,L2_TwoRobotPourKettle-v1,L2,TwoRobotPourKettle,0.0,0.0044276754371821,10,20260515_134755,TwoRobotPourKettle
va,vqbet,siglip2_so400m,vqbet / siglip2_so400m,15,unseen_scratch,L3_TwoRobotPourKettle-v1,L3,TwoRobotPourKettle,0.0,0.1657721884548664,10,20260515_135122,TwoRobotPourKettle
va,vqbet,siglip2_so400m,vqbet / siglip2_so400m,15,unseen_scratch,L0_TwoRobotPickFood-v1,L0,TwoRobotPickFood,0.0,0.5057352095842361,10,20260515_022422,TwoRobotPickFood
va,vqbet,siglip2_so400m,vqbet / siglip2_so400m,15,unseen_scratch,L1_TwoRobotPickFood-v1,L1,TwoRobotPickFood,0.0,0.5966158092021943,10,20260515_023155,TwoRobotPickFood
va,vqbet,siglip2_so400m,vqbet / siglip2_so400m,15,unseen_scratch,L2_TwoRobotPickFood-v1,L2,TwoRobotPickFood,0.0,0.2645062953233719,10,20260515_023959,TwoRobotPickFood
va,vqbet,siglip2_so400m,vqbet / siglip2_so400m,15,unseen_scratch,L3_TwoRobotPickFood-v1,L3,TwoRobotPickFood,0.7,0.8816151708364487,10,20260515_024838,TwoRobotPickFood
va,vqbet,siglip2_so400m,vqbet / siglip2_so400m,15,unseen_scratch,L0_TwoRobotFoldBox-v1,L0,TwoRobotFoldBox,0.9,0.9002905171597376,10,20260515_025340,TwoRobotFoldBox
va,vqbet,siglip2_so400m,vqbet / siglip2_so400m,15,unseen_scratch,L1_TwoRobotFoldBox-v1,L1,TwoRobotFoldBox,0.0,0.0775556810200214,10,20260515_025830,TwoRobotFoldBox
va,vqbet,siglip2_so400m,vqbet / siglip2_so400m,15,unseen_scratch,L2_TwoRobotFoldBox-v1,L2,TwoRobotFoldBox,1.0,1.0,10,20260515_030314,TwoRobotFoldBox
va,vqbet,siglip2_so400m,vqbet / siglip2_so400m,15,unseen_scratch,L3_TwoRobotFoldBox-v1,L3,TwoRobotFoldBox,1.0,1.0,10,20260515_030711,TwoRobotFoldBox
va,vqbet,siglip2_so400m,vqbet / siglip2_so400m,30,seen,L0_TwoRobotPlaceFileFolder-v1,L0,TwoRobotPlaceFileFolder,0.6,0.8011422127485275,10,20260510_192938,TwoRobotPlaceFileFolder
va,vqbet,siglip2_so400m,vqbet / siglip2_so400m,30,seen,L1_TwoRobotPlaceFileFolder-v1,L1,TwoRobotPlaceFileFolder,0.8,0.9415522277355194,10,20260510_193347,TwoRobotPlaceFileFolder
va,vqbet,siglip2_so400m,vqbet / siglip2_so400m,30,seen,L2_TwoRobotPlaceFileFolder-v1,L2,TwoRobotPlaceFileFolder,0.6,1.0,10,20260510_193848,TwoRobotPlaceFileFolder
va,vqbet,siglip2_so400m,vqbet / siglip2_so400m,30,seen,L3_TwoRobotPlaceFileFolder-v1,L3,TwoRobotPlaceFileFolder,0.7,0.8104148298501969,10,20260510_194151,TwoRobotPlaceFileFolder
va,vqbet,siglip2_so400m,vqbet / siglip2_so400m,30,seen,L0_TwoRobotFoldTowel-v1,L0,TwoRobotFoldTowel,0.7,0.9140918791294098,10,20260510_155603,TwoRobotFoldTowel
va,vqbet,siglip2_so400m,vqbet / siglip2_so400m,30,seen,L1_TwoRobotFoldTowel-v1,L1,TwoRobotFoldTowel,1.0,1.0,10,20260510_161023,TwoRobotFoldTowel
va,vqbet,siglip2_so400m,vqbet / siglip2_so400m,30,seen,L2_TwoRobotFoldTowel-v1,L2,TwoRobotFoldTowel,0.3,0.6382594764232635,10,20260512_165043,TwoRobotFoldTowel
va,vqbet,siglip2_so400m,vqbet / siglip2_so400m,30,seen,L3_TwoRobotFoldTowel-v1,L3,TwoRobotFoldTowel,0.4,0.854465538263321,10,20260510_163423,TwoRobotFoldTowel
va,vqbet,siglip2_so400m,vqbet / siglip2_so400m,30,seen,L0_TwoRobotStirSpoon-v1,L0,TwoRobotStirSpoon,0.2,0.4329595908522606,10,20260513_123545,TwoRobotStirSpoon
va,vqbet,siglip2_so400m,vqbet / siglip2_so400m,30,seen,L1_TwoRobotStirSpoon-v1,L1,TwoRobotStirSpoon,0.0,0.2312754824757576,10,20260513_123948,TwoRobotStirSpoon
va,vqbet,siglip2_so400m,vqbet / siglip2_so400m,30,seen,L2_TwoRobotStirSpoon-v1,L2,TwoRobotStirSpoon,0.4,0.6256803114898503,10,20260513_124355,TwoRobotStirSpoon
va,vqbet,siglip2_so400m,vqbet / siglip2_so400m,30,seen,L3_TwoRobotStirSpoon-v1,L3,TwoRobotStirSpoon,0.4,0.6112642496824264,10,20260513_124803,TwoRobotStirSpoon
va,vqbet,siglip2_so400m,vqbet / siglip2_so400m,30,seen,L0_TwoRobotPlacePlateRack-v1,L0,TwoRobotPlacePlateRack,0.9,0.9334868490695952,10,20260509_180336,TwoRobotPlacePlateRack
va,vqbet,siglip2_so400m,vqbet / siglip2_so400m,30,seen,L1_TwoRobotPlacePlateRack-v1,L1,TwoRobotPlacePlateRack,0.7,0.7829320877790451,10,20260510_142917,TwoRobotPlacePlateRack
va,vqbet,siglip2_so400m,vqbet / siglip2_so400m,30,seen,L2_TwoRobotPlacePlateRack-v1,L2,TwoRobotPlacePlateRack,0.3,0.8656423449516296,10,20260510_144534,TwoRobotPlacePlateRack
va,vqbet,siglip2_so400m,vqbet / siglip2_so400m,30,seen,L3_TwoRobotPlacePlateRack-v1,L3,TwoRobotPlacePlateRack,0.3,0.5472452521324158,10,20260510_145418,TwoRobotPlacePlateRack
va,vqbet,siglip2_so400m,vqbet / siglip2_so400m,30,seen,L0_TwoRobotPlaceMugRack-v1,L0,TwoRobotPlaceMugRack,0.5,0.8129375740885735,10,20260510_150319,TwoRobotPlaceMugRack
va,vqbet,siglip2_so400m,vqbet / siglip2_so400m,30,seen,L1_TwoRobotPlaceMugRack-v1,L1,TwoRobotPlaceMugRack,0.8,0.9344178915023804,10,20260510_151101,TwoRobotPlaceMugRack
va,vqbet,siglip2_so400m,vqbet / siglip2_so400m,30,seen,L2_TwoRobotPlaceMugRack-v1,L2,TwoRobotPlaceMugRack,0.6,0.9797482669353486,10,20260509_202524,TwoRobotPlaceMugRack
va,vqbet,siglip2_so400m,vqbet / siglip2_so400m,30,seen,L3_TwoRobotPlaceMugRack-v1,L3,TwoRobotPlaceMugRack,1.0,1.0,10,20260510_152520,TwoRobotPlaceMugRack
va,vqbet,siglip2_so400m,vqbet / siglip2_so400m,30,unseen,L0_TwoRobotPickRemoteControl-v1,L0,TwoRobotPickRemoteControl,0.0,0.3180461019277573,10,20260513_082832,TwoRobotPickRemoteControl
va,vqbet,siglip2_so400m,vqbet / siglip2_so400m,30,unseen,L1_TwoRobotPickRemoteControl-v1,L1,TwoRobotPickRemoteControl,0.0,0.1429569736123085,10,20260513_083802,TwoRobotPickRemoteControl
va,vqbet,siglip2_so400m,vqbet / siglip2_so400m,30,unseen,L2_TwoRobotPickRemoteControl-v1,L2,TwoRobotPickRemoteControl,0.0,0.0077401447109878,10,20260513_084656,TwoRobotPickRemoteControl
va,vqbet,siglip2_so400m,vqbet / siglip2_so400m,30,unseen,L3_TwoRobotPickRemoteControl-v1,L3,TwoRobotPickRemoteControl,0.0,0.4531115598976612,10,20260513_085526,TwoRobotPickRemoteControl
va,vqbet,siglip2_so400m,vqbet / siglip2_so400m,30,unseen,L0_TwoRobotScanMilkBox-v1,L0,TwoRobotScanMilkBox,0.0,0.3229972913861275,10,20260513_090249,TwoRobotScanMilkBox
va,vqbet,siglip2_so400m,vqbet / siglip2_so400m,30,unseen,L1_TwoRobotScanMilkBox-v1,L1,TwoRobotScanMilkBox,0.0,0.3121957540512085,10,20260513_090957,TwoRobotScanMilkBox
va,vqbet,siglip2_so400m,vqbet / siglip2_so400m,30,unseen,L2_TwoRobotScanMilkBox-v1,L2,TwoRobotScanMilkBox,0.0,0.133910609036684,10,20260513_091639,TwoRobotScanMilkBox
va,vqbet,siglip2_so400m,vqbet / siglip2_so400m,30,unseen,L3_TwoRobotScanMilkBox-v1,L3,TwoRobotScanMilkBox,0.0,0.1767356812953949,10,20260513_092219,TwoRobotScanMilkBox
va,vqbet,siglip2_so400m,vqbet / siglip2_so400m,30,unseen,L0_TwoRobotPourKettle-v1,L0,TwoRobotPourKettle,0.0,0.1553665608167648,10,20260513_092644,TwoRobotPourKettle
va,vqbet,siglip2_so400m,vqbet / siglip2_so400m,30,unseen,L1_TwoRobotPourKettle-v1,L1,TwoRobotPourKettle,0.0,0.1069157168269157,10,20260513_093109,TwoRobotPourKettle
va,vqbet,siglip2_so400m,vqbet / siglip2_so400m,30,unseen,L2_TwoRobotPourKettle-v1,L2,TwoRobotPourKettle,0.0,0.0046096682082861,10,20260513_093541,TwoRobotPourKettle
va,vqbet,siglip2_so400m,vqbet / siglip2_so400m,30,unseen,L3_TwoRobotPourKettle-v1,L3,TwoRobotPourKettle,0.0,0.091152000054717,10,20260513_094015,TwoRobotPourKettle
va,vqbet,siglip2_so400m,vqbet / siglip2_so400m,30,unseen,L0_TwoRobotPickFood-v1,L0,TwoRobotPickFood,0.0,0.2245439305901527,10,20260513_094609,TwoRobotPickFood
va,vqbet,siglip2_so400m,vqbet / siglip2_so400m,30,unseen,L1_TwoRobotPickFood-v1,L1,TwoRobotPickFood,0.0,0.1914491772651672,10,20260513_095159,TwoRobotPickFood
va,vqbet,siglip2_so400m,vqbet / siglip2_so400m,30,unseen,L2_TwoRobotPickFood-v1,L2,TwoRobotPickFood,0.0,0.0181504994630813,10,20260513_095754,TwoRobotPickFood
va,vqbet,siglip2_so400m,vqbet / siglip2_so400m,30,unseen,L3_TwoRobotPickFood-v1,L3,TwoRobotPickFood,0.0,0.2166258797049522,10,20260513_100342,TwoRobotPickFood
va,vqbet,siglip2_so400m,vqbet / siglip2_so400m,30,unseen,L0_TwoRobotFoldBox-v1,L0,TwoRobotFoldBox,0.7,0.7125936258584261,10,20260513_100723,TwoRobotFoldBox
va,vqbet,siglip2_so400m,vqbet / siglip2_so400m,30,unseen,L1_TwoRobotFoldBox-v1,L1,TwoRobotFoldBox,0.1,0.1284242305904626,10,20260513_101101,TwoRobotFoldBox
va,vqbet,siglip2_so400m,vqbet / siglip2_so400m,30,unseen,L2_TwoRobotFoldBox-v1,L2,TwoRobotFoldBox,0.7,0.7199073560535908,10,20260513_101437,TwoRobotFoldBox
va,vqbet,siglip2_so400m,vqbet / siglip2_so400m,30,unseen,L3_TwoRobotFoldBox-v1,L3,TwoRobotFoldBox,0.0,0.016716313175857,10,20260513_101745,TwoRobotFoldBox
va,vqbet,siglip2_so400m,vqbet / siglip2_so400m,30,unseen_finetune,L0_TwoRobotPickRemoteControl-v1,L0,TwoRobotPickRemoteControl,0.0,0.2126856133341789,10,20260513_225305,TwoRobotPickRemoteControl
va,vqbet,siglip2_so400m,vqbet / siglip2_so400m,30,unseen_finetune,L1_TwoRobotPickRemoteControl-v1,L1,TwoRobotPickRemoteControl,0.0,0.2709066316485405,10,20260513_230037,TwoRobotPickRemoteControl
va,vqbet,siglip2_so400m,vqbet / siglip2_so400m,30,unseen_finetune,L2_TwoRobotPickRemoteControl-v1,L2,TwoRobotPickRemoteControl,0.0,0.0077309417072683,10,20260513_230918,TwoRobotPickRemoteControl
va,vqbet,siglip2_so400m,vqbet / siglip2_so400m,30,unseen_finetune,L3_TwoRobotPickRemoteControl-v1,L3,TwoRobotPickRemoteControl,0.0,0.2266084089875221,10,20260513_231841,TwoRobotPickRemoteControl
va,vqbet,siglip2_so400m,vqbet / siglip2_so400m,30,unseen_finetune,L0_TwoRobotScanMilkBox-v1,L0,TwoRobotScanMilkBox,0.0,0.4998212367296218,10,20260513_021744,TwoRobotScanMilkBox
va,vqbet,siglip2_so400m,vqbet / siglip2_so400m,30,unseen_finetune,L1_TwoRobotScanMilkBox-v1,L1,TwoRobotScanMilkBox,0.0,0.6311176300048829,10,20260513_023016,TwoRobotScanMilkBox
va,vqbet,siglip2_so400m,vqbet / siglip2_so400m,30,unseen_finetune,L2_TwoRobotScanMilkBox-v1,L2,TwoRobotScanMilkBox,0.1,0.2097492419183254,10,20260513_024210,TwoRobotScanMilkBox
va,vqbet,siglip2_so400m,vqbet / siglip2_so400m,30,unseen_finetune,L3_TwoRobotScanMilkBox-v1,L3,TwoRobotScanMilkBox,0.0,0.1639199659228324,10,20260513_025256,TwoRobotScanMilkBox
va,vqbet,siglip2_so400m,vqbet / siglip2_so400m,30,unseen_finetune,L0_TwoRobotPourKettle-v1,L0,TwoRobotPourKettle,0.0,0.1119895681738853,10,20260514_000043,TwoRobotPourKettle
va,vqbet,siglip2_so400m,vqbet / siglip2_so400m,30,unseen_finetune,L1_TwoRobotPourKettle-v1,L1,TwoRobotPourKettle,0.0,0.0895657539367675,10,20260514_000705,TwoRobotPourKettle
va,vqbet,siglip2_so400m,vqbet / siglip2_so400m,30,unseen_finetune,L2_TwoRobotPourKettle-v1,L2,TwoRobotPourKettle,0.0,0.0044119159225374,10,20260514_001322,TwoRobotPourKettle
va,vqbet,siglip2_so400m,vqbet / siglip2_so400m,30,unseen_finetune,L3_TwoRobotPourKettle-v1,L3,TwoRobotPourKettle,0.0,0.0850328255444765,10,20260514_001948,TwoRobotPourKettle
va,vqbet,siglip2_so400m,vqbet / siglip2_so400m,30,unseen_finetune,L0_TwoRobotPickFood-v1,L0,TwoRobotPickFood,0.0,0.2561846807599067,10,20260514_002750,TwoRobotPickFood
va,vqbet,siglip2_so400m,vqbet / siglip2_so400m,30,unseen_finetune,L1_TwoRobotPickFood-v1,L1,TwoRobotPickFood,0.0,0.2795023053884506,10,20260514_003547,TwoRobotPickFood
va,vqbet,siglip2_so400m,vqbet / siglip2_so400m,30,unseen_finetune,L2_TwoRobotPickFood-v1,L2,TwoRobotPickFood,0.0,0.0219919741153717,10,20260514_004350,TwoRobotPickFood
va,vqbet,siglip2_so400m,vqbet / siglip2_so400m,30,unseen_finetune,L3_TwoRobotPickFood-v1,L3,TwoRobotPickFood,0.0,0.2779646009206772,10,20260514_005151,TwoRobotPickFood
va,vqbet,siglip2_so400m,vqbet / siglip2_so400m,30,unseen_finetune,L0_TwoRobotFoldBox-v1,L0,TwoRobotFoldBox,0.8,0.8156524375081062,10,20260514_005706,TwoRobotFoldBox
va,vqbet,siglip2_so400m,vqbet / siglip2_so400m,30,unseen_finetune,L1_TwoRobotFoldBox-v1,L1,TwoRobotFoldBox,1.0,1.0,10,20260514_010216,TwoRobotFoldBox
va,vqbet,siglip2_so400m,vqbet / siglip2_so400m,30,unseen_finetune,L2_TwoRobotFoldBox-v1,L2,TwoRobotFoldBox,1.0,1.0,10,20260514_010733,TwoRobotFoldBox
va,vqbet,siglip2_so400m,vqbet / siglip2_so400m,30,unseen_finetune,L3_TwoRobotFoldBox-v1,L3,TwoRobotFoldBox,1.0,1.0,10,20260514_011248,TwoRobotFoldBox
va,vqbet,siglip2_so400m,vqbet / siglip2_so400m,30,unseen_scratch,L0_TwoRobotPickRemoteControl-v1,L0,TwoRobotPickRemoteControl,0.0,0.5386476919054985,10,20260515_022746,TwoRobotPickRemoteControl
va,vqbet,siglip2_so400m,vqbet / siglip2_so400m,30,unseen_scratch,L1_TwoRobotPickRemoteControl-v1,L1,TwoRobotPickRemoteControl,0.5,0.756592720746994,10,20260515_023813,TwoRobotPickRemoteControl
va,vqbet,siglip2_so400m,vqbet / siglip2_so400m,30,unseen_scratch,L2_TwoRobotPickRemoteControl-v1,L2,TwoRobotPickRemoteControl,0.4,0.4053599239327013,10,20260515_024923,TwoRobotPickRemoteControl
va,vqbet,siglip2_so400m,vqbet / siglip2_so400m,30,unseen_scratch,L3_TwoRobotPickRemoteControl-v1,L3,TwoRobotPickRemoteControl,0.0,0.3397486597299576,10,20260515_030129,TwoRobotPickRemoteControl
va,vqbet,siglip2_so400m,vqbet / siglip2_so400m,30,unseen_scratch,L0_TwoRobotScanMilkBox-v1,L0,TwoRobotScanMilkBox,1.0,1.0,10,20260515_031147,TwoRobotScanMilkBox
va,vqbet,siglip2_so400m,vqbet / siglip2_so400m,30,unseen_scratch,L1_TwoRobotScanMilkBox-v1,L1,TwoRobotScanMilkBox,0.7,0.9016783654689788,10,20260515_032205,TwoRobotScanMilkBox
va,vqbet,siglip2_so400m,vqbet / siglip2_so400m,30,unseen_scratch,L2_TwoRobotScanMilkBox-v1,L2,TwoRobotScanMilkBox,1.0,1.0,10,20260515_033038,TwoRobotScanMilkBox
va,vqbet,siglip2_so400m,vqbet / siglip2_so400m,30,unseen_scratch,L3_TwoRobotScanMilkBox-v1,L3,TwoRobotScanMilkBox,0.8,0.8692711740732193,10,20260515_033653,TwoRobotScanMilkBox
va,vqbet,siglip2_so400m,vqbet / siglip2_so400m,30,unseen_scratch,L0_TwoRobotPourKettle-v1,L0,TwoRobotPourKettle,0.0,0.2005407497286796,10,20260515_034127,TwoRobotPourKettle
va,vqbet,siglip2_so400m,vqbet / siglip2_so400m,30,unseen_scratch,L1_TwoRobotPourKettle-v1,L1,TwoRobotPourKettle,0.1,0.3242058545351028,10,20260515_034551,TwoRobotPourKettle
va,vqbet,siglip2_so400m,vqbet / siglip2_so400m,30,unseen_scratch,L2_TwoRobotPourKettle-v1,L2,TwoRobotPourKettle,0.0,0.0045533379074186,10,20260515_035025,TwoRobotPourKettle
va,vqbet,siglip2_so400m,vqbet / siglip2_so400m,30,unseen_scratch,L3_TwoRobotPourKettle-v1,L3,TwoRobotPourKettle,0.0,0.161186271160841,10,20260515_035504,TwoRobotPourKettle
va,vqbet,siglip2_so400m,vqbet / siglip2_so400m,30,unseen_scratch,L0_TwoRobotPickFood-v1,L0,TwoRobotPickFood,0.0,0.5540248930454255,10,20260515_040117,TwoRobotPickFood
va,vqbet,siglip2_so400m,vqbet / siglip2_so400m,30,unseen_scratch,L1_TwoRobotPickFood-v1,L1,TwoRobotPickFood,0.2,0.7351375013589859,10,20260515_040712,TwoRobotPickFood
va,vqbet,siglip2_so400m,vqbet / siglip2_so400m,30,unseen_scratch,L2_TwoRobotPickFood-v1,L2,TwoRobotPickFood,0.0,0.0228444948792457,10,20260515_041304,TwoRobotPickFood
va,vqbet,siglip2_so400m,vqbet / siglip2_so400m,30,unseen_scratch,L3_TwoRobotPickFood-v1,L3,TwoRobotPickFood,0.3,0.6996806502342224,10,20260515_041846,TwoRobotPickFood
va,vqbet,siglip2_so400m,vqbet / siglip2_so400m,30,unseen_scratch,L0_TwoRobotFoldBox-v1,L0,TwoRobotFoldBox,1.0,1.0,10,20260515_042212,TwoRobotFoldBox
va,vqbet,siglip2_so400m,vqbet / siglip2_so400m,30,unseen_scratch,L1_TwoRobotFoldBox-v1,L1,TwoRobotFoldBox,0.7,0.7579234324395656,10,20260515_042536,TwoRobotFoldBox
va,vqbet,siglip2_so400m,vqbet / siglip2_so400m,30,unseen_scratch,L2_TwoRobotFoldBox-v1,L2,TwoRobotFoldBox,1.0,1.0,10,20260515_042903,TwoRobotFoldBox
va,vqbet,siglip2_so400m,vqbet / siglip2_so400m,30,unseen_scratch,L3_TwoRobotFoldBox-v1,L3,TwoRobotFoldBox,0.9,0.9094018429517746,10,20260515_043224,TwoRobotFoldBox
va,vqbet,siglip2_so400m,vqbet / siglip2_so400m,45,seen,L0_TwoRobotPlacePlateRack-v1,L0,TwoRobotPlacePlateRack,0.7,0.7997912794351578,10,20260510_142920,TwoRobotPlacePlateRack
va,vqbet,siglip2_so400m,vqbet / siglip2_so400m,45,seen,L1_TwoRobotPlacePlateRack-v1,L1,TwoRobotPlacePlateRack,0.5,0.6094459086656571,10,20260510_144627,TwoRobotPlacePlateRack
va,vqbet,siglip2_so400m,vqbet / siglip2_so400m,45,seen,L2_TwoRobotPlaceMugRack-v1,L2,TwoRobotPlaceMugRack,0.6,0.9797482669353486,10,20260509_202524,TwoRobotPlaceMugRack
va,vqbet,siglip2_so400m,vqbet / siglip2_so400m,45,seen,L0_TwoRobotPlaceFileFolder-v1,L0,TwoRobotPlaceFileFolder,0.8,0.9548767626285553,10,20260510_151938,TwoRobotPlaceFileFolder
va,vqbet,siglip2_so400m,vqbet / siglip2_so400m,45,seen,L1_TwoRobotPlaceFileFolder-v1,L1,TwoRobotPlaceFileFolder,0.9,0.9454147815704346,10,20260510_152703,TwoRobotPlaceFileFolder
va,vqbet,siglip2_so400m,vqbet / siglip2_so400m,45,seen,L2_TwoRobotPlaceFileFolder-v1,L2,TwoRobotPlaceFileFolder,0.7,0.7682317942380905,10,20260510_153413,TwoRobotPlaceFileFolder
va,vqbet,siglip2_so400m,vqbet / siglip2_so400m,45,seen,L3_TwoRobotPlaceFileFolder-v1,L3,TwoRobotPlaceFileFolder,0.9,0.9382285803556444,10,20260510_154043,TwoRobotPlaceFileFolder
va,vqbet,siglip2_so400m,vqbet / siglip2_so400m,45,seen,L0_TwoRobotFoldTowel-v1,L0,TwoRobotFoldTowel,0.7,0.9140918791294098,10,20260510_155603,TwoRobotFoldTowel
va,vqbet,siglip2_so400m,vqbet / siglip2_so400m,45,seen,L1_TwoRobotFoldTowel-v1,L1,TwoRobotFoldTowel,1.0,1.0,10,20260510_161023,TwoRobotFoldTowel
va,vqbet,siglip2_so400m,vqbet / siglip2_so400m,45,seen,L2_TwoRobotFoldTowel-v1,L2,TwoRobotFoldTowel,0.3,0.6382594764232635,10,20260512_165043,TwoRobotFoldTowel
va,vqbet,siglip2_so400m,vqbet / siglip2_so400m,45,seen,L3_TwoRobotFoldTowel-v1,L3,TwoRobotFoldTowel,0.4,0.854465538263321,10,20260510_163423,TwoRobotFoldTowel
va,vqbet,siglip2_so400m,vqbet / siglip2_so400m,45,seen,L0_TwoRobotPlaceMugRack-v1,L0,TwoRobotPlaceMugRack,0.8,0.9444890601933004,10,20260510_163927,TwoRobotPlaceMugRack
va,vqbet,siglip2_so400m,vqbet / siglip2_so400m,45,seen,L1_TwoRobotPlaceMugRack-v1,L1,TwoRobotPlaceMugRack,0.7,0.7825604945421218,10,20260510_164401,TwoRobotPlaceMugRack
va,vqbet,siglip2_so400m,vqbet / siglip2_so400m,45,seen,L3_TwoRobotPlaceMugRack-v1,L3,TwoRobotPlaceMugRack,0.6,0.7325124189257621,10,20260510_165021,TwoRobotPlaceMugRack
va,vqbet,siglip2_so400m,vqbet / siglip2_so400m,45,seen,L0_TwoRobotStirSpoon-v1,L0,TwoRobotStirSpoon,0.4,0.4329595908522606,10,20260513_123545,TwoRobotStirSpoon
va,vqbet,siglip2_so400m,vqbet / siglip2_so400m,45,seen,L1_TwoRobotStirSpoon-v1,L1,TwoRobotStirSpoon,0.0,0.2312754824757576,10,20260513_123948,TwoRobotStirSpoon
va,vqbet,siglip2_so400m,vqbet / siglip2_so400m,45,seen,L2_TwoRobotStirSpoon-v1,L2,TwoRobotStirSpoon,0.4,0.6256803114898503,10,20260513_124355,TwoRobotStirSpoon
va,vqbet,siglip2_so400m,vqbet / siglip2_so400m,45,seen,L3_TwoRobotStirSpoon-v1,L3,TwoRobotStirSpoon,0.6,0.6112642496824264,10,20260513_124803,TwoRobotStirSpoon
va,vqbet,siglip2_so400m,vqbet / siglip2_so400m,45,seen,L2_TwoRobotPlacePlateRack-v1,L2,TwoRobotPlacePlateRack,0.1,0.795166301727295,10,20260509_182554,TwoRobotPlacePlateRack
va,vqbet,siglip2_so400m,vqbet / siglip2_so400m,45,seen,L3_TwoRobotPlacePlateRack-v1,L3,TwoRobotPlacePlateRack,0.5,0.7077760487794876,10,20260509_183135,TwoRobotPlacePlateRack
va,vqbet,siglip2_so400m,vqbet / siglip2_so400m,45,unseen,L0_TwoRobotPickRemoteControl-v1,L0,TwoRobotPickRemoteControl,0.0,0.1558401465415954,10,20260513_082842,TwoRobotPickRemoteControl
va,vqbet,siglip2_so400m,vqbet / siglip2_so400m,45,unseen,L1_TwoRobotPickRemoteControl-v1,L1,TwoRobotPickRemoteControl,0.0,0.1069081552326679,10,20260513_083805,TwoRobotPickRemoteControl
va,vqbet,siglip2_so400m,vqbet / siglip2_so400m,45,unseen,L2_TwoRobotPickRemoteControl-v1,L2,TwoRobotPickRemoteControl,0.0,0.007857572985813,10,20260513_084652,TwoRobotPickRemoteControl
va,vqbet,siglip2_so400m,vqbet / siglip2_so400m,45,unseen,L3_TwoRobotPickRemoteControl-v1,L3,TwoRobotPickRemoteControl,0.0,0.2225445739924907,10,20260513_085512,TwoRobotPickRemoteControl
va,vqbet,siglip2_so400m,vqbet / siglip2_so400m,45,unseen,L0_TwoRobotScanMilkBox-v1,L0,TwoRobotScanMilkBox,0.0,0.2916486904025078,10,20260513_090227,TwoRobotScanMilkBox
va,vqbet,siglip2_so400m,vqbet / siglip2_so400m,45,unseen,L1_TwoRobotScanMilkBox-v1,L1,TwoRobotScanMilkBox,0.0,0.3591960728168487,10,20260513_090930,TwoRobotScanMilkBox
va,vqbet,siglip2_so400m,vqbet / siglip2_so400m,45,unseen,L2_TwoRobotScanMilkBox-v1,L2,TwoRobotScanMilkBox,0.0,0.1401364881545305,10,20260513_091608,TwoRobotScanMilkBox
va,vqbet,siglip2_so400m,vqbet / siglip2_so400m,45,unseen,L3_TwoRobotScanMilkBox-v1,L3,TwoRobotScanMilkBox,0.0,0.2119332522153854,10,20260513_092140,TwoRobotScanMilkBox
va,vqbet,siglip2_so400m,vqbet / siglip2_so400m,45,unseen,L0_TwoRobotPourKettle-v1,L0,TwoRobotPourKettle,0.0,0.2126054659485817,10,20260513_092600,TwoRobotPourKettle
va,vqbet,siglip2_so400m,vqbet / siglip2_so400m,45,unseen,L1_TwoRobotPourKettle-v1,L1,TwoRobotPourKettle,0.0,0.1259748384356498,10,20260513_093021,TwoRobotPourKettle
va,vqbet,siglip2_so400m,vqbet / siglip2_so400m,45,unseen,L2_TwoRobotPourKettle-v1,L2,TwoRobotPourKettle,0.0,0.0045712073799222,10,20260513_093446,TwoRobotPourKettle
va,vqbet,siglip2_so400m,vqbet / siglip2_so400m,45,unseen,L3_TwoRobotPourKettle-v1,L3,TwoRobotPourKettle,0.0,0.0882816718891263,10,20260513_093922,TwoRobotPourKettle
va,vqbet,siglip2_so400m,vqbet / siglip2_so400m,45,unseen,L0_TwoRobotPickFood-v1,L0,TwoRobotPickFood,0.0,0.2265534743666649,10,20260513_094515,TwoRobotPickFood
va,vqbet,siglip2_so400m,vqbet / siglip2_so400m,45,unseen,L1_TwoRobotPickFood-v1,L1,TwoRobotPickFood,0.0,0.2678082853555679,10,20260513_095105,TwoRobotPickFood
va,vqbet,siglip2_so400m,vqbet / siglip2_so400m,45,unseen,L2_TwoRobotPickFood-v1,L2,TwoRobotPickFood,0.0,0.0252944737672805,10,20260513_095654,TwoRobotPickFood
va,vqbet,siglip2_so400m,vqbet / siglip2_so400m,45,unseen,L3_TwoRobotPickFood-v1,L3,TwoRobotPickFood,0.0,0.238063970208168,10,20260513_100234,TwoRobotPickFood
va,vqbet,siglip2_so400m,vqbet / siglip2_so400m,45,unseen,L0_TwoRobotFoldBox-v1,L0,TwoRobotFoldBox,0.9,0.9205998197197914,10,20260513_100612,TwoRobotFoldBox
va,vqbet,siglip2_so400m,vqbet / siglip2_so400m,45,unseen,L1_TwoRobotFoldBox-v1,L1,TwoRobotFoldBox,0.9,0.90289902202785,10,20260513_100943,TwoRobotFoldBox
va,vqbet,siglip2_so400m,vqbet / siglip2_so400m,45,unseen,L2_TwoRobotFoldBox-v1,L2,TwoRobotFoldBox,0.0,0.067743382230401,10,20260513_101321,TwoRobotFoldBox
va,vqbet,siglip2_so400m,vqbet / siglip2_so400m,45,unseen,L3_TwoRobotFoldBox-v1,L3,TwoRobotFoldBox,0.3,0.6775724532082676,10,20260513_101650,TwoRobotFoldBox
va,vqbet,siglip2_so400m,vqbet / siglip2_so400m,45,unseen_finetune,L0_TwoRobotPickRemoteControl-v1,L0,TwoRobotPickRemoteControl,0.0,0.2858109652996063,10,20260513_011559,TwoRobotPickRemoteControl
va,vqbet,siglip2_so400m,vqbet / siglip2_so400m,45,unseen_finetune,L1_TwoRobotPickRemoteControl-v1,L1,TwoRobotPickRemoteControl,0.2,0.525959561765194,10,20260513_013057,TwoRobotPickRemoteControl
va,vqbet,siglip2_so400m,vqbet / siglip2_so400m,45,unseen_finetune,L2_TwoRobotPickRemoteControl-v1,L2,TwoRobotPickRemoteControl,0.0,0.0077709555625915,10,20260513_014713,TwoRobotPickRemoteControl
va,vqbet,siglip2_so400m,vqbet / siglip2_so400m,45,unseen_finetune,L3_TwoRobotPickRemoteControl-v1,L3,TwoRobotPickRemoteControl,0.0,0.3339835092425346,10,20260513_020324,TwoRobotPickRemoteControl
va,vqbet,siglip2_so400m,vqbet / siglip2_so400m,45,unseen_finetune,L0_TwoRobotScanMilkBox-v1,L0,TwoRobotScanMilkBox,0.5,0.5315802812576294,10,20260513_232842,TwoRobotScanMilkBox
va,vqbet,siglip2_so400m,vqbet / siglip2_so400m,45,unseen_finetune,L1_TwoRobotScanMilkBox-v1,L1,TwoRobotScanMilkBox,0.4,0.435434323487793,10,20260513_233822,TwoRobotScanMilkBox
va,vqbet,siglip2_so400m,vqbet / siglip2_so400m,45,unseen_finetune,L2_TwoRobotScanMilkBox-v1,L2,TwoRobotScanMilkBox,0.4,0.5206152930855751,10,20260513_234652,TwoRobotScanMilkBox
va,vqbet,siglip2_so400m,vqbet / siglip2_so400m,45,unseen_finetune,L3_TwoRobotScanMilkBox-v1,L3,TwoRobotScanMilkBox,0.1,0.3791623681783676,10,20260513_235427,TwoRobotScanMilkBox
va,vqbet,siglip2_so400m,vqbet / siglip2_so400m,45,unseen_finetune,L0_TwoRobotPourKettle-v1,L0,TwoRobotPourKettle,0.0,0.1544590443372726,10,20260513_030140,TwoRobotPourKettle
va,vqbet,siglip2_so400m,vqbet / siglip2_so400m,45,unseen_finetune,L1_TwoRobotPourKettle-v1,L1,TwoRobotPourKettle,0.0,0.1264132186770439,10,20260513_031011,TwoRobotPourKettle
va,vqbet,siglip2_so400m,vqbet / siglip2_so400m,45,unseen_finetune,L2_TwoRobotPourKettle-v1,L2,TwoRobotPourKettle,0.0,0.0047444741241633,10,20260513_031836,TwoRobotPourKettle
va,vqbet,siglip2_so400m,vqbet / siglip2_so400m,45,unseen_finetune,L3_TwoRobotPourKettle-v1,L3,TwoRobotPourKettle,0.4,0.5344129120931029,10,20260513_032646,TwoRobotPourKettle
va,vqbet,siglip2_so400m,vqbet / siglip2_so400m,45,unseen_finetune,L0_TwoRobotPickFood-v1,L0,TwoRobotPickFood,0.0,0.3726648151874542,10,20260513_033710,TwoRobotPickFood
va,vqbet,siglip2_so400m,vqbet / siglip2_so400m,45,unseen_finetune,L1_TwoRobotPickFood-v1,L1,TwoRobotPickFood,0.0,0.6009889662265777,10,20260513_034707,TwoRobotPickFood
va,vqbet,siglip2_so400m,vqbet / siglip2_so400m,45,unseen_finetune,L2_TwoRobotPickFood-v1,L2,TwoRobotPickFood,0.0,0.018631887435913,10,20260513_035701,TwoRobotPickFood
va,vqbet,siglip2_so400m,vqbet / siglip2_so400m,45,unseen_finetune,L3_TwoRobotPickFood-v1,L3,TwoRobotPickFood,0.2,0.6149129390716552,10,20260513_040705,TwoRobotPickFood
va,vqbet,siglip2_so400m,vqbet / siglip2_so400m,45,unseen_finetune,L0_TwoRobotFoldBox-v1,L0,TwoRobotFoldBox,0.9,0.9009801836684346,10,20260513_041337,TwoRobotFoldBox
va,vqbet,siglip2_so400m,vqbet / siglip2_so400m,45,unseen_finetune,L1_TwoRobotFoldBox-v1,L1,TwoRobotFoldBox,0.4,0.5028422627598047,10,20260513_041944,TwoRobotFoldBox
va,vqbet,siglip2_so400m,vqbet / siglip2_so400m,45,unseen_finetune,L2_TwoRobotFoldBox-v1,L2,TwoRobotFoldBox,1.0,1.0,10,20260513_042553,TwoRobotFoldBox
va,vqbet,siglip2_so400m,vqbet / siglip2_so400m,45,unseen_finetune,L3_TwoRobotFoldBox-v1,L3,TwoRobotFoldBox,0.7,0.7605651527643204,10,20260513_043204,TwoRobotFoldBox
va,vqbet,siglip2_so400m,vqbet / siglip2_so400m,45,unseen_scratch,L2_TwoRobotScanMilkBox-v1,L2,TwoRobotScanMilkBox,0.9,0.9269506424665452,10,20260515_125108,TwoRobotScanMilkBox
va,vqbet,siglip2_so400m,vqbet / siglip2_so400m,45,unseen_scratch,L3_TwoRobotScanMilkBox-v1,L3,TwoRobotScanMilkBox,0.0,0.4890033900737762,10,20260515_125623,TwoRobotScanMilkBox
va,vqbet,siglip2_so400m,vqbet / siglip2_so400m,45,unseen_scratch,L0_TwoRobotPourKettle-v1,L0,TwoRobotPourKettle,0.0,0.2226685300469398,10,20260515_130013,TwoRobotPourKettle
va,vqbet,siglip2_so400m,vqbet / siglip2_so400m,45,unseen_scratch,L1_TwoRobotPourKettle-v1,L1,TwoRobotPourKettle,0.0,0.2111911952495574,10,20260515_130406,TwoRobotPourKettle
va,vqbet,siglip2_so400m,vqbet / siglip2_so400m,45,unseen_scratch,L2_TwoRobotPourKettle-v1,L2,TwoRobotPourKettle,0.0,0.0045216401107609,10,20260515_130752,TwoRobotPourKettle
va,vqbet,siglip2_so400m,vqbet / siglip2_so400m,45,unseen_scratch,L3_TwoRobotPourKettle-v1,L3,TwoRobotPourKettle,0.0,0.1903393492102623,10,20260515_131137,TwoRobotPourKettle
va,vqbet,siglip2_so400m,vqbet / siglip2_so400m,45,unseen_scratch,L0_TwoRobotPickFood-v1,L0,TwoRobotPickFood,0.2,0.6879211127758026,10,20260515_131626,TwoRobotPickFood
va,vqbet,siglip2_so400m,vqbet / siglip2_so400m,45,unseen_scratch,L1_TwoRobotPickFood-v1,L1,TwoRobotPickFood,0.0,0.5109542191028595,10,20260515_132112,TwoRobotPickFood
va,vqbet,siglip2_so400m,vqbet / siglip2_so400m,45,unseen_scratch,L2_TwoRobotPickFood-v1,L2,TwoRobotPickFood,0.0,0.1678775429725647,10,20260515_132557,TwoRobotPickFood
va,vqbet,siglip2_so400m,vqbet / siglip2_so400m,45,unseen_scratch,L3_TwoRobotPickFood-v1,L3,TwoRobotPickFood,0.2,0.6319598197937012,10,20260515_133046,TwoRobotPickFood
va,vqbet,siglip2_so400m,vqbet / siglip2_so400m,45,unseen_scratch,L0_TwoRobotFoldBox-v1,L0,TwoRobotFoldBox,1.0,1.0,10,20260515_133319,TwoRobotFoldBox
va,vqbet,siglip2_so400m,vqbet / siglip2_so400m,45,unseen_scratch,L1_TwoRobotFoldBox-v1,L1,TwoRobotFoldBox,1.0,1.0,10,20260515_133552,TwoRobotFoldBox
va,vqbet,siglip2_so400m,vqbet / siglip2_so400m,45,unseen_scratch,L2_TwoRobotFoldBox-v1,L2,TwoRobotFoldBox,1.0,1.0,10,20260515_133831,TwoRobotFoldBox
va,vqbet,siglip2_so400m,vqbet / siglip2_so400m,45,unseen_scratch,L3_TwoRobotFoldBox-v1,L3,TwoRobotFoldBox,0.1,0.1205993033014238,10,20260515_134119,TwoRobotFoldBox
va,vqbet,siglip2_so400m,vqbet / siglip2_so400m,45,unseen_scratch,L0_TwoRobotPickRemoteControl-v1,L0,TwoRobotPickRemoteControl,0.0,0.527481809258461,10,20260515_151509,TwoRobotPickRemoteControl
va,vqbet,siglip2_so400m,vqbet / siglip2_so400m,45,unseen_scratch,L1_TwoRobotPickRemoteControl-v1,L1,TwoRobotPickRemoteControl,0.8,0.8676827698945999,10,20260515_152111,TwoRobotPickRemoteControl
va,vqbet,siglip2_so400m,vqbet / siglip2_so400m,45,unseen_scratch,L2_TwoRobotPickRemoteControl-v1,L2,TwoRobotPickRemoteControl,0.5,0.5069161725230515,10,20260515_152657,TwoRobotPickRemoteControl
va,vqbet,siglip2_so400m,vqbet / siglip2_so400m,45,unseen_scratch,L3_TwoRobotPickRemoteControl-v1,L3,TwoRobotPickRemoteControl,0.3,0.5259566307067871,10,20260515_153304,TwoRobotPickRemoteControl
va,vqbet,siglip2_so400m,vqbet / siglip2_so400m,45,unseen_scratch,L0_TwoRobotScanMilkBox-v1,L0,TwoRobotScanMilkBox,0.9,0.9691127359867096,10,20260515_154009,TwoRobotScanMilkBox
va,vqbet,siglip2_so400m,vqbet / siglip2_so400m,45,unseen_scratch,L1_TwoRobotScanMilkBox-v1,L1,TwoRobotScanMilkBox,1.0,1.0,10,20260515_154713,TwoRobotScanMilkBox
va,vqbet,videomae_large,vqbet / videomae_large,15,seen,L0_TwoRobotStirSpoon-v1,L0,TwoRobotStirSpoon,0.1,0.2574491366744041,10,20260512_142323,TwoRobotStirSpoon
va,vqbet,videomae_large,vqbet / videomae_large,15,seen,L1_TwoRobotStirSpoon-v1,L1,TwoRobotStirSpoon,0.7,0.8233010947704316,10,20260512_143226,TwoRobotStirSpoon
va,vqbet,videomae_large,vqbet / videomae_large,15,seen,L2_TwoRobotStirSpoon-v1,L2,TwoRobotStirSpoon,0.1,0.3473481138702482,10,20260512_144153,TwoRobotStirSpoon
va,vqbet,videomae_large,vqbet / videomae_large,15,seen,L3_TwoRobotStirSpoon-v1,L3,TwoRobotStirSpoon,0.1,0.2643774062395095,10,20260512_145150,TwoRobotStirSpoon
va,vqbet,videomae_large,vqbet / videomae_large,15,seen,L0_TwoRobotPlacePlateRack-v1,L0,TwoRobotPlacePlateRack,0.9,0.9337371855974196,10,20260512_150830,TwoRobotPlacePlateRack
va,vqbet,videomae_large,vqbet / videomae_large,15,seen,L1_TwoRobotPlacePlateRack-v1,L1,TwoRobotPlacePlateRack,0.6,0.7311173677444458,10,20260512_151937,TwoRobotPlacePlateRack
va,vqbet,videomae_large,vqbet / videomae_large,15,seen,L2_TwoRobotPlacePlateRack-v1,L2,TwoRobotPlacePlateRack,0.1,0.4431340098381042,10,20260512_153015,TwoRobotPlacePlateRack
va,vqbet,videomae_large,vqbet / videomae_large,15,seen,L3_TwoRobotPlacePlateRack-v1,L3,TwoRobotPlacePlateRack,0.6,0.7341135382652283,10,20260512_153836,TwoRobotPlacePlateRack
va,vqbet,videomae_large,vqbet / videomae_large,15,seen,L0_TwoRobotPlaceFileFolder-v1,L0,TwoRobotPlaceFileFolder,0.6,0.8015646547079086,10,20260512_154603,TwoRobotPlaceFileFolder
va,vqbet,videomae_large,vqbet / videomae_large,15,seen,L1_TwoRobotPlaceFileFolder-v1,L1,TwoRobotPlaceFileFolder,0.7,0.8434883803129196,10,20260512_155357,TwoRobotPlaceFileFolder
va,vqbet,videomae_large,vqbet / videomae_large,15,seen,L2_TwoRobotPlaceFileFolder-v1,L2,TwoRobotPlaceFileFolder,0.6,0.770975424349308,10,20260512_160210,TwoRobotPlaceFileFolder
va,vqbet,videomae_large,vqbet / videomae_large,15,seen,L3_TwoRobotPlaceFileFolder-v1,L3,TwoRobotPlaceFileFolder,0.8,0.891728299856186,10,20260512_160919,TwoRobotPlaceFileFolder
va,vqbet,videomae_large,vqbet / videomae_large,15,seen,L0_TwoRobotFoldTowel-v1,L0,TwoRobotFoldTowel,0.9,1.0,10,20260512_162632,TwoRobotFoldTowel
va,vqbet,videomae_large,vqbet / videomae_large,15,seen,L1_TwoRobotFoldTowel-v1,L1,TwoRobotFoldTowel,1.0,1.0,10,20260512_163850,TwoRobotFoldTowel
va,vqbet,videomae_large,vqbet / videomae_large,15,seen,L2_TwoRobotFoldTowel-v1,L2,TwoRobotFoldTowel,0.2,0.6150753811001778,10,20260512_165034,TwoRobotFoldTowel
va,vqbet,videomae_large,vqbet / videomae_large,15,seen,L3_TwoRobotFoldTowel-v1,L3,TwoRobotFoldTowel,0.7,0.9379117608070372,10,20260512_170340,TwoRobotFoldTowel
va,vqbet,videomae_large,vqbet / videomae_large,15,seen,L0_TwoRobotPlaceMugRack-v1,L0,TwoRobotPlaceMugRack,0.0,0.0875786811113357,10,20260512_170941,TwoRobotPlaceMugRack
va,vqbet,videomae_large,vqbet / videomae_large,15,seen,L1_TwoRobotPlaceMugRack-v1,L1,TwoRobotPlaceMugRack,0.0,0.0913887411355972,10,20260512_171556,TwoRobotPlaceMugRack
va,vqbet,videomae_large,vqbet / videomae_large,15,seen,L2_TwoRobotPlaceMugRack-v1,L2,TwoRobotPlaceMugRack,0.0,0.1236656993627548,10,20260512_172149,TwoRobotPlaceMugRack
va,vqbet,videomae_large,vqbet / videomae_large,15,seen,L3_TwoRobotPlaceMugRack-v1,L3,TwoRobotPlaceMugRack,0.1,0.3714348182082176,10,20260512_172714,TwoRobotPlaceMugRack
va,vqbet,videomae_large,vqbet / videomae_large,15,unseen,L0_TwoRobotPickRemoteControl-v1,L0,TwoRobotPickRemoteControl,0.0,0.108690145611763,10,20260512_142922,TwoRobotPickRemoteControl
va,vqbet,videomae_large,vqbet / videomae_large,15,unseen,L1_TwoRobotPickRemoteControl-v1,L1,TwoRobotPickRemoteControl,0.0,0.1291246235370636,10,20260512_144501,TwoRobotPickRemoteControl
va,vqbet,videomae_large,vqbet / videomae_large,15,unseen,L2_TwoRobotPickRemoteControl-v1,L2,TwoRobotPickRemoteControl,0.0,0.0077642464078962,10,20260512_150000,TwoRobotPickRemoteControl
va,vqbet,videomae_large,vqbet / videomae_large,15,unseen,L3_TwoRobotPickRemoteControl-v1,L3,TwoRobotPickRemoteControl,0.0,0.3134942948818207,10,20260512_151327,TwoRobotPickRemoteControl
va,vqbet,videomae_large,vqbet / videomae_large,15,unseen,L0_TwoRobotScanMilkBox-v1,L0,TwoRobotScanMilkBox,0.0,0.2922438353300094,10,20260512_152327,TwoRobotScanMilkBox
va,vqbet,videomae_large,vqbet / videomae_large,15,unseen,L1_TwoRobotScanMilkBox-v1,L1,TwoRobotScanMilkBox,0.0,0.2911459311842918,10,20260512_153638,TwoRobotScanMilkBox
va,vqbet,videomae_large,vqbet / videomae_large,15,unseen,L2_TwoRobotScanMilkBox-v1,L2,TwoRobotScanMilkBox,0.0,0.1816325783729553,10,20260512_155141,TwoRobotScanMilkBox
va,vqbet,videomae_large,vqbet / videomae_large,15,unseen,L3_TwoRobotScanMilkBox-v1,L3,TwoRobotScanMilkBox,0.0,0.0463558055460453,10,20260512_160445,TwoRobotScanMilkBox
va,vqbet,videomae_large,vqbet / videomae_large,15,unseen,L0_TwoRobotPourKettle-v1,L0,TwoRobotPourKettle,0.0,0.1442314200103283,10,20260512_161518,TwoRobotPourKettle
va,vqbet,videomae_large,vqbet / videomae_large,15,unseen,L1_TwoRobotPourKettle-v1,L1,TwoRobotPourKettle,0.0,0.1235299080610275,10,20260512_162542,TwoRobotPourKettle
va,vqbet,videomae_large,vqbet / videomae_large,15,unseen,L2_TwoRobotPourKettle-v1,L2,TwoRobotPourKettle,0.0,0.0044175187591463,10,20260512_163420,TwoRobotPourKettle
va,vqbet,videomae_large,vqbet / videomae_large,15,unseen,L3_TwoRobotPourKettle-v1,L3,TwoRobotPourKettle,0.0,0.0536000330001115,10,20260512_164222,TwoRobotPourKettle
va,vqbet,videomae_large,vqbet / videomae_large,15,unseen,L0_TwoRobotPickFood-v1,L0,TwoRobotPickFood,0.0,0.2206853523850441,10,20260512_165217,TwoRobotPickFood
va,vqbet,videomae_large,vqbet / videomae_large,15,unseen,L1_TwoRobotPickFood-v1,L1,TwoRobotPickFood,0.0,0.212864688038826,10,20260512_170232,TwoRobotPickFood
va,vqbet,videomae_large,vqbet / videomae_large,15,unseen,L2_TwoRobotPickFood-v1,L2,TwoRobotPickFood,0.0,0.0155165866017341,10,20260512_171253,TwoRobotPickFood
va,vqbet,videomae_large,vqbet / videomae_large,15,unseen,L3_TwoRobotPickFood-v1,L3,TwoRobotPickFood,0.0,0.2564781665802002,10,20260512_172303,TwoRobotPickFood
va,vqbet,videomae_large,vqbet / videomae_large,15,unseen,L0_TwoRobotFoldBox-v1,L0,TwoRobotFoldBox,0.3,0.4094899982213974,10,20260512_172937,TwoRobotFoldBox
va,vqbet,videomae_large,vqbet / videomae_large,15,unseen,L1_TwoRobotFoldBox-v1,L1,TwoRobotFoldBox,0.9,0.7937123298645019,10,20260512_173531,TwoRobotFoldBox
va,vqbet,videomae_large,vqbet / videomae_large,15,unseen,L2_TwoRobotFoldBox-v1,L2,TwoRobotFoldBox,0.0,0.0414211107417941,10,20260512_174059,TwoRobotFoldBox
va,vqbet,videomae_large,vqbet / videomae_large,15,unseen,L3_TwoRobotFoldBox-v1,L3,TwoRobotFoldBox,0.6,0.7389732863754034,10,20260512_174602,TwoRobotFoldBox
va,vqbet,videomae_large,vqbet / videomae_large,15,unseen_finetune,L0_TwoRobotPickRemoteControl-v1,L0,TwoRobotPickRemoteControl,0.0,0.1409851789474487,10,20260512_154043,TwoRobotPickRemoteControl
va,vqbet,videomae_large,vqbet / videomae_large,15,unseen_finetune,L1_TwoRobotPickRemoteControl-v1,L1,TwoRobotPickRemoteControl,0.0,0.1747310899198055,10,20260512_155621,TwoRobotPickRemoteControl
va,vqbet,videomae_large,vqbet / videomae_large,15,unseen_finetune,L2_TwoRobotPickRemoteControl-v1,L2,TwoRobotPickRemoteControl,0.0,0.0077651143074035,10,20260512_161239,TwoRobotPickRemoteControl
va,vqbet,videomae_large,vqbet / videomae_large,15,unseen_finetune,L3_TwoRobotPickRemoteControl-v1,L3,TwoRobotPickRemoteControl,0.0,0.2880696326494217,10,20260512_162929,TwoRobotPickRemoteControl
va,vqbet,videomae_large,vqbet / videomae_large,15,unseen_finetune,L0_TwoRobotScanMilkBox-v1,L0,TwoRobotScanMilkBox,0.0,0.4000335097312927,10,20260512_164103,TwoRobotScanMilkBox
va,vqbet,videomae_large,vqbet / videomae_large,15,unseen_finetune,L1_TwoRobotScanMilkBox-v1,L1,TwoRobotScanMilkBox,0.0,0.3744915574789047,10,20260512_165238,TwoRobotScanMilkBox
va,vqbet,videomae_large,vqbet / videomae_large,15,unseen_finetune,L2_TwoRobotScanMilkBox-v1,L2,TwoRobotScanMilkBox,0.0,0.1538460403680801,10,20260512_170338,TwoRobotScanMilkBox
va,vqbet,videomae_large,vqbet / videomae_large,15,unseen_finetune,L3_TwoRobotScanMilkBox-v1,L3,TwoRobotScanMilkBox,0.0,0.2198933660984039,10,20260512_171222,TwoRobotScanMilkBox
va,vqbet,videomae_large,vqbet / videomae_large,15,unseen_finetune,L0_TwoRobotPourKettle-v1,L0,TwoRobotPourKettle,0.0,0.1906492367386817,10,20260512_171855,TwoRobotPourKettle
va,vqbet,videomae_large,vqbet / videomae_large,15,unseen_finetune,L1_TwoRobotPourKettle-v1,L1,TwoRobotPourKettle,0.0,0.1437159940600395,10,20260512_172529,TwoRobotPourKettle
va,vqbet,videomae_large,vqbet / videomae_large,15,unseen_finetune,L2_TwoRobotPourKettle-v1,L2,TwoRobotPourKettle,0.0,0.004660165309906,10,20260512_173113,TwoRobotPourKettle
va,vqbet,videomae_large,vqbet / videomae_large,15,unseen_finetune,L3_TwoRobotPourKettle-v1,L3,TwoRobotPourKettle,0.0,0.0857953861355781,10,20260512_173609,TwoRobotPourKettle
va,vqbet,videomae_large,vqbet / videomae_large,15,unseen_finetune,L0_TwoRobotPickFood-v1,L0,TwoRobotPickFood,0.0,0.242333236336708,10,20260512_174146,TwoRobotPickFood
va,vqbet,videomae_large,vqbet / videomae_large,15,unseen_finetune,L1_TwoRobotPickFood-v1,L1,TwoRobotPickFood,0.0,0.1971361845731735,10,20260512_174718,TwoRobotPickFood
va,vqbet,videomae_large,vqbet / videomae_large,15,unseen_finetune,L2_TwoRobotPickFood-v1,L2,TwoRobotPickFood,0.0,0.0232006207108497,10,20260512_175229,TwoRobotPickFood
va,vqbet,videomae_large,vqbet / videomae_large,15,unseen_finetune,L3_TwoRobotPickFood-v1,L3,TwoRobotPickFood,0.0,0.1915933176875114,10,20260512_175756,TwoRobotPickFood
va,vqbet,videomae_large,vqbet / videomae_large,15,unseen_finetune,L0_TwoRobotFoldBox-v1,L0,TwoRobotFoldBox,0.0,0.0087393384426832,10,20260512_180135,TwoRobotFoldBox
va,vqbet,videomae_large,vqbet / videomae_large,15,unseen_finetune,L1_TwoRobotFoldBox-v1,L1,TwoRobotFoldBox,1.0,1.0,10,20260512_180518,TwoRobotFoldBox
va,vqbet,videomae_large,vqbet / videomae_large,15,unseen_finetune,L2_TwoRobotFoldBox-v1,L2,TwoRobotFoldBox,0.1,0.1128591632470488,10,20260512_180914,TwoRobotFoldBox
va,vqbet,videomae_large,vqbet / videomae_large,15,unseen_finetune,L3_TwoRobotFoldBox-v1,L3,TwoRobotFoldBox,0.0,0.0109378222376108,10,20260512_181222,TwoRobotFoldBox
va,vqbet,videomae_large,vqbet / videomae_large,15,unseen_scratch,L0_TwoRobotPickRemoteControl-v1,L0,TwoRobotPickRemoteControl,0.1,0.6060283318161964,10,20260514_233749,TwoRobotPickRemoteControl
va,vqbet,videomae_large,vqbet / videomae_large,15,unseen_scratch,L1_TwoRobotPickRemoteControl-v1,L1,TwoRobotPickRemoteControl,0.1,0.3966821685433387,10,20260514_235534,TwoRobotPickRemoteControl
va,vqbet,videomae_large,vqbet / videomae_large,15,unseen_scratch,L2_TwoRobotPickRemoteControl-v1,L2,TwoRobotPickRemoteControl,0.0,0.0081400036346167,10,20260515_001023,TwoRobotPickRemoteControl
va,vqbet,videomae_large,vqbet / videomae_large,15,unseen_scratch,L3_TwoRobotPickRemoteControl-v1,L3,TwoRobotPickRemoteControl,0.1,0.3932031899690628,10,20260515_002350,TwoRobotPickRemoteControl
va,vqbet,videomae_large,vqbet / videomae_large,15,unseen_scratch,L0_TwoRobotScanMilkBox-v1,L0,TwoRobotScanMilkBox,0.5,0.7857829093933105,10,20260515_003248,TwoRobotScanMilkBox
va,vqbet,videomae_large,vqbet / videomae_large,15,unseen_scratch,L1_TwoRobotScanMilkBox-v1,L1,TwoRobotScanMilkBox,1.0,1.0,10,20260515_004050,TwoRobotScanMilkBox
va,vqbet,videomae_large,vqbet / videomae_large,15,unseen_scratch,L2_TwoRobotScanMilkBox-v1,L2,TwoRobotScanMilkBox,0.7,0.7760869532823562,10,20260515_004816,TwoRobotScanMilkBox
va,vqbet,videomae_large,vqbet / videomae_large,15,unseen_scratch,L3_TwoRobotScanMilkBox-v1,L3,TwoRobotScanMilkBox,0.1,0.5411614000797271,10,20260515_005416,TwoRobotScanMilkBox
va,vqbet,videomae_large,vqbet / videomae_large,15,unseen_scratch,L0_TwoRobotPourKettle-v1,L0,TwoRobotPourKettle,0.0,0.1744501933455467,10,20260515_005840,TwoRobotPourKettle
va,vqbet,videomae_large,vqbet / videomae_large,15,unseen_scratch,L1_TwoRobotPourKettle-v1,L1,TwoRobotPourKettle,0.0,0.1724967926740646,10,20260515_010318,TwoRobotPourKettle
va,vqbet,videomae_large,vqbet / videomae_large,15,unseen_scratch,L2_TwoRobotPourKettle-v1,L2,TwoRobotPourKettle,0.0,0.0046171347144991,10,20260515_010805,TwoRobotPourKettle
va,vqbet,videomae_large,vqbet / videomae_large,15,unseen_scratch,L3_TwoRobotPourKettle-v1,L3,TwoRobotPourKettle,0.0,0.0738429632037878,10,20260515_011301,TwoRobotPourKettle
va,vqbet,videomae_large,vqbet / videomae_large,15,unseen_scratch,L0_TwoRobotPickFood-v1,L0,TwoRobotPickFood,0.1,0.5779954046010971,10,20260515_011944,TwoRobotPickFood
va,vqbet,videomae_large,vqbet / videomae_large,15,unseen_scratch,L1_TwoRobotPickFood-v1,L1,TwoRobotPickFood,0.2,0.7361590832471847,10,20260515_012640,TwoRobotPickFood
va,vqbet,videomae_large,vqbet / videomae_large,15,unseen_scratch,L2_TwoRobotPickFood-v1,L2,TwoRobotPickFood,0.0,0.0270153790712356,10,20260515_013314,TwoRobotPickFood
va,vqbet,videomae_large,vqbet / videomae_large,15,unseen_scratch,L3_TwoRobotPickFood-v1,L3,TwoRobotPickFood,0.1,0.6127056121826172,10,20260515_013908,TwoRobotPickFood
va,vqbet,videomae_large,vqbet / videomae_large,15,unseen_scratch,L0_TwoRobotFoldBox-v1,L0,TwoRobotFoldBox,0.0,0.0021454533562064,10,20260515_014206,TwoRobotFoldBox
va,vqbet,videomae_large,vqbet / videomae_large,15,unseen_scratch,L1_TwoRobotFoldBox-v1,L1,TwoRobotFoldBox,0.7,1.0,10,20260515_014505,TwoRobotFoldBox
va,vqbet,videomae_large,vqbet / videomae_large,15,unseen_scratch,L2_TwoRobotFoldBox-v1,L2,TwoRobotFoldBox,0.9,0.9092267125844956,10,20260515_014809,TwoRobotFoldBox
va,vqbet,videomae_large,vqbet / videomae_large,15,unseen_scratch,L3_TwoRobotFoldBox-v1,L3,TwoRobotFoldBox,0.0,0.0070487833581864,10,20260515_015135,TwoRobotFoldBox
va,vqbet,videomae_large,vqbet / videomae_large,30,seen,L0_TwoRobotStirSpoon-v1,L0,TwoRobotStirSpoon,0.1,0.2574491366744041,10,20260512_142323,TwoRobotStirSpoon
va,vqbet,videomae_large,vqbet / videomae_large,30,seen,L1_TwoRobotStirSpoon-v1,L1,TwoRobotStirSpoon,0.7,0.8233010947704316,10,20260512_143226,TwoRobotStirSpoon
va,vqbet,videomae_large,vqbet / videomae_large,30,seen,L2_TwoRobotStirSpoon-v1,L2,TwoRobotStirSpoon,0.1,0.3473481138702482,10,20260512_144153,TwoRobotStirSpoon
va,vqbet,videomae_large,vqbet / videomae_large,30,seen,L3_TwoRobotStirSpoon-v1,L3,TwoRobotStirSpoon,0.1,0.2643774062395095,10,20260512_145150,TwoRobotStirSpoon
va,vqbet,videomae_large,vqbet / videomae_large,30,seen,L0_TwoRobotPlacePlateRack-v1,L0,TwoRobotPlacePlateRack,0.8,1.0,10,20260513_014856,TwoRobotPlacePlateRack
va,vqbet,videomae_large,vqbet / videomae_large,30,seen,L1_TwoRobotPlacePlateRack-v1,L1,TwoRobotPlacePlateRack,0.5,0.9243079364299774,10,20260513_020625,TwoRobotPlacePlateRack
va,vqbet,videomae_large,vqbet / videomae_large,30,seen,L2_TwoRobotPlacePlateRack-v1,L2,TwoRobotPlacePlateRack,0.0,0.4844824075698852,10,20260513_022145,TwoRobotPlacePlateRack
va,vqbet,videomae_large,vqbet / videomae_large,30,seen,L3_TwoRobotPlacePlateRack-v1,L3,TwoRobotPlacePlateRack,0.6,0.7980559140443801,10,20260513_022922,TwoRobotPlacePlateRack
va,vqbet,videomae_large,vqbet / videomae_large,30,seen,L0_TwoRobotPlaceFileFolder-v1,L0,TwoRobotPlaceFileFolder,0.3,0.7858298271894455,10,20260513_023603,TwoRobotPlaceFileFolder
va,vqbet,videomae_large,vqbet / videomae_large,30,seen,L1_TwoRobotPlaceFileFolder-v1,L1,TwoRobotPlaceFileFolder,0.0,0.4072019040584564,10,20260513_024304,TwoRobotPlaceFileFolder
va,vqbet,videomae_large,vqbet / videomae_large,30,seen,L2_TwoRobotPlaceFileFolder-v1,L2,TwoRobotPlaceFileFolder,1.0,1.0,10,20260513_025050,TwoRobotPlaceFileFolder
va,vqbet,videomae_large,vqbet / videomae_large,30,seen,L3_TwoRobotPlaceFileFolder-v1,L3,TwoRobotPlaceFileFolder,0.0,0.3305307060480117,10,20260513_025805,TwoRobotPlaceFileFolder
va,vqbet,videomae_large,vqbet / videomae_large,30,seen,L0_TwoRobotFoldTowel-v1,L0,TwoRobotFoldTowel,0.0,0.2320010147988796,10,20260513_031315,TwoRobotFoldTowel
va,vqbet,videomae_large,vqbet / videomae_large,30,seen,L1_TwoRobotFoldTowel-v1,L1,TwoRobotFoldTowel,0.1,0.5287259124219418,10,20260513_032746,TwoRobotFoldTowel
va,vqbet,videomae_large,vqbet / videomae_large,30,seen,L2_TwoRobotFoldTowel-v1,L2,TwoRobotFoldTowel,0.0,0.2158064886927604,10,20260513_034216,TwoRobotFoldTowel
va,vqbet,videomae_large,vqbet / videomae_large,30,seen,L3_TwoRobotFoldTowel-v1,L3,TwoRobotFoldTowel,0.2,0.6502556562423706,10,20260513_040022,TwoRobotFoldTowel
va,vqbet,videomae_large,vqbet / videomae_large,30,seen,L0_TwoRobotPlaceMugRack-v1,L0,TwoRobotPlaceMugRack,0.0,0.6118166536092758,10,20260513_041039,TwoRobotPlaceMugRack
va,vqbet,videomae_large,vqbet / videomae_large,30,seen,L1_TwoRobotPlaceMugRack-v1,L1,TwoRobotPlaceMugRack,0.0,0.0941202297806739,10,20260513_042008,TwoRobotPlaceMugRack
va,vqbet,videomae_large,vqbet / videomae_large,30,seen,L2_TwoRobotPlaceMugRack-v1,L2,TwoRobotPlaceMugRack,0.0,0.0004787594079971,10,20260513_042943,TwoRobotPlaceMugRack
va,vqbet,videomae_large,vqbet / videomae_large,30,seen,L3_TwoRobotPlaceMugRack-v1,L3,TwoRobotPlaceMugRack,0.4,1.0,10,20260513_043819,TwoRobotPlaceMugRack
va,vqbet,videomae_large,vqbet / videomae_large,30,unseen,L0_TwoRobotPickRemoteControl-v1,L0,TwoRobotPickRemoteControl,0.0,0.2109605498611927,10,20260510_022310,TwoRobotPickRemoteControl
va,vqbet,videomae_large,vqbet / videomae_large,30,unseen,L1_TwoRobotPickRemoteControl-v1,L1,TwoRobotPickRemoteControl,0.0,0.1680357731878757,10,20260510_023116,TwoRobotPickRemoteControl
va,vqbet,videomae_large,vqbet / videomae_large,30,unseen,L2_TwoRobotPickRemoteControl-v1,L2,TwoRobotPickRemoteControl,0.0,0.0078073144424706,10,20260510_023910,TwoRobotPickRemoteControl
va,vqbet,videomae_large,vqbet / videomae_large,30,unseen,L3_TwoRobotPickRemoteControl-v1,L3,TwoRobotPickRemoteControl,0.0,0.205245890468359,10,20260510_024618,TwoRobotPickRemoteControl
va,vqbet,videomae_large,vqbet / videomae_large,30,unseen,L0_TwoRobotScanMilkBox-v1,L0,TwoRobotScanMilkBox,0.2,0.4294020995497704,10,20260510_025329,TwoRobotScanMilkBox
va,vqbet,videomae_large,vqbet / videomae_large,30,unseen,L1_TwoRobotScanMilkBox-v1,L1,TwoRobotScanMilkBox,0.0,0.3814131766557693,10,20260510_030023,TwoRobotScanMilkBox
va,vqbet,videomae_large,vqbet / videomae_large,30,unseen,L2_TwoRobotScanMilkBox-v1,L2,TwoRobotScanMilkBox,0.0,0.2057572916150093,10,20260510_030639,TwoRobotScanMilkBox
va,vqbet,videomae_large,vqbet / videomae_large,30,unseen,L3_TwoRobotScanMilkBox-v1,L3,TwoRobotScanMilkBox,0.0,0.130699573457241,10,20260510_031131,TwoRobotScanMilkBox
va,vqbet,videomae_large,vqbet / videomae_large,30,unseen,L0_TwoRobotPourKettle-v1,L0,TwoRobotPourKettle,0.4,0.6815663248300552,10,20260510_031501,TwoRobotPourKettle
va,vqbet,videomae_large,vqbet / videomae_large,30,unseen,L1_TwoRobotPourKettle-v1,L1,TwoRobotPourKettle,0.0,0.1992221772670745,10,20260510_031823,TwoRobotPourKettle
va,vqbet,videomae_large,vqbet / videomae_large,30,unseen,L2_TwoRobotPourKettle-v1,L2,TwoRobotPourKettle,0.0,0.0044620037544518,10,20260510_032144,TwoRobotPourKettle
va,vqbet,videomae_large,vqbet / videomae_large,30,unseen,L3_TwoRobotPourKettle-v1,L3,TwoRobotPourKettle,0.0,0.0995047334581613,10,20260510_032506,TwoRobotPourKettle
va,vqbet,videomae_large,vqbet / videomae_large,30,unseen,L0_TwoRobotPickFood-v1,L0,TwoRobotPickFood,0.0,0.2657037496566772,10,20260510_032950,TwoRobotPickFood
va,vqbet,videomae_large,vqbet / videomae_large,30,unseen,L1_TwoRobotPickFood-v1,L1,TwoRobotPickFood,0.0,0.2054552584886551,10,20260510_033433,TwoRobotPickFood
va,vqbet,videomae_large,vqbet / videomae_large,30,unseen,L2_TwoRobotPickFood-v1,L2,TwoRobotPickFood,0.0,0.0213640704751014,10,20260510_033920,TwoRobotPickFood
va,vqbet,videomae_large,vqbet / videomae_large,30,unseen,L3_TwoRobotPickFood-v1,L3,TwoRobotPickFood,0.0,0.272688053548336,10,20260510_034405,TwoRobotPickFood
va,vqbet,videomae_large,vqbet / videomae_large,30,unseen,L0_TwoRobotFoldBox-v1,L0,TwoRobotFoldBox,0.0,0.0014745694817975,10,20260510_034636,TwoRobotFoldBox
va,vqbet,videomae_large,vqbet / videomae_large,30,unseen,L1_TwoRobotFoldBox-v1,L1,TwoRobotFoldBox,0.0,0.0153837014921009,10,20260510_034904,TwoRobotFoldBox
va,vqbet,videomae_large,vqbet / videomae_large,30,unseen,L2_TwoRobotFoldBox-v1,L2,TwoRobotFoldBox,0.4,0.6112744565121829,10,20260510_035140,TwoRobotFoldBox
va,vqbet,videomae_large,vqbet / videomae_large,30,unseen,L3_TwoRobotFoldBox-v1,L3,TwoRobotFoldBox,0.2,0.2453789830207824,10,20260510_035410,TwoRobotFoldBox
va,vqbet,videomae_large,vqbet / videomae_large,30,unseen_finetune,L0_TwoRobotPickRemoteControl-v1,L0,TwoRobotPickRemoteControl,0.0,0.2220335692167282,10,20260513_082740,TwoRobotPickRemoteControl
va,vqbet,videomae_large,vqbet / videomae_large,30,unseen_finetune,L1_TwoRobotPickRemoteControl-v1,L1,TwoRobotPickRemoteControl,0.0,0.2345698162913322,10,20260513_083659,TwoRobotPickRemoteControl
va,vqbet,videomae_large,vqbet / videomae_large,30,unseen_finetune,L2_TwoRobotPickRemoteControl-v1,L2,TwoRobotPickRemoteControl,0.0,0.0078134036622941,10,20260513_084541,TwoRobotPickRemoteControl
va,vqbet,videomae_large,vqbet / videomae_large,30,unseen_finetune,L3_TwoRobotPickRemoteControl-v1,L3,TwoRobotPickRemoteControl,0.0,0.2606466397643089,10,20260513_085411,TwoRobotPickRemoteControl
va,vqbet,videomae_large,vqbet / videomae_large,30,unseen_finetune,L0_TwoRobotScanMilkBox-v1,L0,TwoRobotScanMilkBox,0.6,0.6244997024536132,10,20260513_090150,TwoRobotScanMilkBox
va,vqbet,videomae_large,vqbet / videomae_large,30,unseen_finetune,L1_TwoRobotScanMilkBox-v1,L1,TwoRobotScanMilkBox,0.5,0.5003730237483978,10,20260513_090913,TwoRobotScanMilkBox
va,vqbet,videomae_large,vqbet / videomae_large,30,unseen_finetune,L2_TwoRobotScanMilkBox-v1,L2,TwoRobotScanMilkBox,0.3,0.4735211476683617,10,20260513_091552,TwoRobotScanMilkBox
va,vqbet,videomae_large,vqbet / videomae_large,30,unseen_finetune,L3_TwoRobotScanMilkBox-v1,L3,TwoRobotScanMilkBox,0.0,0.1892771631479263,10,20260513_092126,TwoRobotScanMilkBox
va,vqbet,videomae_large,vqbet / videomae_large,30,unseen_finetune,L0_TwoRobotPourKettle-v1,L0,TwoRobotPourKettle,0.0,0.438837419450283,10,20260513_092547,TwoRobotPourKettle
va,vqbet,videomae_large,vqbet / videomae_large,30,unseen_finetune,L1_TwoRobotPourKettle-v1,L1,TwoRobotPourKettle,0.0,0.0932366780936718,10,20260513_093010,TwoRobotPourKettle
va,vqbet,videomae_large,vqbet / videomae_large,30,unseen_finetune,L2_TwoRobotPourKettle-v1,L2,TwoRobotPourKettle,0.0,0.0043481152039021,10,20260513_093438,TwoRobotPourKettle
va,vqbet,videomae_large,vqbet / videomae_large,30,unseen_finetune,L3_TwoRobotPourKettle-v1,L3,TwoRobotPourKettle,0.0,0.0489784756675362,10,20260513_093912,TwoRobotPourKettle
va,vqbet,videomae_large,vqbet / videomae_large,30,unseen_finetune,L0_TwoRobotPickFood-v1,L0,TwoRobotPickFood,0.0,0.4175793021917343,10,20260513_094510,TwoRobotPickFood
va,vqbet,videomae_large,vqbet / videomae_large,30,unseen_finetune,L1_TwoRobotPickFood-v1,L1,TwoRobotPickFood,0.0,0.3143622383475303,10,20260513_095105,TwoRobotPickFood
va,vqbet,videomae_large,vqbet / videomae_large,30,unseen_finetune,L2_TwoRobotPickFood-v1,L2,TwoRobotPickFood,0.0,0.0280243054032325,10,20260513_095700,TwoRobotPickFood
va,vqbet,videomae_large,vqbet / videomae_large,30,unseen_finetune,L3_TwoRobotPickFood-v1,L3,TwoRobotPickFood,0.0,0.4980360001325607,10,20260513_100245,TwoRobotPickFood
va,vqbet,videomae_large,vqbet / videomae_large,30,unseen_finetune,L0_TwoRobotFoldBox-v1,L0,TwoRobotFoldBox,1.0,1.0,10,20260513_100623,TwoRobotFoldBox
va,vqbet,videomae_large,vqbet / videomae_large,30,unseen_finetune,L1_TwoRobotFoldBox-v1,L1,TwoRobotFoldBox,0.9,0.9149158507585524,10,20260513_100959,TwoRobotFoldBox
va,vqbet,videomae_large,vqbet / videomae_large,30,unseen_finetune,L2_TwoRobotFoldBox-v1,L2,TwoRobotFoldBox,0.3,0.4503496386110782,10,20260513_101349,TwoRobotFoldBox
va,vqbet,videomae_large,vqbet / videomae_large,30,unseen_finetune,L3_TwoRobotFoldBox-v1,L3,TwoRobotFoldBox,0.0,0.0226344441995024,10,20260513_101707,TwoRobotFoldBox
va,vqbet,videomae_large,vqbet / videomae_large,30,unseen_scratch,L0_TwoRobotPickRemoteControl-v1,L0,TwoRobotPickRemoteControl,0.4,0.7708292424678802,10,20260515_030438,TwoRobotPickRemoteControl
va,vqbet,videomae_large,vqbet / videomae_large,30,unseen_scratch,L1_TwoRobotPickRemoteControl-v1,L1,TwoRobotPickRemoteControl,0.6,0.7344516575336456,10,20260515_031359,TwoRobotPickRemoteControl
va,vqbet,videomae_large,vqbet / videomae_large,30,unseen_scratch,L2_TwoRobotPickRemoteControl-v1,L2,TwoRobotPickRemoteControl,0.0,0.0077753282617777,10,20260515_032308,TwoRobotPickRemoteControl
va,vqbet,videomae_large,vqbet / videomae_large,30,unseen_scratch,L3_TwoRobotPickRemoteControl-v1,L3,TwoRobotPickRemoteControl,0.0,0.2245220482349395,10,20260515_033148,TwoRobotPickRemoteControl
va,vqbet,videomae_large,vqbet / videomae_large,30,unseen_scratch,L0_TwoRobotScanMilkBox-v1,L0,TwoRobotScanMilkBox,1.0,1.0,10,20260515_033959,TwoRobotScanMilkBox
va,vqbet,videomae_large,vqbet / videomae_large,30,unseen_scratch,L1_TwoRobotScanMilkBox-v1,L1,TwoRobotScanMilkBox,0.9,0.9668826282024384,10,20260515_034757,TwoRobotScanMilkBox
va,vqbet,videomae_large,vqbet / videomae_large,30,unseen_scratch,L2_TwoRobotScanMilkBox-v1,L2,TwoRobotScanMilkBox,0.6,0.7414303094148635,10,20260515_035510,TwoRobotScanMilkBox
va,vqbet,videomae_large,vqbet / videomae_large,30,unseen_scratch,L3_TwoRobotScanMilkBox-v1,L3,TwoRobotScanMilkBox,0.4,0.6823081493377685,10,20260515_040051,TwoRobotScanMilkBox
va,vqbet,videomae_large,vqbet / videomae_large,30,unseen_scratch,L0_TwoRobotPourKettle-v1,L0,TwoRobotPourKettle,0.1,0.2895704180002212,10,20260515_003905,TwoRobotPourKettle
va,vqbet,videomae_large,vqbet / videomae_large,30,unseen_scratch,L1_TwoRobotPourKettle-v1,L1,TwoRobotPourKettle,0.0,0.2655418440699577,10,20260515_004333,TwoRobotPourKettle
va,vqbet,videomae_large,vqbet / videomae_large,30,unseen_scratch,L2_TwoRobotPourKettle-v1,L2,TwoRobotPourKettle,0.0,0.0045294682029634,10,20260515_004758,TwoRobotPourKettle
va,vqbet,videomae_large,vqbet / videomae_large,30,unseen_scratch,L3_TwoRobotPourKettle-v1,L3,TwoRobotPourKettle,0.0,0.1799213960766792,10,20260515_005234,TwoRobotPourKettle
va,vqbet,videomae_large,vqbet / videomae_large,30,unseen_scratch,L0_TwoRobotPickFood-v1,L0,TwoRobotPickFood,0.0,0.6159234344959259,10,20260515_005850,TwoRobotPickFood
va,vqbet,videomae_large,vqbet / videomae_large,30,unseen_scratch,L1_TwoRobotPickFood-v1,L1,TwoRobotPickFood,0.0,0.7194288432598114,10,20260515_010533,TwoRobotPickFood
va,vqbet,videomae_large,vqbet / videomae_large,30,unseen_scratch,L2_TwoRobotPickFood-v1,L2,TwoRobotPickFood,0.0,0.1263930231332778,10,20260515_011232,TwoRobotPickFood
va,vqbet,videomae_large,vqbet / videomae_large,30,unseen_scratch,L3_TwoRobotPickFood-v1,L3,TwoRobotPickFood,0.7,0.8778675049543381,10,20260515_011925,TwoRobotPickFood
va,vqbet,videomae_large,vqbet / videomae_large,30,unseen_scratch,L0_TwoRobotFoldBox-v1,L0,TwoRobotFoldBox,0.3,0.3171525910496712,10,20260515_012344,TwoRobotFoldBox
va,vqbet,videomae_large,vqbet / videomae_large,30,unseen_scratch,L1_TwoRobotFoldBox-v1,L1,TwoRobotFoldBox,0.5,1.0,10,20260515_012755,TwoRobotFoldBox
va,vqbet,videomae_large,vqbet / videomae_large,30,unseen_scratch,L2_TwoRobotFoldBox-v1,L2,TwoRobotFoldBox,0.0,0.0397476985119283,10,20260515_013201,TwoRobotFoldBox
va,vqbet,videomae_large,vqbet / videomae_large,30,unseen_scratch,L3_TwoRobotFoldBox-v1,L3,TwoRobotFoldBox,0.0,0.0101762588135898,10,20260515_013617,TwoRobotFoldBox
va,vqbet,videomae_large,vqbet / videomae_large,45,seen,L0_TwoRobotStirSpoon-v1,L0,TwoRobotStirSpoon,0.0,0.1313057050108909,10,20260513_011119,TwoRobotStirSpoon
va,vqbet,videomae_large,vqbet / videomae_large,45,seen,L1_TwoRobotStirSpoon-v1,L1,TwoRobotStirSpoon,0.0,0.2066372312605381,10,20260513_012003,TwoRobotStirSpoon
va,vqbet,videomae_large,vqbet / videomae_large,45,seen,L2_TwoRobotStirSpoon-v1,L2,TwoRobotStirSpoon,0.0,0.0075326403137296,10,20260513_013329,TwoRobotStirSpoon
va,vqbet,videomae_large,vqbet / videomae_large,45,seen,L3_TwoRobotStirSpoon-v1,L3,TwoRobotStirSpoon,0.0,0.4468637824058533,10,20260513_014736,TwoRobotStirSpoon
va,vqbet,videomae_large,vqbet / videomae_large,45,seen,L0_TwoRobotPlacePlateRack-v1,L0,TwoRobotPlacePlateRack,0.0,0.3736930280923843,10,20260513_020756,TwoRobotPlacePlateRack
va,vqbet,videomae_large,vqbet / videomae_large,45,seen,L1_TwoRobotPlacePlateRack-v1,L1,TwoRobotPlacePlateRack,0.1,0.4980388939380645,10,20260513_022645,TwoRobotPlacePlateRack
va,vqbet,videomae_large,vqbet / videomae_large,45,seen,L2_TwoRobotPlacePlateRack-v1,L2,TwoRobotPlacePlateRack,0.0,0.349877706170082,10,20260513_024556,TwoRobotPlacePlateRack
va,vqbet,videomae_large,vqbet / videomae_large,45,seen,L3_TwoRobotPlacePlateRack-v1,L3,TwoRobotPlacePlateRack,0.0,0.1456918537616729,10,20260513_025807,TwoRobotPlacePlateRack
va,vqbet,videomae_large,vqbet / videomae_large,45,seen,L0_TwoRobotPlaceFileFolder-v1,L0,TwoRobotPlaceFileFolder,0.6,0.8054059863090515,10,20260513_030938,TwoRobotPlaceFileFolder
va,vqbet,videomae_large,vqbet / videomae_large,45,seen,L1_TwoRobotPlaceFileFolder-v1,L1,TwoRobotPlaceFileFolder,0.8,0.8936399161815644,10,20260513_032105,TwoRobotPlaceFileFolder
va,vqbet,videomae_large,vqbet / videomae_large,45,seen,L2_TwoRobotPlaceFileFolder-v1,L2,TwoRobotPlaceFileFolder,0.6,0.771216881275177,10,20260513_033206,TwoRobotPlaceFileFolder
va,vqbet,videomae_large,vqbet / videomae_large,45,seen,L3_TwoRobotPlaceFileFolder-v1,L3,TwoRobotPlaceFileFolder,1.0,1.0,10,20260513_034209,TwoRobotPlaceFileFolder
va,vqbet,videomae_large,vqbet / videomae_large,45,seen,L0_TwoRobotFoldTowel-v1,L0,TwoRobotFoldTowel,0.8,0.9666666626930236,10,20260513_035752,TwoRobotFoldTowel
va,vqbet,videomae_large,vqbet / videomae_large,45,seen,L1_TwoRobotFoldTowel-v1,L1,TwoRobotFoldTowel,0.0,0.1157223455607891,10,20260513_041438,TwoRobotFoldTowel
va,vqbet,videomae_large,vqbet / videomae_large,45,seen,L2_TwoRobotFoldTowel-v1,L2,TwoRobotFoldTowel,0.0,0.2085317477583885,10,20260513_043102,TwoRobotFoldTowel
va,vqbet,videomae_large,vqbet / videomae_large,45,seen,L3_TwoRobotFoldTowel-v1,L3,TwoRobotFoldTowel,0.2,0.531346645951271,10,20260513_044426,TwoRobotFoldTowel
va,vqbet,videomae_large,vqbet / videomae_large,45,seen,L0_TwoRobotPlaceMugRack-v1,L0,TwoRobotPlaceMugRack,0.0,0.1557026371359825,10,20260513_044857,TwoRobotPlaceMugRack
va,vqbet,videomae_large,vqbet / videomae_large,45,seen,L1_TwoRobotPlaceMugRack-v1,L1,TwoRobotPlaceMugRack,0.0,0.0673074468970298,10,20260513_045248,TwoRobotPlaceMugRack
va,vqbet,videomae_large,vqbet / videomae_large,45,seen,L2_TwoRobotPlaceMugRack-v1,L2,TwoRobotPlaceMugRack,0.0,0.0004383772611618,10,20260513_045632,TwoRobotPlaceMugRack
va,vqbet,videomae_large,vqbet / videomae_large,45,seen,L3_TwoRobotPlaceMugRack-v1,L3,TwoRobotPlaceMugRack,0.0,0.12148048132658,10,20260513_045937,TwoRobotPlaceMugRack
va,vqbet,videomae_large,vqbet / videomae_large,45,unseen,L0_TwoRobotPickRemoteControl-v1,L0,TwoRobotPickRemoteControl,0.0,0.2781530410051346,10,20260509_205051,TwoRobotPickRemoteControl
va,vqbet,videomae_large,vqbet / videomae_large,45,unseen,L1_TwoRobotPickRemoteControl-v1,L1,TwoRobotPickRemoteControl,0.0,0.1942979082465172,10,20260509_210224,TwoRobotPickRemoteControl
va,vqbet,videomae_large,vqbet / videomae_large,45,unseen,L2_TwoRobotPickRemoteControl-v1,L2,TwoRobotPickRemoteControl,0.0,0.0076506614685058,10,20260509_211319,TwoRobotPickRemoteControl
va,vqbet,videomae_large,vqbet / videomae_large,45,unseen,L3_TwoRobotPickRemoteControl-v1,L3,TwoRobotPickRemoteControl,0.1,0.2968509837985039,10,20260509_212325,TwoRobotPickRemoteControl
va,vqbet,videomae_large,vqbet / videomae_large,45,unseen,L0_TwoRobotScanMilkBox-v1,L0,TwoRobotScanMilkBox,0.0,0.3428271353244781,10,20260509_213146,TwoRobotScanMilkBox
va,vqbet,videomae_large,vqbet / videomae_large,45,unseen,L1_TwoRobotScanMilkBox-v1,L1,TwoRobotScanMilkBox,0.0,0.3086062386631966,10,20260509_214001,TwoRobotScanMilkBox
va,vqbet,videomae_large,vqbet / videomae_large,45,unseen,L2_TwoRobotScanMilkBox-v1,L2,TwoRobotScanMilkBox,0.0,0.111951102130115,10,20260509_214827,TwoRobotScanMilkBox
va,vqbet,videomae_large,vqbet / videomae_large,45,unseen,L3_TwoRobotScanMilkBox-v1,L3,TwoRobotScanMilkBox,0.0,0.1606880471110344,10,20260509_215539,TwoRobotScanMilkBox
va,vqbet,videomae_large,vqbet / videomae_large,45,unseen,L0_TwoRobotPourKettle-v1,L0,TwoRobotPourKettle,0.0,0.130431117862463,10,20260509_220126,TwoRobotPourKettle
va,vqbet,videomae_large,vqbet / videomae_large,45,unseen,L1_TwoRobotPourKettle-v1,L1,TwoRobotPourKettle,0.0,0.1278834708034992,10,20260509_220658,TwoRobotPourKettle
va,vqbet,videomae_large,vqbet / videomae_large,45,unseen,L2_TwoRobotPourKettle-v1,L2,TwoRobotPourKettle,0.0,0.0046607494587078,10,20260509_221248,TwoRobotPourKettle
va,vqbet,videomae_large,vqbet / videomae_large,45,unseen,L3_TwoRobotPourKettle-v1,L3,TwoRobotPourKettle,0.0,0.1098186705261468,10,20260509_221838,TwoRobotPourKettle
va,vqbet,videomae_large,vqbet / videomae_large,45,unseen,L0_TwoRobotPickFood-v1,L0,TwoRobotPickFood,0.0,0.1972299516201019,10,20260509_222610,TwoRobotPickFood
va,vqbet,videomae_large,vqbet / videomae_large,45,unseen,L1_TwoRobotPickFood-v1,L1,TwoRobotPickFood,0.0,0.1757218614220619,10,20260509_223327,TwoRobotPickFood
va,vqbet,videomae_large,vqbet / videomae_large,45,unseen,L2_TwoRobotPickFood-v1,L2,TwoRobotPickFood,0.0,0.0135891467332839,10,20260509_224039,TwoRobotPickFood
va,vqbet,videomae_large,vqbet / videomae_large,45,unseen,L3_TwoRobotPickFood-v1,L3,TwoRobotPickFood,0.0,0.1889635980129242,10,20260509_224800,TwoRobotPickFood
va,vqbet,videomae_large,vqbet / videomae_large,45,unseen,L0_TwoRobotFoldBox-v1,L0,TwoRobotFoldBox,0.0,0.0021090259077027,10,20260509_225241,TwoRobotFoldBox
va,vqbet,videomae_large,vqbet / videomae_large,45,unseen,L1_TwoRobotFoldBox-v1,L1,TwoRobotFoldBox,1.0,1.0,10,20260509_225731,TwoRobotFoldBox
va,vqbet,videomae_large,vqbet / videomae_large,45,unseen,L2_TwoRobotFoldBox-v1,L2,TwoRobotFoldBox,0.4,0.4056072959210723,10,20260509_230249,TwoRobotFoldBox
va,vqbet,videomae_large,vqbet / videomae_large,45,unseen,L3_TwoRobotFoldBox-v1,L3,TwoRobotFoldBox,0.0,0.0208453030325472,10,20260509_230754,TwoRobotFoldBox
va,vqbet,videomae_large,vqbet / videomae_large,45,unseen_finetune,L0_TwoRobotPickRemoteControl-v1,L0,TwoRobotPickRemoteControl,0.6,0.7887466073036193,10,20260512_154131,TwoRobotPickRemoteControl
va,vqbet,videomae_large,vqbet / videomae_large,45,unseen_finetune,L1_TwoRobotPickRemoteControl-v1,L1,TwoRobotPickRemoteControl,0.6,0.9349815607070924,10,20260512_155719,TwoRobotPickRemoteControl
va,vqbet,videomae_large,vqbet / videomae_large,45,unseen_finetune,L2_TwoRobotPickRemoteControl-v1,L2,TwoRobotPickRemoteControl,0.0,0.0079367637634277,10,20260513_020342,TwoRobotPickRemoteControl
va,vqbet,videomae_large,vqbet / videomae_large,45,unseen_finetune,L3_TwoRobotPickRemoteControl-v1,L3,TwoRobotPickRemoteControl,0.4,0.6014892652630806,10,20260513_021620,TwoRobotPickRemoteControl
va,vqbet,videomae_large,vqbet / videomae_large,45,unseen_finetune,L0_TwoRobotScanMilkBox-v1,L0,TwoRobotScanMilkBox,0.0,0.4756855964660644,10,20260513_022825,TwoRobotScanMilkBox
va,vqbet,videomae_large,vqbet / videomae_large,45,unseen_finetune,L1_TwoRobotScanMilkBox-v1,L1,TwoRobotScanMilkBox,0.1,0.6252979308366775,10,20260513_024139,TwoRobotScanMilkBox
va,vqbet,videomae_large,vqbet / videomae_large,45,unseen_finetune,L2_TwoRobotScanMilkBox-v1,L2,TwoRobotScanMilkBox,0.0,0.2461057551205158,10,20260513_025454,TwoRobotScanMilkBox
va,vqbet,videomae_large,vqbet / videomae_large,45,unseen_finetune,L3_TwoRobotScanMilkBox-v1,L3,TwoRobotScanMilkBox,0.0,0.1879884675145149,10,20260513_030626,TwoRobotScanMilkBox
va,vqbet,videomae_large,vqbet / videomae_large,45,unseen_finetune,L0_TwoRobotPourKettle-v1,L0,TwoRobotPourKettle,0.0,0.2461053363978863,10,20260513_031558,TwoRobotPourKettle
va,vqbet,videomae_large,vqbet / videomae_large,45,unseen_finetune,L1_TwoRobotPourKettle-v1,L1,TwoRobotPourKettle,0.0,0.1623106904327869,10,20260513_032506,TwoRobotPourKettle
va,vqbet,videomae_large,vqbet / videomae_large,45,unseen_finetune,L2_TwoRobotPourKettle-v1,L2,TwoRobotPourKettle,0.0,0.0045342366211116,10,20260513_033355,TwoRobotPourKettle
va,vqbet,videomae_large,vqbet / videomae_large,45,unseen_finetune,L3_TwoRobotPourKettle-v1,L3,TwoRobotPourKettle,0.0,0.2128722935914993,10,20260513_034256,TwoRobotPourKettle
va,vqbet,videomae_large,vqbet / videomae_large,45,unseen_finetune,L0_TwoRobotPickFood-v1,L0,TwoRobotPickFood,0.0,0.5079476028680802,10,20260513_035406,TwoRobotPickFood
va,vqbet,videomae_large,vqbet / videomae_large,45,unseen_finetune,L1_TwoRobotPickFood-v1,L1,TwoRobotPickFood,0.1,0.5183026790618896,10,20260513_040537,TwoRobotPickFood
va,vqbet,videomae_large,vqbet / videomae_large,45,unseen_finetune,L2_TwoRobotPickFood-v1,L2,TwoRobotPickFood,0.0,0.1799782648682594,10,20260513_041654,TwoRobotPickFood
va,vqbet,videomae_large,vqbet / videomae_large,45,unseen_finetune,L3_TwoRobotPickFood-v1,L3,TwoRobotPickFood,0.3,0.7110574901103973,10,20260513_042756,TwoRobotPickFood
va,vqbet,videomae_large,vqbet / videomae_large,45,unseen_finetune,L0_TwoRobotFoldBox-v1,L0,TwoRobotFoldBox,0.3,0.3627543039619922,10,20260513_043451,TwoRobotFoldBox
va,vqbet,videomae_large,vqbet / videomae_large,45,unseen_finetune,L1_TwoRobotFoldBox-v1,L1,TwoRobotFoldBox,0.9,1.0,10,20260513_043955,TwoRobotFoldBox
va,vqbet,videomae_large,vqbet / videomae_large,45,unseen_finetune,L2_TwoRobotFoldBox-v1,L2,TwoRobotFoldBox,0.9,0.9999999940395355,10,20260513_044358,TwoRobotFoldBox
va,vqbet,videomae_large,vqbet / videomae_large,45,unseen_finetune,L3_TwoRobotFoldBox-v1,L3,TwoRobotFoldBox,0.0,0.0122028367593884,10,20260513_044732,TwoRobotFoldBox
va,vqbet,videomae_large,vqbet / videomae_large,45,unseen_scratch,L0_TwoRobotPourKettle-v1,L0,TwoRobotPourKettle,0.1,0.2347194671630859,10,20260515_003906,TwoRobotPourKettle
va,vqbet,videomae_large,vqbet / videomae_large,45,unseen_scratch,L1_TwoRobotPourKettle-v1,L1,TwoRobotPourKettle,0.7,0.7954246640205384,10,20260515_004334,TwoRobotPourKettle
va,vqbet,videomae_large,vqbet / videomae_large,45,unseen_scratch,L2_TwoRobotPourKettle-v1,L2,TwoRobotPourKettle,0.0,0.0044130007736384,10,20260515_004803,TwoRobotPourKettle
va,vqbet,videomae_large,vqbet / videomae_large,45,unseen_scratch,L3_TwoRobotPourKettle-v1,L3,TwoRobotPourKettle,0.0,0.1802465468645095,10,20260515_005238,TwoRobotPourKettle
va,vqbet,videomae_large,vqbet / videomae_large,45,unseen_scratch,L0_TwoRobotPickFood-v1,L0,TwoRobotPickFood,0.1,0.68566235601902,10,20260515_005853,TwoRobotPickFood
va,vqbet,videomae_large,vqbet / videomae_large,45,unseen_scratch,L1_TwoRobotPickFood-v1,L1,TwoRobotPickFood,0.0,0.6394688993692398,10,20260515_010533,TwoRobotPickFood
va,vqbet,videomae_large,vqbet / videomae_large,45,unseen_scratch,L2_TwoRobotPickFood-v1,L2,TwoRobotPickFood,0.0,0.1691135123372077,10,20260515_011230,TwoRobotPickFood
va,vqbet,videomae_large,vqbet / videomae_large,45,unseen_scratch,L3_TwoRobotPickFood-v1,L3,TwoRobotPickFood,0.2,0.7011954843997955,10,20260515_011923,TwoRobotPickFood
va,vqbet,videomae_large,vqbet / videomae_large,45,unseen_scratch,L0_TwoRobotFoldBox-v1,L0,TwoRobotFoldBox,0.8,0.8059716330841183,10,20260515_012340,TwoRobotFoldBox
va,vqbet,videomae_large,vqbet / videomae_large,45,unseen_scratch,L1_TwoRobotFoldBox-v1,L1,TwoRobotFoldBox,0.6,0.8698646068572998,10,20260515_012752,TwoRobotFoldBox
va,vqbet,videomae_large,vqbet / videomae_large,45,unseen_scratch,L2_TwoRobotFoldBox-v1,L2,TwoRobotFoldBox,0.0,0.0018070700694806,10,20260515_013201,TwoRobotFoldBox
va,vqbet,videomae_large,vqbet / videomae_large,45,unseen_scratch,L3_TwoRobotFoldBox-v1,L3,TwoRobotFoldBox,1.0,1.0,10,20260515_013614,TwoRobotFoldBox
va,vqbet,videomae_large,vqbet / videomae_large,45,unseen_scratch,L0_TwoRobotPickRemoteControl-v1,L0,TwoRobotPickRemoteControl,0.0,0.5619965612888336,10,20260515_031747,TwoRobotPickRemoteControl
va,vqbet,videomae_large,vqbet / videomae_large,45,unseen_scratch,L1_TwoRobotPickRemoteControl-v1,L1,TwoRobotPickRemoteControl,0.1,0.4602710843086243,10,20260515_032655,TwoRobotPickRemoteControl
va,vqbet,videomae_large,vqbet / videomae_large,45,unseen_scratch,L2_TwoRobotPickRemoteControl-v1,L2,TwoRobotPickRemoteControl,0.0,0.0077379370108246,10,20260515_033440,TwoRobotPickRemoteControl
va,vqbet,videomae_large,vqbet / videomae_large,45,unseen_scratch,L3_TwoRobotPickRemoteControl-v1,L3,TwoRobotPickRemoteControl,0.0,0.2150463312864303,10,20260515_034201,TwoRobotPickRemoteControl
va,vqbet,videomae_large,vqbet / videomae_large,45,unseen_scratch,L0_TwoRobotScanMilkBox-v1,L0,TwoRobotScanMilkBox,1.0,1.0,10,20260515_034959,TwoRobotScanMilkBox
va,vqbet,videomae_large,vqbet / videomae_large,45,unseen_scratch,L1_TwoRobotScanMilkBox-v1,L1,TwoRobotScanMilkBox,1.0,1.0,10,20260515_035800,TwoRobotScanMilkBox
va,vqbet,videomae_large,vqbet / videomae_large,45,unseen_scratch,L2_TwoRobotScanMilkBox-v1,L2,TwoRobotScanMilkBox,0.5,0.6372774630784989,10,20260515_040500,TwoRobotScanMilkBox
va,vqbet,videomae_large,vqbet / videomae_large,45,unseen_scratch,L3_TwoRobotScanMilkBox-v1,L3,TwoRobotScanMilkBox,0.2,0.5999419569969178,10,20260515_041032,TwoRobotScanMilkBox
xskill,xskill,unknown,xskill,15,seen,L0_TwoRobotStirSpoon-v1,L0,TwoRobotStirSpoon,0.9,0.9386736750602722,10,20260510_082008,TwoRobotStirSpoon
xskill,xskill,unknown,xskill,15,seen,L0_TwoRobotPlacePlateRack-v1,L0,TwoRobotPlacePlateRack,0.9,0.9351330757141112,10,20260510_083511,TwoRobotPlacePlateRack
xskill,xskill,unknown,xskill,15,seen,L0_TwoRobotPlaceFileFolder-v1,L0,TwoRobotPlaceFileFolder,0.9,0.941776019334793,10,20260510_084428,TwoRobotPlaceFileFolder
xskill,xskill,unknown,xskill,15,seen,L0_TwoRobotFoldTowel-v1,L0,TwoRobotFoldTowel,0.8,0.9110321938991548,10,20260510_085652,TwoRobotFoldTowel
xskill,xskill,unknown,xskill,15,seen,L0_TwoRobotPlaceMugRack-v1,L0,TwoRobotPlaceMugRack,0.9,0.9921858966350556,10,20260510_090535,TwoRobotPlaceMugRack
xskill,xskill,unknown,xskill,15,seen,L1_TwoRobotStirSpoon-v1,L1,TwoRobotStirSpoon,0.8,0.9324741899967194,10,20260510_082008,TwoRobotStirSpoon
xskill,xskill,unknown,xskill,15,seen,L1_TwoRobotPlacePlateRack-v1,L1,TwoRobotPlacePlateRack,0.7,1.0,10,20260510_083507,TwoRobotPlacePlateRack
xskill,xskill,unknown,xskill,15,seen,L1_TwoRobotPlaceFileFolder-v1,L1,TwoRobotPlaceFileFolder,0.8,0.9150777518749236,10,20260510_084426,TwoRobotPlaceFileFolder
xskill,xskill,unknown,xskill,15,seen,L1_TwoRobotFoldTowel-v1,L1,TwoRobotFoldTowel,1.0,1.0,10,20260510_085650,TwoRobotFoldTowel
xskill,xskill,unknown,xskill,15,seen,L1_TwoRobotPlaceMugRack-v1,L1,TwoRobotPlaceMugRack,1.0,1.0,10,20260510_090534,TwoRobotPlaceMugRack
xskill,xskill,unknown,xskill,15,seen,L2_TwoRobotStirSpoon-v1,L2,TwoRobotStirSpoon,1.0,1.0,10,20260510_082008,TwoRobotStirSpoon
xskill,xskill,unknown,xskill,15,seen,L2_TwoRobotPlacePlateRack-v1,L2,TwoRobotPlacePlateRack,0.6,1.0,10,20260510_083437,TwoRobotPlacePlateRack
xskill,xskill,unknown,xskill,15,seen,L2_TwoRobotPlaceFileFolder-v1,L2,TwoRobotPlaceFileFolder,0.2,0.3947736114263535,10,20260510_084347,TwoRobotPlaceFileFolder
xskill,xskill,unknown,xskill,15,seen,L2_TwoRobotFoldTowel-v1,L2,TwoRobotFoldTowel,0.8,0.9127318486571312,10,20260510_085638,TwoRobotFoldTowel
xskill,xskill,unknown,xskill,15,seen,L2_TwoRobotPlaceMugRack-v1,L2,TwoRobotPlaceMugRack,0.9,1.0,10,20260510_090520,TwoRobotPlaceMugRack
xskill,xskill,unknown,xskill,15,seen,L3_TwoRobotStirSpoon-v1,L3,TwoRobotStirSpoon,0.4,0.5576860249042511,10,20260510_082009,TwoRobotStirSpoon
xskill,xskill,unknown,xskill,15,seen,L3_TwoRobotPlacePlateRack-v1,L3,TwoRobotPlacePlateRack,0.9,1.0,10,20260510_082916,TwoRobotPlacePlateRack
xskill,xskill,unknown,xskill,15,seen,L3_TwoRobotPlaceFileFolder-v1,L3,TwoRobotPlaceFileFolder,0.8,0.8901429504156113,10,20260510_083652,TwoRobotPlaceFileFolder
xskill,xskill,unknown,xskill,15,seen,L3_TwoRobotFoldTowel-v1,L3,TwoRobotFoldTowel,0.7,0.9010818272829056,10,20260510_085022,TwoRobotFoldTowel
xskill,xskill,unknown,xskill,15,seen,L3_TwoRobotPlaceMugRack-v1,L3,TwoRobotPlaceMugRack,0.9,1.0,10,20260510_085844,TwoRobotPlaceMugRack
xskill,xskill,unknown,xskill,15,unseen,L0_TwoRobotPickRemoteControl-v1,L0,TwoRobotPickRemoteControl,0.0,0.202205741405487,10,20260510_094421,TwoRobotPickRemoteControl
xskill,xskill,unknown,xskill,15,unseen,L0_TwoRobotPourKettle-v1,L0,TwoRobotPourKettle,0.5,0.8007576495409012,10,20260510_095656,TwoRobotPourKettle
xskill,xskill,unknown,xskill,15,unseen,L0_TwoRobotFoldBox-v1,L0,TwoRobotFoldBox,0.2,0.2305311745032668,10,20260510_100607,TwoRobotFoldBox
xskill,xskill,unknown,xskill,15,unseen,L1_TwoRobotPickRemoteControl-v1,L1,TwoRobotPickRemoteControl,0.0,0.1738983660936355,10,20260510_094431,TwoRobotPickRemoteControl
xskill,xskill,unknown,xskill,15,unseen,L1_TwoRobotPourKettle-v1,L1,TwoRobotPourKettle,0.0,0.2096773236989975,10,20260510_095656,TwoRobotPourKettle
xskill,xskill,unknown,xskill,15,unseen,L1_TwoRobotFoldBox-v1,L1,TwoRobotFoldBox,0.9,0.9059204403311014,10,20260510_100601,TwoRobotFoldBox
xskill,xskill,unknown,xskill,15,unseen,L2_TwoRobotPickRemoteControl-v1,L2,TwoRobotPickRemoteControl,0.0,0.0077983999159187,10,20260510_094412,TwoRobotPickRemoteControl
xskill,xskill,unknown,xskill,15,unseen,L2_TwoRobotPourKettle-v1,L2,TwoRobotPourKettle,0.0,0.0046578526496887,10,20260510_095630,TwoRobotPourKettle
xskill,xskill,unknown,xskill,15,unseen,L2_TwoRobotFoldBox-v1,L2,TwoRobotFoldBox,1.0,1.0,10,20260510_100541,TwoRobotFoldBox
xskill,xskill,unknown,xskill,15,unseen,L3_TwoRobotPickRemoteControl-v1,L3,TwoRobotPickRemoteControl,0.0,0.2367302417755127,10,20260510_094435,TwoRobotPickRemoteControl
xskill,xskill,unknown,xskill,15,unseen,L3_TwoRobotPourKettle-v1,L3,TwoRobotPourKettle,0.0,0.190675576031208,10,20260510_095658,TwoRobotPourKettle
xskill,xskill,unknown,xskill,15,unseen,L3_TwoRobotFoldBox-v1,L3,TwoRobotFoldBox,0.3,0.3340160559862852,10,20260510_100630,TwoRobotFoldBox
xskill,xskill,unknown,xskill,15,unseen,L0_TwoRobotScanMilkBox-v1,L0,TwoRobotScanMilkBox,0.0,0.2877032861113548,10,20260510_094548,TwoRobotScanMilkBox
xskill,xskill,unknown,xskill,15,unseen,L0_TwoRobotPickFood-v1,L0,TwoRobotPickFood,0.0,0.1897687897086143,10,20260510_100057,TwoRobotPickFood
xskill,xskill,unknown,xskill,15,unseen,L1_TwoRobotScanMilkBox-v1,L1,TwoRobotScanMilkBox,0.0,0.3426981464028358,10,20260510_094557,TwoRobotScanMilkBox
xskill,xskill,unknown,xskill,15,unseen,L1_TwoRobotPickFood-v1,L1,TwoRobotPickFood,0.0,0.1676536992192268,10,20260510_100116,TwoRobotPickFood
xskill,xskill,unknown,xskill,15,unseen,L2_TwoRobotScanMilkBox-v1,L2,TwoRobotScanMilkBox,0.0,0.115823558345437,10,20260510_094435,TwoRobotScanMilkBox
xskill,xskill,unknown,xskill,15,unseen,L2_TwoRobotPickFood-v1,L2,TwoRobotPickFood,0.0,0.0167271479964256,10,20260510_100002,TwoRobotPickFood
xskill,xskill,unknown,xskill,15,unseen,L3_TwoRobotScanMilkBox-v1,L3,TwoRobotScanMilkBox,0.0,0.1732879191637039,10,20260510_094214,TwoRobotScanMilkBox
xskill,xskill,unknown,xskill,15,unseen,L3_TwoRobotPickFood-v1,L3,TwoRobotPickFood,0.0,0.2036866962909698,10,20260510_095718,TwoRobotPickFood
xskill,xskill,unknown,xskill,15,unseen_finetune,L0_TwoRobotPickRemoteControl-v1,L0,TwoRobotPickRemoteControl,1.0,1.0,10,20260510_091625,TwoRobotPickRemoteControl
xskill,xskill,unknown,xskill,15,unseen_finetune,L0_TwoRobotScanMilkBox-v1,L0,TwoRobotScanMilkBox,0.3,0.7139909148216248,10,20260510_092932,TwoRobotScanMilkBox
xskill,xskill,unknown,xskill,15,unseen_finetune,L0_TwoRobotPourKettle-v1,L0,TwoRobotPourKettle,1.0,1.0,10,20260510_093906,TwoRobotPourKettle
xskill,xskill,unknown,xskill,15,unseen_finetune,L0_TwoRobotPickFood-v1,L0,TwoRobotPickFood,0.6,0.833831524848938,10,20260510_095037,TwoRobotPickFood
xskill,xskill,unknown,xskill,15,unseen_finetune,L0_TwoRobotFoldBox-v1,L0,TwoRobotFoldBox,1.0,1.0,10,20260510_095848,TwoRobotFoldBox
xskill,xskill,unknown,xskill,15,unseen_finetune,L1_TwoRobotPickRemoteControl-v1,L1,TwoRobotPickRemoteControl,1.0,1.0,10,20260510_091626,TwoRobotPickRemoteControl
xskill,xskill,unknown,xskill,15,unseen_finetune,L1_TwoRobotScanMilkBox-v1,L1,TwoRobotScanMilkBox,0.5,0.7531697034835816,10,20260510_092937,TwoRobotScanMilkBox
xskill,xskill,unknown,xskill,15,unseen_finetune,L1_TwoRobotPourKettle-v1,L1,TwoRobotPourKettle,0.9,0.9680353939533234,10,20260510_093922,TwoRobotPourKettle
xskill,xskill,unknown,xskill,15,unseen_finetune,L1_TwoRobotPickFood-v1,L1,TwoRobotPickFood,0.1,0.646091890335083,10,20260510_095046,TwoRobotPickFood
xskill,xskill,unknown,xskill,15,unseen_finetune,L1_TwoRobotFoldBox-v1,L1,TwoRobotFoldBox,0.4,0.4092666660435498,10,20260510_095858,TwoRobotFoldBox
xskill,xskill,unknown,xskill,15,unseen_finetune,L2_TwoRobotPickRemoteControl-v1,L2,TwoRobotPickRemoteControl,1.0,1.0,10,20260510_091610,TwoRobotPickRemoteControl
xskill,xskill,unknown,xskill,15,unseen_finetune,L2_TwoRobotScanMilkBox-v1,L2,TwoRobotScanMilkBox,0.7,0.747765950113535,10,20260510_092819,TwoRobotScanMilkBox
xskill,xskill,unknown,xskill,15,unseen_finetune,L2_TwoRobotPourKettle-v1,L2,TwoRobotPourKettle,0.0,0.0139684836380183,10,20260510_093754,TwoRobotPourKettle
xskill,xskill,unknown,xskill,15,unseen_finetune,L2_TwoRobotPickFood-v1,L2,TwoRobotPickFood,0.0,0.417663462460041,10,20260510_094913,TwoRobotPickFood
xskill,xskill,unknown,xskill,15,unseen_finetune,L2_TwoRobotFoldBox-v1,L2,TwoRobotFoldBox,0.9,0.9004841631744057,10,20260510_095741,TwoRobotFoldBox
xskill,xskill,unknown,xskill,15,unseen_finetune,L3_TwoRobotPickRemoteControl-v1,L3,TwoRobotPickRemoteControl,0.9,1.0,10,20260510_091632,TwoRobotPickRemoteControl
xskill,xskill,unknown,xskill,15,unseen_finetune,L3_TwoRobotScanMilkBox-v1,L3,TwoRobotScanMilkBox,0.5,0.6735994070768356,10,20260510_092653,TwoRobotScanMilkBox
xskill,xskill,unknown,xskill,15,unseen_finetune,L3_TwoRobotPourKettle-v1,L3,TwoRobotPourKettle,0.8,0.8990439802408219,10,20260510_093625,TwoRobotPourKettle
xskill,xskill,unknown,xskill,15,unseen_finetune,L3_TwoRobotPickFood-v1,L3,TwoRobotPickFood,0.1,0.6404689431190491,10,20260510_094744,TwoRobotPickFood
xskill,xskill,unknown,xskill,15,unseen_finetune,L3_TwoRobotFoldBox-v1,L3,TwoRobotFoldBox,1.0,1.0,10,20260510_095618,TwoRobotFoldBox
xskill,xskill,unknown,xskill,15,unseen_scratch,L0_TwoRobotPickRemoteControl-v1,L0,TwoRobotPickRemoteControl,0.9,0.945428991317749,10,20260516_083906,TwoRobotPickRemoteControl
xskill,xskill,unknown,xskill,15,unseen_scratch,L0_TwoRobotScanMilkBox-v1,L0,TwoRobotScanMilkBox,0.0,0.5448875427246094,10,20260516_092401,TwoRobotScanMilkBox
xskill,xskill,unknown,xskill,15,unseen_scratch,L0_TwoRobotPourKettle-v1,L0,TwoRobotPourKettle,0.6,0.8688837468624115,10,20260516_100007,TwoRobotPourKettle
xskill,xskill,unknown,xskill,15,unseen_scratch,L0_TwoRobotPickFood-v1,L0,TwoRobotPickFood,0.0,0.4733939856290817,10,20260516_103932,TwoRobotPickFood
xskill,xskill,unknown,xskill,15,unseen_scratch,L0_TwoRobotFoldBox-v1,L0,TwoRobotFoldBox,0.9,0.9020849734544754,10,20260516_111418,TwoRobotFoldBox
xskill,xskill,unknown,xskill,15,unseen_scratch,L1_TwoRobotPickRemoteControl-v1,L1,TwoRobotPickRemoteControl,0.9,1.0,10,20260516_083906,TwoRobotPickRemoteControl
xskill,xskill,unknown,xskill,15,unseen_scratch,L1_TwoRobotScanMilkBox-v1,L1,TwoRobotScanMilkBox,0.0,0.421789476275444,10,20260516_092354,TwoRobotScanMilkBox
xskill,xskill,unknown,xskill,15,unseen_scratch,L1_TwoRobotPourKettle-v1,L1,TwoRobotPourKettle,0.8,0.9344366550445556,10,20260516_100019,TwoRobotPourKettle
xskill,xskill,unknown,xskill,15,unseen_scratch,L1_TwoRobotPickFood-v1,L1,TwoRobotPickFood,0.0,0.4030816078186035,10,20260516_103928,TwoRobotPickFood
xskill,xskill,unknown,xskill,15,unseen_scratch,L1_TwoRobotFoldBox-v1,L1,TwoRobotFoldBox,1.0,1.0,10,20260516_111354,TwoRobotFoldBox
xskill,xskill,unknown,xskill,15,unseen_scratch,L2_TwoRobotPickRemoteControl-v1,L2,TwoRobotPickRemoteControl,0.1,0.1074570680968463,10,20260516_083905,TwoRobotPickRemoteControl
xskill,xskill,unknown,xskill,15,unseen_scratch,L2_TwoRobotScanMilkBox-v1,L2,TwoRobotScanMilkBox,0.0,0.1309260308742523,10,20260516_092159,TwoRobotScanMilkBox
xskill,xskill,unknown,xskill,15,unseen_scratch,L2_TwoRobotPourKettle-v1,L2,TwoRobotPourKettle,0.0,0.0079132238868623,10,20260516_095757,TwoRobotPourKettle
xskill,xskill,unknown,xskill,15,unseen_scratch,L2_TwoRobotPickFood-v1,L2,TwoRobotPickFood,0.0,0.1685696497559547,10,20260516_103656,TwoRobotPickFood
xskill,xskill,unknown,xskill,15,unseen_scratch,L2_TwoRobotFoldBox-v1,L2,TwoRobotFoldBox,1.0,1.0,10,20260516_111354,TwoRobotFoldBox
xskill,xskill,unknown,xskill,15,unseen_scratch,L3_TwoRobotPickRemoteControl-v1,L3,TwoRobotPickRemoteControl,0.9,0.9609563291072846,10,20260516_083906,TwoRobotPickRemoteControl
xskill,xskill,unknown,xskill,15,unseen_scratch,L3_TwoRobotScanMilkBox-v1,L3,TwoRobotScanMilkBox,0.3,0.523060430586338,10,20260516_091845,TwoRobotScanMilkBox
xskill,xskill,unknown,xskill,15,unseen_scratch,L3_TwoRobotPourKettle-v1,L3,TwoRobotPourKettle,0.0,0.2439634345471859,10,20260516_095431,TwoRobotPourKettle
xskill,xskill,unknown,xskill,15,unseen_scratch,L3_TwoRobotPickFood-v1,L3,TwoRobotPickFood,0.0,0.4478205233812332,10,20260516_103319,TwoRobotPickFood
xskill,xskill,unknown,xskill,15,unseen_scratch,L3_TwoRobotFoldBox-v1,L3,TwoRobotFoldBox,1.0,1.0,10,20260516_111332,TwoRobotFoldBox
xskill,xskill,unknown,xskill,30,seen,L0_TwoRobotStirSpoon-v1,L0,TwoRobotStirSpoon,0.8,0.8939287036657333,10,20260510_054722,TwoRobotStirSpoon
xskill,xskill,unknown,xskill,30,seen,L0_TwoRobotPlacePlateRack-v1,L0,TwoRobotPlacePlateRack,0.9,0.936314296722412,10,20260510_060221,TwoRobotPlacePlateRack
xskill,xskill,unknown,xskill,30,seen,L0_TwoRobotPlaceFileFolder-v1,L0,TwoRobotPlaceFileFolder,0.9,0.9452212899923323,10,20260510_061154,TwoRobotPlaceFileFolder
xskill,xskill,unknown,xskill,30,seen,L0_TwoRobotFoldTowel-v1,L0,TwoRobotFoldTowel,0.8,0.8681908182799816,10,20260510_062421,TwoRobotFoldTowel
xskill,xskill,unknown,xskill,30,seen,L0_TwoRobotPlaceMugRack-v1,L0,TwoRobotPlaceMugRack,0.9,1.0,10,20260510_063312,TwoRobotPlaceMugRack
xskill,xskill,unknown,xskill,30,seen,L1_TwoRobotStirSpoon-v1,L1,TwoRobotStirSpoon,0.4,0.5898889020085335,10,20260510_054727,TwoRobotStirSpoon
xskill,xskill,unknown,xskill,30,seen,L1_TwoRobotPlacePlateRack-v1,L1,TwoRobotPlacePlateRack,0.9,0.9273584634065628,10,20260510_060228,TwoRobotPlacePlateRack
xskill,xskill,unknown,xskill,30,seen,L1_TwoRobotPlaceFileFolder-v1,L1,TwoRobotPlaceFileFolder,1.0,1.0,10,20260510_061155,TwoRobotPlaceFileFolder
xskill,xskill,unknown,xskill,30,seen,L1_TwoRobotFoldTowel-v1,L1,TwoRobotFoldTowel,1.0,1.0,10,20260510_062428,TwoRobotFoldTowel
xskill,xskill,unknown,xskill,30,seen,L1_TwoRobotPlaceMugRack-v1,L1,TwoRobotPlaceMugRack,1.0,1.0,10,20260510_063320,TwoRobotPlaceMugRack
xskill,xskill,unknown,xskill,30,seen,L2_TwoRobotStirSpoon-v1,L2,TwoRobotStirSpoon,0.9,0.986598151922226,10,20260510_054732,TwoRobotStirSpoon
xskill,xskill,unknown,xskill,30,seen,L2_TwoRobotPlacePlateRack-v1,L2,TwoRobotPlacePlateRack,0.7,1.0,10,20260510_060205,TwoRobotPlacePlateRack
xskill,xskill,unknown,xskill,30,seen,L2_TwoRobotPlaceFileFolder-v1,L2,TwoRobotPlaceFileFolder,0.5,0.6190738946199417,10,20260510_061134,TwoRobotPlaceFileFolder
xskill,xskill,unknown,xskill,30,seen,L2_TwoRobotFoldTowel-v1,L2,TwoRobotFoldTowel,1.0,1.0,10,20260510_062442,TwoRobotFoldTowel
xskill,xskill,unknown,xskill,30,seen,L2_TwoRobotPlaceMugRack-v1,L2,TwoRobotPlaceMugRack,1.0,1.0,10,20260510_063333,TwoRobotPlaceMugRack
xskill,xskill,unknown,xskill,30,seen,L3_TwoRobotStirSpoon-v1,L3,TwoRobotStirSpoon,0.6,0.7423744797706604,10,20260510_054724,TwoRobotStirSpoon
xskill,xskill,unknown,xskill,30,seen,L3_TwoRobotPlacePlateRack-v1,L3,TwoRobotPlacePlateRack,0.9,1.0,10,20260510_055639,TwoRobotPlacePlateRack
xskill,xskill,unknown,xskill,30,seen,L3_TwoRobotPlaceFileFolder-v1,L3,TwoRobotPlaceFileFolder,0.6,0.7325942397117615,10,20260510_060440,TwoRobotPlaceFileFolder
xskill,xskill,unknown,xskill,30,seen,L3_TwoRobotFoldTowel-v1,L3,TwoRobotFoldTowel,0.3,0.8649541795253753,10,20260510_061756,TwoRobotFoldTowel
xskill,xskill,unknown,xskill,30,seen,L3_TwoRobotPlaceMugRack-v1,L3,TwoRobotPlaceMugRack,0.2,1.0,10,20260510_062615,TwoRobotPlaceMugRack
xskill,xskill,unknown,xskill,30,unseen,L0_TwoRobotPickRemoteControl-v1,L0,TwoRobotPickRemoteControl,0.0,0.2477315485477447,10,20260510_074343,TwoRobotPickRemoteControl
xskill,xskill,unknown,xskill,30,unseen,L0_TwoRobotScanMilkBox-v1,L0,TwoRobotScanMilkBox,0.0,0.2863820776343345,10,20260510_080450,TwoRobotScanMilkBox
xskill,xskill,unknown,xskill,30,unseen,L0_TwoRobotPourKettle-v1,L0,TwoRobotPourKettle,0.2,0.7354407027363777,10,20260510_082357,TwoRobotPourKettle
xskill,xskill,unknown,xskill,30,unseen,L0_TwoRobotPickFood-v1,L0,TwoRobotPickFood,0.0,0.1773276567459106,10,20260510_084701,TwoRobotPickFood
xskill,xskill,unknown,xskill,30,unseen,L0_TwoRobotFoldBox-v1,L0,TwoRobotFoldBox,0.1,0.1181592738023027,10,20260510_090716,TwoRobotFoldBox
xskill,xskill,unknown,xskill,30,unseen,L1_TwoRobotPickRemoteControl-v1,L1,TwoRobotPickRemoteControl,0.0,0.1577684119343757,10,20260510_074341,TwoRobotPickRemoteControl
xskill,xskill,unknown,xskill,30,unseen,L1_TwoRobotScanMilkBox-v1,L1,TwoRobotScanMilkBox,0.0,0.32613126039505,10,20260510_080433,TwoRobotScanMilkBox
xskill,xskill,unknown,xskill,30,unseen,L1_TwoRobotPourKettle-v1,L1,TwoRobotPourKettle,0.3,0.5025291636586189,10,20260510_082354,TwoRobotPourKettle
xskill,xskill,unknown,xskill,30,unseen,L1_TwoRobotPickFood-v1,L1,TwoRobotPickFood,0.0,0.1443003684282303,10,20260510_084721,TwoRobotPickFood
xskill,xskill,unknown,xskill,30,unseen,L1_TwoRobotFoldBox-v1,L1,TwoRobotFoldBox,1.0,1.0,10,20260510_090714,TwoRobotFoldBox
xskill,xskill,unknown,xskill,30,unseen,L2_TwoRobotPickRemoteControl-v1,L2,TwoRobotPickRemoteControl,0.0,0.0078150296583771,10,20260510_074305,TwoRobotPickRemoteControl
xskill,xskill,unknown,xskill,30,unseen,L2_TwoRobotScanMilkBox-v1,L2,TwoRobotScanMilkBox,0.0,0.191772524267435,10,20260510_080237,TwoRobotScanMilkBox
xskill,xskill,unknown,xskill,30,unseen,L2_TwoRobotPourKettle-v1,L2,TwoRobotPourKettle,0.0,0.0044300755020231,10,20260510_082127,TwoRobotPourKettle
xskill,xskill,unknown,xskill,30,unseen,L2_TwoRobotPickFood-v1,L2,TwoRobotPickFood,0.0,0.0080478310585021,10,20260510_084507,TwoRobotPickFood
xskill,xskill,unknown,xskill,30,unseen,L2_TwoRobotFoldBox-v1,L2,TwoRobotFoldBox,0.2,0.2142802914837375,10,20260510_090638,TwoRobotFoldBox
xskill,xskill,unknown,xskill,30,unseen,L3_TwoRobotPickRemoteControl-v1,L3,TwoRobotPickRemoteControl,0.0,0.2697839125990867,10,20260510_074319,TwoRobotPickRemoteControl
xskill,xskill,unknown,xskill,30,unseen,L3_TwoRobotScanMilkBox-v1,L3,TwoRobotScanMilkBox,0.0,0.1770314991474151,10,20260510_075952,TwoRobotScanMilkBox
xskill,xskill,unknown,xskill,30,unseen,L3_TwoRobotPourKettle-v1,L3,TwoRobotPourKettle,0.0,0.1548792272806167,10,20260510_081645,TwoRobotPourKettle
xskill,xskill,unknown,xskill,30,unseen,L3_TwoRobotPickFood-v1,L3,TwoRobotPickFood,0.0,0.1919039756059646,10,20260510_084001,TwoRobotPickFood
xskill,xskill,unknown,xskill,30,unseen,L3_TwoRobotFoldBox-v1,L3,TwoRobotFoldBox,0.0,0.0233832796104252,10,20260510_090200,TwoRobotFoldBox
xskill,xskill,unknown,xskill,30,unseen_finetune,L0_TwoRobotPickRemoteControl-v1,L0,TwoRobotPickRemoteControl,1.0,1.0,10,20260510_091626,TwoRobotPickRemoteControl
xskill,xskill,unknown,xskill,30,unseen_finetune,L0_TwoRobotScanMilkBox-v1,L0,TwoRobotScanMilkBox,1.0,1.0,10,20260510_092944,TwoRobotScanMilkBox
xskill,xskill,unknown,xskill,30,unseen_finetune,L0_TwoRobotPourKettle-v1,L0,TwoRobotPourKettle,1.0,1.0,10,20260510_093928,TwoRobotPourKettle
xskill,xskill,unknown,xskill,30,unseen_finetune,L0_TwoRobotPickFood-v1,L0,TwoRobotPickFood,0.8,0.9487261176109314,10,20260510_095052,TwoRobotPickFood
xskill,xskill,unknown,xskill,30,unseen_finetune,L0_TwoRobotFoldBox-v1,L0,TwoRobotFoldBox,1.0,1.0,10,20260510_095859,TwoRobotFoldBox
xskill,xskill,unknown,xskill,30,unseen_finetune,L1_TwoRobotPickRemoteControl-v1,L1,TwoRobotPickRemoteControl,1.0,1.0,10,20260510_091624,TwoRobotPickRemoteControl
xskill,xskill,unknown,xskill,30,unseen_finetune,L1_TwoRobotScanMilkBox-v1,L1,TwoRobotScanMilkBox,0.8,0.9302070081233978,10,20260510_092934,TwoRobotScanMilkBox
xskill,xskill,unknown,xskill,30,unseen_finetune,L1_TwoRobotPourKettle-v1,L1,TwoRobotPourKettle,1.0,1.0,10,20260510_093907,TwoRobotPourKettle
xskill,xskill,unknown,xskill,30,unseen_finetune,L1_TwoRobotPickFood-v1,L1,TwoRobotPickFood,1.0,1.0,10,20260510_095023,TwoRobotPickFood
xskill,xskill,unknown,xskill,30,unseen_finetune,L1_TwoRobotFoldBox-v1,L1,TwoRobotFoldBox,0.7,0.8040351033210754,10,20260510_095825,TwoRobotFoldBox
xskill,xskill,unknown,xskill,30,unseen_finetune,L2_TwoRobotPickRemoteControl-v1,L2,TwoRobotPickRemoteControl,0.7,0.7027893686667085,10,20260510_091612,TwoRobotPickRemoteControl
xskill,xskill,unknown,xskill,30,unseen_finetune,L2_TwoRobotScanMilkBox-v1,L2,TwoRobotScanMilkBox,0.4,0.5168185189366341,10,20260510_092820,TwoRobotScanMilkBox
xskill,xskill,unknown,xskill,30,unseen_finetune,L2_TwoRobotPourKettle-v1,L2,TwoRobotPourKettle,0.0,0.0163453180342912,10,20260510_093801,TwoRobotPourKettle
xskill,xskill,unknown,xskill,30,unseen_finetune,L2_TwoRobotPickFood-v1,L2,TwoRobotPickFood,0.1,0.56366136521101,10,20260510_094918,TwoRobotPickFood
xskill,xskill,unknown,xskill,30,unseen_finetune,L2_TwoRobotFoldBox-v1,L2,TwoRobotFoldBox,1.0,1.0,10,20260510_095739,TwoRobotFoldBox
xskill,xskill,unknown,xskill,30,unseen_finetune,L3_TwoRobotPickRemoteControl-v1,L3,TwoRobotPickRemoteControl,0.9,0.9450725942850112,10,20260510_091626,TwoRobotPickRemoteControl
xskill,xskill,unknown,xskill,30,unseen_finetune,L3_TwoRobotScanMilkBox-v1,L3,TwoRobotScanMilkBox,0.6,0.7355390578508377,10,20260510_092643,TwoRobotScanMilkBox
xskill,xskill,unknown,xskill,30,unseen_finetune,L3_TwoRobotPourKettle-v1,L3,TwoRobotPourKettle,0.9,0.9713272154331208,10,20260510_093614,TwoRobotPourKettle
xskill,xskill,unknown,xskill,30,unseen_finetune,L3_TwoRobotPickFood-v1,L3,TwoRobotPickFood,0.9,0.976771241426468,10,20260510_094730,TwoRobotPickFood
xskill,xskill,unknown,xskill,30,unseen_finetune,L3_TwoRobotFoldBox-v1,L3,TwoRobotFoldBox,1.0,1.0,10,20260510_095604,TwoRobotFoldBox
xskill,xskill,unknown,xskill,30,unseen_scratch,L0_TwoRobotPickRemoteControl-v1,L0,TwoRobotPickRemoteControl,1.0,1.0,10,20260516_083906,TwoRobotPickRemoteControl
xskill,xskill,unknown,xskill,30,unseen_scratch,L0_TwoRobotScanMilkBox-v1,L0,TwoRobotScanMilkBox,0.0,0.5251259803771973,10,20260516_092354,TwoRobotScanMilkBox
xskill,xskill,unknown,xskill,30,unseen_scratch,L0_TwoRobotPourKettle-v1,L0,TwoRobotPourKettle,0.8,0.8412003800272941,10,20260516_100005,TwoRobotPourKettle
xskill,xskill,unknown,xskill,30,unseen_scratch,L0_TwoRobotPickFood-v1,L0,TwoRobotPickFood,0.0,0.451299586892128,10,20260516_103909,TwoRobotPickFood
xskill,xskill,unknown,xskill,30,unseen_scratch,L0_TwoRobotFoldBox-v1,L0,TwoRobotFoldBox,0.3,0.3139593168161809,10,20260516_111349,TwoRobotFoldBox
xskill,xskill,unknown,xskill,30,unseen_scratch,L1_TwoRobotPickRemoteControl-v1,L1,TwoRobotPickRemoteControl,0.9,0.94453347325325,10,20260516_083906,TwoRobotPickRemoteControl
xskill,xskill,unknown,xskill,30,unseen_scratch,L1_TwoRobotScanMilkBox-v1,L1,TwoRobotScanMilkBox,0.0,0.4708620578050613,10,20260516_092338,TwoRobotScanMilkBox
xskill,xskill,unknown,xskill,30,unseen_scratch,L1_TwoRobotPourKettle-v1,L1,TwoRobotPourKettle,0.9,0.9679749310016632,10,20260516_095947,TwoRobotPourKettle
xskill,xskill,unknown,xskill,30,unseen_scratch,L1_TwoRobotPickFood-v1,L1,TwoRobotPickFood,0.0,0.4272621214389801,10,20260516_103848,TwoRobotPickFood
xskill,xskill,unknown,xskill,30,unseen_scratch,L1_TwoRobotFoldBox-v1,L1,TwoRobotFoldBox,1.0,1.0,10,20260516_111332,TwoRobotFoldBox
xskill,xskill,unknown,xskill,30,unseen_scratch,L2_TwoRobotPickRemoteControl-v1,L2,TwoRobotPickRemoteControl,0.3,0.3057454895693808,10,20260516_083906,TwoRobotPickRemoteControl
xskill,xskill,unknown,xskill,30,unseen_scratch,L2_TwoRobotScanMilkBox-v1,L2,TwoRobotScanMilkBox,0.0,0.1183463245630264,10,20260516_092154,TwoRobotScanMilkBox
xskill,xskill,unknown,xskill,30,unseen_scratch,L2_TwoRobotPourKettle-v1,L2,TwoRobotPourKettle,0.0,0.0058881204109638,10,20260516_095753,TwoRobotPourKettle
xskill,xskill,unknown,xskill,30,unseen_scratch,L2_TwoRobotPickFood-v1,L2,TwoRobotPickFood,0.0,0.1209580212831497,10,20260516_103638,TwoRobotPickFood
xskill,xskill,unknown,xskill,30,unseen_scratch,L2_TwoRobotFoldBox-v1,L2,TwoRobotFoldBox,0.9,0.9010318328626454,10,20260516_111346,TwoRobotFoldBox
xskill,xskill,unknown,xskill,30,unseen_scratch,L3_TwoRobotPickRemoteControl-v1,L3,TwoRobotPickRemoteControl,0.8,0.8825580447912216,10,20260516_083906,TwoRobotPickRemoteControl
xskill,xskill,unknown,xskill,30,unseen_scratch,L3_TwoRobotScanMilkBox-v1,L3,TwoRobotScanMilkBox,0.3,0.4917795702815056,10,20260516_091823,TwoRobotScanMilkBox
xskill,xskill,unknown,xskill,30,unseen_scratch,L3_TwoRobotPourKettle-v1,L3,TwoRobotPourKettle,0.0,0.1084717594087123,10,20260516_095425,TwoRobotPourKettle
xskill,xskill,unknown,xskill,30,unseen_scratch,L3_TwoRobotPickFood-v1,L3,TwoRobotPickFood,0.0,0.4037542760372162,10,20260516_103337,TwoRobotPickFood
xskill,xskill,unknown,xskill,30,unseen_scratch,L3_TwoRobotFoldBox-v1,L3,TwoRobotFoldBox,1.0,1.0,10,20260516_111351,TwoRobotFoldBox
xskill,xskill,unknown,xskill,45,seen,L0_TwoRobotStirSpoon-v1,L0,TwoRobotStirSpoon,0.4,0.6325706943869591,10,20260510_054718,TwoRobotStirSpoon
xskill,xskill,unknown,xskill,45,seen,L0_TwoRobotPlacePlateRack-v1,L0,TwoRobotPlacePlateRack,1.0,1.0,10,20260510_060214,TwoRobotPlacePlateRack
xskill,xskill,unknown,xskill,45,seen,L0_TwoRobotPlaceFileFolder-v1,L0,TwoRobotPlaceFileFolder,1.0,1.0,10,20260510_061143,TwoRobotPlaceFileFolder
xskill,xskill,unknown,xskill,45,seen,L0_TwoRobotFoldTowel-v1,L0,TwoRobotFoldTowel,1.0,1.0,10,20260510_062411,TwoRobotFoldTowel
xskill,xskill,unknown,xskill,45,seen,L0_TwoRobotPlaceMugRack-v1,L0,TwoRobotPlaceMugRack,0.9,1.0,10,20260510_063303,TwoRobotPlaceMugRack
xskill,xskill,unknown,xskill,45,seen,L1_TwoRobotStirSpoon-v1,L1,TwoRobotStirSpoon,0.5,0.6368715196847916,10,20260510_054712,TwoRobotStirSpoon
xskill,xskill,unknown,xskill,45,seen,L1_TwoRobotPlacePlateRack-v1,L1,TwoRobotPlacePlateRack,1.0,1.0,10,20260510_060158,TwoRobotPlacePlateRack
xskill,xskill,unknown,xskill,45,seen,L1_TwoRobotPlaceFileFolder-v1,L1,TwoRobotPlaceFileFolder,0.6,0.8196356236934662,10,20260510_061128,TwoRobotPlaceFileFolder
xskill,xskill,unknown,xskill,45,seen,L1_TwoRobotFoldTowel-v1,L1,TwoRobotFoldTowel,1.0,1.0,10,20260510_062352,TwoRobotFoldTowel
xskill,xskill,unknown,xskill,45,seen,L1_TwoRobotPlaceMugRack-v1,L1,TwoRobotPlaceMugRack,1.0,1.0,10,20260510_063246,TwoRobotPlaceMugRack
xskill,xskill,unknown,xskill,45,seen,L2_TwoRobotStirSpoon-v1,L2,TwoRobotStirSpoon,0.8,0.9467006623744963,10,20260510_054730,TwoRobotStirSpoon
xskill,xskill,unknown,xskill,45,seen,L2_TwoRobotPlacePlateRack-v1,L2,TwoRobotPlacePlateRack,0.8,1.0,10,20260510_060203,TwoRobotPlacePlateRack
xskill,xskill,unknown,xskill,45,seen,L2_TwoRobotPlaceFileFolder-v1,L2,TwoRobotPlaceFileFolder,0.8,0.8475756838917732,10,20260510_061129,TwoRobotPlaceFileFolder
xskill,xskill,unknown,xskill,45,seen,L2_TwoRobotFoldTowel-v1,L2,TwoRobotFoldTowel,0.6,0.8053676068782807,10,20260510_062422,TwoRobotFoldTowel
xskill,xskill,unknown,xskill,45,seen,L2_TwoRobotPlaceMugRack-v1,L2,TwoRobotPlaceMugRack,1.0,1.0,10,20260510_063315,TwoRobotPlaceMugRack
xskill,xskill,unknown,xskill,45,seen,L3_TwoRobotStirSpoon-v1,L3,TwoRobotStirSpoon,0.7,0.7960780620574951,10,20260510_054730,TwoRobotStirSpoon
xskill,xskill,unknown,xskill,45,seen,L3_TwoRobotPlacePlateRack-v1,L3,TwoRobotPlacePlateRack,1.0,1.0,10,20260510_055646,TwoRobotPlacePlateRack
xskill,xskill,unknown,xskill,45,seen,L3_TwoRobotPlaceFileFolder-v1,L3,TwoRobotPlaceFileFolder,1.0,1.0,10,20260510_060446,TwoRobotPlaceFileFolder
xskill,xskill,unknown,xskill,45,seen,L3_TwoRobotFoldTowel-v1,L3,TwoRobotFoldTowel,0.8,0.9833333313465118,10,20260510_061757,TwoRobotFoldTowel
xskill,xskill,unknown,xskill,45,seen,L3_TwoRobotPlaceMugRack-v1,L3,TwoRobotPlaceMugRack,0.4,1.0,10,20260510_062624,TwoRobotPlaceMugRack
xskill,xskill,unknown,xskill,45,unseen,L0_TwoRobotPickRemoteControl-v1,L0,TwoRobotPickRemoteControl,0.0,0.2225823804736137,10,20260510_074318,TwoRobotPickRemoteControl
xskill,xskill,unknown,xskill,45,unseen,L0_TwoRobotScanMilkBox-v1,L0,TwoRobotScanMilkBox,0.0,0.5941046506166459,10,20260510_080443,TwoRobotScanMilkBox
xskill,xskill,unknown,xskill,45,unseen,L0_TwoRobotPourKettle-v1,L0,TwoRobotPourKettle,0.4,0.8881147086620331,10,20260510_082357,TwoRobotPourKettle
xskill,xskill,unknown,xskill,45,unseen,L0_TwoRobotPickFood-v1,L0,TwoRobotPickFood,0.0,0.1557688906788826,10,20260510_084651,TwoRobotPickFood
xskill,xskill,unknown,xskill,45,unseen,L0_TwoRobotFoldBox-v1,L0,TwoRobotFoldBox,0.1,0.117598261591047,10,20260510_090706,TwoRobotFoldBox
xskill,xskill,unknown,xskill,45,unseen,L1_TwoRobotPickRemoteControl-v1,L1,TwoRobotPickRemoteControl,0.0,0.1780107535421848,10,20260510_074329,TwoRobotPickRemoteControl
xskill,xskill,unknown,xskill,45,unseen,L1_TwoRobotScanMilkBox-v1,L1,TwoRobotScanMilkBox,0.0,0.3856778919696808,10,20260510_080432,TwoRobotScanMilkBox
xskill,xskill,unknown,xskill,45,unseen,L1_TwoRobotPourKettle-v1,L1,TwoRobotPourKettle,0.0,0.1339676678180694,10,20260510_082324,TwoRobotPourKettle
xskill,xskill,unknown,xskill,45,unseen,L1_TwoRobotPickFood-v1,L1,TwoRobotPickFood,0.0,0.1542966276407242,10,20260510_084611,TwoRobotPickFood
xskill,xskill,unknown,xskill,45,unseen,L1_TwoRobotFoldBox-v1,L1,TwoRobotFoldBox,0.3,0.3194154310971498,10,20260510_090621,TwoRobotFoldBox
xskill,xskill,unknown,xskill,45,unseen,L2_TwoRobotPickRemoteControl-v1,L2,TwoRobotPickRemoteControl,0.0,0.008076717890799,10,20260510_074243,TwoRobotPickRemoteControl
xskill,xskill,unknown,xskill,45,unseen,L2_TwoRobotScanMilkBox-v1,L2,TwoRobotScanMilkBox,0.1,0.2263891823589801,10,20260510_080211,TwoRobotScanMilkBox
xskill,xskill,unknown,xskill,45,unseen,L2_TwoRobotPourKettle-v1,L2,TwoRobotPourKettle,0.0,0.0045134663581848,10,20260510_082012,TwoRobotPourKettle
xskill,xskill,unknown,xskill,45,unseen,L2_TwoRobotPickFood-v1,L2,TwoRobotPickFood,0.0,0.045977446436882,10,20260510_084355,TwoRobotPickFood
xskill,xskill,unknown,xskill,45,unseen,L2_TwoRobotFoldBox-v1,L2,TwoRobotFoldBox,0.0,0.0032621355960145,10,20260510_090510,TwoRobotFoldBox
xskill,xskill,unknown,xskill,45,unseen,L3_TwoRobotPickRemoteControl-v1,L3,TwoRobotPickRemoteControl,0.1,0.4475675493478775,10,20260510_074343,TwoRobotPickRemoteControl
xskill,xskill,unknown,xskill,45,unseen,L3_TwoRobotScanMilkBox-v1,L3,TwoRobotScanMilkBox,0.0,0.1556791983544826,10,20260510_080013,TwoRobotScanMilkBox
xskill,xskill,unknown,xskill,45,unseen,L3_TwoRobotPourKettle-v1,L3,TwoRobotPourKettle,0.0,0.177767876535654,10,20260510_081744,TwoRobotPourKettle
xskill,xskill,unknown,xskill,45,unseen,L3_TwoRobotPickFood-v1,L3,TwoRobotPickFood,0.0,0.2659921839833259,10,20260510_084100,TwoRobotPickFood
xskill,xskill,unknown,xskill,45,unseen,L3_TwoRobotFoldBox-v1,L3,TwoRobotFoldBox,0.0,0.036369533650577,10,20260510_090320,TwoRobotFoldBox
xskill,xskill,unknown,xskill,45,unseen_finetune,L0_TwoRobotPickRemoteControl-v1,L0,TwoRobotPickRemoteControl,1.0,1.0,10,20260510_091629,TwoRobotPickRemoteControl
xskill,xskill,unknown,xskill,45,unseen_finetune,L0_TwoRobotScanMilkBox-v1,L0,TwoRobotScanMilkBox,1.0,1.0,10,20260510_092949,TwoRobotScanMilkBox
xskill,xskill,unknown,xskill,45,unseen_finetune,L0_TwoRobotPourKettle-v1,L0,TwoRobotPourKettle,1.0,1.0,10,20260510_093927,TwoRobotPourKettle
xskill,xskill,unknown,xskill,45,unseen_finetune,L0_TwoRobotPickFood-v1,L0,TwoRobotPickFood,0.9,0.9710599422454834,10,20260510_095046,TwoRobotPickFood
xskill,xskill,unknown,xskill,45,unseen_finetune,L0_TwoRobotFoldBox-v1,L0,TwoRobotFoldBox,0.5,0.5040461845928803,10,20260510_095859,TwoRobotFoldBox
xskill,xskill,unknown,xskill,45,unseen_finetune,L1_TwoRobotPickRemoteControl-v1,L1,TwoRobotPickRemoteControl,1.0,1.0,10,20260510_091628,TwoRobotPickRemoteControl
xskill,xskill,unknown,xskill,45,unseen_finetune,L1_TwoRobotScanMilkBox-v1,L1,TwoRobotScanMilkBox,0.6,0.8577050745487214,10,20260510_092940,TwoRobotScanMilkBox
xskill,xskill,unknown,xskill,45,unseen_finetune,L1_TwoRobotPourKettle-v1,L1,TwoRobotPourKettle,1.0,1.0,10,20260510_093921,TwoRobotPourKettle
xskill,xskill,unknown,xskill,45,unseen_finetune,L1_TwoRobotPickFood-v1,L1,TwoRobotPickFood,1.0,1.0,10,20260510_095046,TwoRobotPickFood
xskill,xskill,unknown,xskill,45,unseen_finetune,L1_TwoRobotFoldBox-v1,L1,TwoRobotFoldBox,1.0,1.0,10,20260510_095845,TwoRobotFoldBox
xskill,xskill,unknown,xskill,45,unseen_finetune,L2_TwoRobotPickRemoteControl-v1,L2,TwoRobotPickRemoteControl,0.9,0.9010644746012986,10,20260510_091606,TwoRobotPickRemoteControl
xskill,xskill,unknown,xskill,45,unseen_finetune,L2_TwoRobotScanMilkBox-v1,L2,TwoRobotScanMilkBox,0.3,0.4276975743472576,10,20260510_092813,TwoRobotScanMilkBox
xskill,xskill,unknown,xskill,45,unseen_finetune,L2_TwoRobotPourKettle-v1,L2,TwoRobotPourKettle,0.0,0.0156434971839189,10,20260510_093753,TwoRobotPourKettle
xskill,xskill,unknown,xskill,45,unseen_finetune,L2_TwoRobotPickFood-v1,L2,TwoRobotPickFood,0.0,0.4683593869209289,10,20260510_094909,TwoRobotPickFood
xskill,xskill,unknown,xskill,45,unseen_finetune,L2_TwoRobotFoldBox-v1,L2,TwoRobotFoldBox,1.0,1.0,10,20260510_095729,TwoRobotFoldBox
xskill,xskill,unknown,xskill,45,unseen_finetune,L3_TwoRobotPickRemoteControl-v1,L3,TwoRobotPickRemoteControl,1.0,1.0,10,20260510_091634,TwoRobotPickRemoteControl
xskill,xskill,unknown,xskill,45,unseen_finetune,L3_TwoRobotScanMilkBox-v1,L3,TwoRobotScanMilkBox,0.7,0.8427091240882874,10,20260510_092651,TwoRobotScanMilkBox
xskill,xskill,unknown,xskill,45,unseen_finetune,L3_TwoRobotPourKettle-v1,L3,TwoRobotPourKettle,0.6,0.738886646926403,10,20260510_093621,TwoRobotPourKettle
xskill,xskill,unknown,xskill,45,unseen_finetune,L3_TwoRobotPickFood-v1,L3,TwoRobotPickFood,0.6,0.902180552482605,10,20260510_094746,TwoRobotPickFood
xskill,xskill,unknown,xskill,45,unseen_finetune,L3_TwoRobotFoldBox-v1,L3,TwoRobotFoldBox,1.0,1.0,10,20260510_095620,TwoRobotFoldBox
xskill,xskill,unknown,xskill,45,unseen_scratch,L0_TwoRobotPickRemoteControl-v1,L0,TwoRobotPickRemoteControl,1.0,1.0,10,20260515_160334,TwoRobotPickRemoteControl
xskill,xskill,unknown,xskill,45,unseen_scratch,L0_TwoRobotScanMilkBox-v1,L0,TwoRobotScanMilkBox,0.2,0.5786666184663772,10,20260515_163548,TwoRobotScanMilkBox
xskill,xskill,unknown,xskill,45,unseen_scratch,L0_TwoRobotPourKettle-v1,L0,TwoRobotPourKettle,0.5,0.6428804412484169,10,20260515_170052,TwoRobotPourKettle
xskill,xskill,unknown,xskill,45,unseen_scratch,L0_TwoRobotPickFood-v1,L0,TwoRobotPickFood,0.0,0.4951458871364593,10,20260515_172851,TwoRobotPickFood
xskill,xskill,unknown,xskill,45,unseen_scratch,L0_TwoRobotFoldBox-v1,L0,TwoRobotFoldBox,1.0,1.0,10,20260515_175206,TwoRobotFoldBox
xskill,xskill,unknown,xskill,45,unseen_scratch,L1_TwoRobotPickRemoteControl-v1,L1,TwoRobotPickRemoteControl,0.9,0.9323413908481598,10,20260515_160339,TwoRobotPickRemoteControl
xskill,xskill,unknown,xskill,45,unseen_scratch,L1_TwoRobotScanMilkBox-v1,L1,TwoRobotScanMilkBox,0.0,0.4785913914442062,10,20260515_163605,TwoRobotScanMilkBox
xskill,xskill,unknown,xskill,45,unseen_scratch,L1_TwoRobotPourKettle-v1,L1,TwoRobotPourKettle,0.5,0.8086058497428894,10,20260515_170110,TwoRobotPourKettle
xskill,xskill,unknown,xskill,45,unseen_scratch,L1_TwoRobotPickFood-v1,L1,TwoRobotPickFood,0.0,0.2941093385219574,10,20260515_172859,TwoRobotPickFood
xskill,xskill,unknown,xskill,45,unseen_scratch,L1_TwoRobotFoldBox-v1,L1,TwoRobotFoldBox,1.0,1.0,10,20260515_175208,TwoRobotFoldBox
xskill,xskill,unknown,xskill,45,unseen_scratch,L2_TwoRobotPickRemoteControl-v1,L2,TwoRobotPickRemoteControl,0.2,0.2067479657940566,10,20260515_160240,TwoRobotPickRemoteControl
xskill,xskill,unknown,xskill,45,unseen_scratch,L2_TwoRobotScanMilkBox-v1,L2,TwoRobotScanMilkBox,0.0,0.1067857481539249,10,20260515_163314,TwoRobotScanMilkBox
xskill,xskill,unknown,xskill,45,unseen_scratch,L2_TwoRobotPourKettle-v1,L2,TwoRobotPourKettle,0.0,0.009130692621693,10,20260515_165831,TwoRobotPourKettle
xskill,xskill,unknown,xskill,45,unseen_scratch,L2_TwoRobotPickFood-v1,L2,TwoRobotPickFood,0.0,0.2676894590258598,10,20260515_172609,TwoRobotPickFood
xskill,xskill,unknown,xskill,45,unseen_scratch,L2_TwoRobotFoldBox-v1,L2,TwoRobotFoldBox,1.0,1.0,10,20260515_175051,TwoRobotFoldBox
xskill,xskill,unknown,xskill,45,unseen_scratch,L3_TwoRobotPickRemoteControl-v1,L3,TwoRobotPickRemoteControl,0.6,0.741493271291256,10,20260515_160325,TwoRobotPickRemoteControl
xskill,xskill,unknown,xskill,45,unseen_scratch,L3_TwoRobotScanMilkBox-v1,L3,TwoRobotScanMilkBox,0.7,0.776366637647152,10,20260515_163020,TwoRobotScanMilkBox
xskill,xskill,unknown,xskill,45,unseen_scratch,L3_TwoRobotPourKettle-v1,L3,TwoRobotPourKettle,0.0,0.0742871422320604,10,20260515_165519,TwoRobotPourKettle
xskill,xskill,unknown,xskill,45,unseen_scratch,L3_TwoRobotPickFood-v1,L3,TwoRobotPickFood,0.0,0.5084756165742874,10,20260515_172254,TwoRobotPickFood
xskill,xskill,unknown,xskill,45,unseen_scratch,L3_TwoRobotFoldBox-v1,L3,TwoRobotFoldBox,1.0,1.0,10,20260515_174910,TwoRobotFoldBox
